MAE,RMSE,sMAPE,MASE,model,horizon,series_id,seasonality_strength
29.608571428571427,30.252316086068987,3.1945838480370385,0.5160207555026347,Naive,7,T1321,0.9855413172672572
25.187142857142867,26.533225801409294,2.7219060656924468,0.43896371418831204,Naive,14,T1321,0.9855413172672572
33.21714285714287,34.16414243869484,3.5918467761774817,0.5789112519032744,SeasonalNaive,7,T1321,0.9855413172672572
28.795714285714308,30.172339035234643,3.119209104547738,0.5018542105889519,SeasonalNaive,14,T1321,0.9855413172672572
29.54847646469128,30.19350241219171,3.187992045843148,0.514973415250568,AutoETS,7,T1321,0.9855413172672572
25.12704789326272,26.47618631813818,2.715313861896007,0.4379163739362453,AutoETS,14,T1321,0.9855413172672572
30.867957098097854,31.593792161352308,3.332851483314631,0.5379694383773211,AutoTheta,7,T1321,0.9855413172672572
26.655741477773176,28.011771240247036,2.8831714435877,0.46455857855304455,AutoTheta,14,T1321,0.9855413172672572
80.57142857142806,110.0010519430214,0.8579129029546445,0.3144866397475289,Naive,7,T2316,0.9445708282737718
149.82142857142819,186.9451084447744,1.5880761090409423,0.5847834458071315,Naive,14,T2316,0.9445708282737718
131.35714285714286,159.18611299805184,1.3950455559303134,0.5127135908649906,SeasonalNaive,7,T2316,0.9445708282737718
121.90714285714277,147.4614743876223,1.2889610086909022,0.47582832274566544,SeasonalNaive,14,T2316,0.9445708282737718
80.56838540070203,109.99824897973016,0.8578802457884522,0.31447476163449584,AutoETS,7,T2316,0.9445708282737718
149.81777676655696,186.94178750365091,1.5880369230630138,0.5847691920714919,AutoETS,14,T2316,0.9445708282737718
87.70227665523713,115.50054974172204,0.9344722779967162,0.3423197872067322,AutoTheta,7,T2316,0.9445708282737718
154.942147126304,191.0425223654001,1.643074734917032,0.6047706497076814,AutoTheta,14,T2316,0.9445708282737718
251.12857142857087,256.11484867981665,1.6736703309525907,1.221335544610328,Naive,7,T2394,0.9861119375223296
470.55714285714254,522.9496137979531,3.1031195408281436,2.2885017068046904,Naive,14,T2394,0.9861119375223296
259.57142857142804,284.93950736453274,1.7292647762278908,1.2623964301478845,SeasonalNaive,7,T2394,0.9861119375223296
448.69999999999993,519.9947746990211,2.9588154186411644,2.182201952367363,SeasonalNaive,14,T2394,0.9861119375223296
251.13620092565492,256.1223296432809,1.67372162107188,1.2213726498107567,AutoETS,7,T2394,0.9861119375223296
470.5647723542266,522.9564789333202,3.1031708195017096,2.288538812005119,AutoETS,14,T2394,0.9861119375223296
248.48289765177546,253.5311354688656,1.655890476725268,1.2084686079465212,AutoTheta,7,T2394,0.9861119375223296
464.67921628720563,516.1080072753733,3.0636335152531613,2.259915072445902,AutoTheta,14,T2394,0.9861119375223296
14.582857142857165,16.8944327262817,0.9827540069049904,0.6217210176956356,Naive,7,T2998,0.9567561936149641
21.794285714285675,24.26081673339597,1.456115444840078,0.9291708313053081,Naive,14,T2998,0.9567561936149641
11.475714285714275,13.545598652593476,0.7725822820934053,0.4892520508570757,SeasonalNaive,7,T2998,0.9567561936149641
20.678571428571395,24.888769986252218,1.3812180635431845,0.8816038137876466,SeasonalNaive,14,T2998,0.9567561936149641
15.101211217364314,17.975208416111382,1.0175593676671508,0.6438203648655498,AutoETS,7,T2998,0.9567561936149641
17.658608166958533,19.91012568244094,1.1790656009393707,0.7528516348408046,AutoETS,14,T2998,0.9567561936149641
13.239154857978715,15.594461779207505,0.8924683654517882,0.5644340303891892,AutoTheta,7,T2998,0.9567561936149641
19.816544530109905,22.485178633196025,1.323321741055926,0.844852425815983,AutoTheta,14,T2998,0.9567561936149641
30.071428571428637,32.22149149691425,1.7141525248891682,1.189068131366977,Naive,7,T3564,0.9551428108336908
40.773571428571486,43.35318236794821,2.3165706630661287,1.612246464200026,Naive,14,T3564,0.9551428108336908
24.210000000000036,28.802416813276555,1.379365159146609,0.9572986993955414,SeasonalNaive,7,T3564,0.9551428108336908
34.91214285714289,39.677110799912995,1.9817916526715211,1.3804770322285906,SeasonalNaive,14,T3564,0.9551428108336908
30.070236551454823,32.220379020421724,1.7140839078428876,1.1890209971591874,AutoETS,7,T3564,0.9551428108336908
40.77237940859767,43.35206127771082,2.316502050631555,1.6121993299922366,AutoETS,14,T3564,0.9551428108336908
29.654522190248404,31.422950703769565,1.6901903251962898,1.1725830451846748,AutoTheta,7,T3564,0.9551428108336908
39.17796302513302,41.37376636120133,2.2248287455858553,1.5491537814509042,AutoTheta,14,T3564,0.9551428108336908
139.7571428571425,154.9539148078731,1.1509806894142913,0.7372934607579356,Naive,7,T1487,0.9914996760763503
210.49285714285685,237.97153941475528,1.7266405792564097,1.1104620768207927,Naive,14,T1487,0.9914996760763503
369.6000000000001,378.6422472843879,3.0813330772161027,1.9498371068925036,SeasonalNaive,7,T1487,0.9914996760763503
440.33571428571446,462.116369852567,3.6568006654556777,2.3230057229553607,SeasonalNaive,14,T1487,0.9914996760763503
139.7728743870118,154.96810365072304,1.1511111648427457,0.7373764529675875,AutoETS,7,T1487,0.9914996760763503
210.50858867272615,237.98545453083534,1.72677104760147,1.1105450690304446,AutoETS,14,T1487,0.9914996760763503
138.62849768498978,154.1986913063421,1.1416288463387356,0.7313392555707645,AutoTheta,7,T1487,0.9914996760763503
205.52780728056536,233.3921400488637,1.6854854028202655,1.0842687909466924,AutoTheta,14,T1487,0.9914996760763503
143.69999999999996,150.06052588396255,2.7272354945033825,0.39250817965060236,Naive,7,T1310,0.9870453035681932
135.92142857142855,143.59556051633348,2.580844425334066,0.3712614648857398,Naive,14,T1310,0.9870453035681932
131.20000000000022,140.17263845497314,2.48931206763951,0.35836515776032796,SeasonalNaive,7,T1310,0.9870453035681932
127.00714285714301,136.988114708644,2.411047641398881,0.3469126127034184,SeasonalNaive,14,T1310,0.9870453035681932
132.3016476043966,140.25189950197526,2.5079835294796244,0.36137424402211,AutoETS,7,T1310,0.9870453035681932
114.55166892360369,125.1242148031039,2.170304528860717,0.31289121117009167,AutoETS,14,T1310,0.9870453035681932
143.75189530276086,149.71432518214849,2.7282783967563424,0.3926499286472558,AutoTheta,7,T1310,0.9870453035681932
135.75743184161345,143.36564319759682,2.5777266374535093,0.37081351737085894,AutoTheta,14,T1310,0.9870453035681932
75.75714285714275,112.73880685650572,0.4493029012363191,0.4184990795667274,Naive,7,T681,0.9940521375701602
59.521428571428,90.3898263870757,0.35369917630529096,0.32880943145667646,Naive,14,T681,0.9940521375701602
237.51428571428656,291.51370955264457,1.42289527152175,1.3120810290168665,SeasonalNaive,7,T681,0.9940521375701602
205.70714285714323,261.95735885281664,1.2341983910266032,1.1363713928382255,SeasonalNaive,14,T681,0.9940521375701602
77.24370728055354,112.67298541424606,0.4581548708747882,0.42671118761952465,AutoETS,7,T681,0.9940521375701602
60.43994710238466,92.31102572063972,0.3591634715131419,0.33388352936049015,AutoETS,14,T681,0.9940521375701602
73.55113426508355,106.91193457808981,0.43615891071128854,0.40631260406785596,AutoTheta,7,T681,0.9940521375701602
59.39976591809344,88.83219089891487,0.3529557073574699,0.32813734026477165,AutoTheta,14,T681,0.9940521375701602
33.11428571428561,41.35891681366871,0.3743724622164567,0.14116806844866836,Naive,7,T2614,0.9913426358251989
61.75,96.59477581259617,0.7047730852439817,0.26324373419731273,Naive,14,T2614,0.9913426358251989
64.71428571428598,82.8284285220272,0.7352927150174692,0.2758806514549061,SeasonalNaive,7,T2614,0.9913426358251989
87.66428571428592,110.77420083859138,1.000940493342066,0.373717796391397,SeasonalNaive,14,T2614,0.9913426358251989
33.11566136818016,41.36045801927317,0.37438805003386527,0.1411739329388411,AutoETS,7,T2614,0.9913426358251989
61.75,96.59368804704037,0.7047730861774267,0.26324373419731273,AutoETS,14,T2614,0.9913426358251989
32.88683718027226,41.506574871948516,0.37180526021750293,0.14019844251455696,AutoTheta,7,T2614,0.9913426358251989
64.29344835596319,101.05687154833427,0.7335815398546257,0.2740865980509446,AutoTheta,14,T2614,0.9913426358251989
2108.5714285714284,2309.013394751719,5.098778033138203,43.9952053068494,Naive,7,T2194,0.9664462666556688
2237.1428571428573,2375.575118336009,5.409344251566011,46.67783977677925,Naive,14,T2194,0.9664462666556688
2144.285714285714,2345.2413826421243,5.18239013942552,44.74038154849658,SeasonalNaive,7,T2194,0.9664462666556688
2274.285714285714,2408.129090037682,5.4963174956727245,47.45282306809231,SeasonalNaive,14,T2194,0.9664462666556688
5558.416857174205,8078.649791538365,12.687859796485448,115.97600512784705,AutoETS,7,T2194,0.9664462666556688
5515.110025572963,8077.969548397254,12.592473864903967,115.07241091155976,AutoETS,14,T2194,0.9664462666556688
2099.5780041093626,2303.4920510390384,5.077661949455976,43.80755809212436,AutoTheta,7,T2194,0.9664462666556688
2230.616156039789,2373.6571065137196,5.394008315402356,46.54166058402576,AutoTheta,14,T2194,0.9664462666556688
266.4714285714287,270.9357620227666,2.3465904878678585,0.8900632559768433,Naive,7,T1388,0.9916375250015166
384.6285714285715,415.89853501614,3.3614712439059975,1.2847297005264848,Naive,14,T1388,0.9916375250015166
432.27142857142877,457.8841665749104,3.8405774455700805,1.4438655477726532,SeasonalNaive,7,T1388,0.9916375250015166
550.4285714285716,590.5373775517637,4.855075590863217,1.8385319923222947,SeasonalNaive,14,T1388,0.9916375250015166
258.67717367607867,263.18765899385005,2.2771480958168637,0.8640290206096204,AutoETS,7,T1388,0.9916375250015166
374.09867701950276,405.30859552281083,3.267688899340731,1.2495579293798615,AutoETS,14,T1388,0.9916375250015166
271.77156513274997,277.4314430488964,2.3938751313668045,0.9077666804309475,AutoTheta,7,T1388,0.9916375250015166
383.8804358187508,414.38870300236215,3.3548606064695554,1.282230790904695,AutoTheta,14,T1388,0.9916375250015166
382.9285714285722,409.87921740086244,2.621995820501035,1.065787146024151,Naive,7,T1540,0.9901854328675375
506.24285714285764,544.058544643865,3.4491922961705326,1.4090020180435667,Naive,14,T1540,0.9901854328675375
534.0714285714288,566.0200034324886,3.680812303544443,1.4864559766503571,SeasonalNaive,7,T1540,0.9901854328675375
657.3857142857142,695.3952391060989,4.50783259491414,1.8296708486697728,SeasonalNaive,14,T1540,0.9901854328675375
368.4837898604146,395.4435396286513,2.5216667888919946,1.0255836624735888,AutoETS,7,T1540,0.9901854328675375
479.15169757910775,515.7339208913786,3.2611700475392325,1.3336004633196208,AutoETS,14,T1540,0.9901854328675375
385.4874921298363,414.0775700224466,2.6397974238585027,1.0729092700822436,AutoTheta,7,T1540,0.9901854328675375
500.6859518745713,538.5783960796066,3.410620985514006,1.3935357440475606,AutoTheta,14,T1540,0.9901854328675375
57.58571428571356,62.18707950324387,0.4117892822355987,0.41658022796730154,Naive,7,T3573,0.9909406137500104
121.84285714285657,142.45158074638113,0.8682049333184578,0.8814221692714322,Naive,14,T3573,0.9909406137500104
137.11428571428561,141.04872511704187,0.9840258732107379,0.9918970548325994,SeasonalNaive,7,T3573,0.9909406137500104
201.37142857142862,213.74021280851343,1.4404277444831681,1.45673899613673,SeasonalNaive,14,T3573,0.9909406137500104
40.58672511030454,45.75661411307015,0.2900246905550589,0.2936080138731818,AutoETS,7,T3573,0.9909406137500104
98.87603881531686,120.01665465093043,0.7037312670099012,0.7152781432183648,AutoETS,14,T3573,0.9909406137500104
51.7810362029065,55.8885140272458,0.37021223657748836,0.3745886654937512,AutoTheta,7,T3573,0.9909406137500104
108.811833036955,127.3402032747228,0.7748802114257244,0.7871545707877119,AutoTheta,14,T3573,0.9909406137500104
190.0999999999993,203.87976498767176,1.635903706299891,0.8123524809713617,Naive,7,T3295,0.9870327214863361
215.8642857142851,224.46199646519804,1.8564387863368381,0.92245075251505,Naive,14,T3295,0.9870327214863361
272.1428571428569,292.0869537850472,2.3537918965819045,1.1629454244010282,SeasonalNaive,7,T3295,0.9870327214863361
297.9071428571427,317.13832380929813,2.5743010139040976,1.2730436959447164,SeasonalNaive,14,T3295,0.9870327214863361
190.09282175009216,203.8730719156918,1.6358413522821253,0.8123218062258536,AutoETS,7,T3295,0.9870327214863361
215.85710746437795,224.4550931769918,1.8563764333299644,0.9224200777695418,AutoETS,14,T3295,0.9870327214863361
188.99485698136544,202.56191350164315,1.62633020857705,0.8076298840591292,AutoTheta,7,T3295,0.9870327214863361
212.44475482146132,220.89592434567402,1.8267675409724164,0.907838104411191,AutoTheta,14,T3295,0.9870327214863361
22.327142857142917,28.927110615673858,2.186376921487077,0.7201923749797263,Naive,7,T2757,0.9296068130910846
35.85285714285719,40.77983675438498,3.5262494349346216,1.1564826946616014,Naive,14,T2757,0.9296068130910846
18.612857142857138,24.10978491342113,1.8270027110889535,0.6003830349741395,SeasonalNaive,7,T2757,0.9296068130910846
32.08428571428571,37.50052666296835,3.1616276372321837,1.034922295071318,SeasonalNaive,14,T2757,0.9296068130910846
22.326228798255215,28.926405112979452,2.1862890454730444,0.7201628907664789,AutoETS,7,T2757,0.9296068130910846
35.85194308396949,40.77903313351544,3.5261615766655776,1.1564532104483538,AutoETS,14,T2757,0.9296068130910846
21.86839387871029,28.771219098675633,2.142246845504137,0.7053948024281976,AutoTheta,7,T2757,0.9296068130910846
35.38371301763949,40.440333647732665,3.481130286085815,1.1413498125051085,AutoTheta,14,T2757,0.9296068130910846
52.3999999999999,61.18015551280839,1.3870583862397887,0.23803816377683937,Naive,7,T3139,0.9763289142465224
58.27142857142852,69.61580280367373,1.5394123840368905,0.2647103789655749,Naive,14,T3139,0.9763289142465224
46.22857142857148,56.099095994753526,1.220851220871978,0.21000313467335183,SeasonalNaive,7,T3139,0.9763289142465224
61.24285714285718,75.03769528900605,1.614310272674796,0.2782087263116993,SeasonalNaive,14,T3139,0.9763289142465224
52.39582194246135,61.17609966625005,1.3869484830706678,0.2380191840603388,AutoETS,7,T3139,0.9763289142465224
58.27003588558234,69.61318074050517,1.539375754458174,0.26470405239340805,AutoETS,14,T3139,0.9763289142465224
52.86729947248724,61.38335063929354,1.3993651989849,0.24016097118838084,AutoTheta,7,T3139,0.9763289142465224
59.04582098892911,69.7124361171405,1.5598016227011833,0.26822822150573805,AutoTheta,14,T3139,0.9763289142465224
73.81428571428543,94.73030138239783,1.3520947329323982,0.29263734573884076,Naive,7,T3604,0.9863441669952303
127.1785714285711,144.71318184602222,2.339348673278649,0.5042004974724275,Naive,14,T3604,0.9863441669952303
99.3285714285712,113.94530642875463,1.8166496201031637,0.3937889423112372,SeasonalNaive,7,T3604,0.9863441669952303
130.70714285714277,142.87192316397017,2.402991380455608,0.518189548062228,SeasonalNaive,14,T3604,0.9863441669952303
80.19272639027726,102.08023795151993,1.4674505524044736,0.3179247265122574,AutoETS,7,T3604,0.9863441669952303
137.65192426162926,155.99922090971864,2.528759436499467,0.5457221913341802,AutoETS,14,T3604,0.9863441669952303
74.10187175896355,95.82797330559391,1.3572976925433038,0.293777482989669,AutoTheta,7,T3604,0.9863441669952303
127.80410402571195,145.8026222019171,2.350669694229545,0.5066804266233912,AutoTheta,14,T3604,0.9863441669952303
22.15428571428572,26.361661556131104,2.888628001309383,0.7115113429977565,Naive,7,T2255,0.9906814021884256
24.788571428571426,29.127891395410977,3.249836492819021,0.7961145746516035,Naive,14,T2255,0.9906814021884256
20.364285714285725,23.775210078687316,2.6555581964673802,0.6540233553284125,SeasonalNaive,7,T2255,0.9906814021884256
24.38857142857143,28.84746361715111,3.1966039238683255,0.7832680969601301,SeasonalNaive,14,T2255,0.9906814021884256
22.154100725401268,26.36118412343095,2.888604250681596,0.7115054018588133,AutoETS,7,T2255,0.9906814021884256
24.787831473033616,29.127065792999524,3.249741405883065,0.7960908100958306,AutoETS,14,T2255,0.9906814021884256
22.01145356302623,25.993986681671508,2.8702784496638154,0.706924117885806,AutoTheta,7,T2255,0.9906814021884256
23.581985436460325,27.870208117505566,3.094552454226444,0.7573636245753541,AutoTheta,14,T2255,0.9906814021884256
64.7000000000002,85.95768892725296,0.3955190451014853,0.33763552630218874,Naive,7,T3245,0.9897138712829331
162.01428571428576,208.25631871737838,0.9831377056317435,0.8454679849399673,Naive,14,T3245,0.9897138712829331
184.37142857142862,191.17610430475582,1.1334167355039226,0.9621382429799151,SeasonalNaive,7,T3245,0.9897138712829331
317.8999999999999,373.2277454852465,1.9429654851244742,1.6589541547367148,SeasonalNaive,14,T3245,0.9897138712829331
65.37578694260472,85.31103076167372,0.3996455169700857,0.34116210559174703,AutoETS,7,T3245,0.9897138712829331
163.3658595994948,210.364478032436,0.9913896409430911,0.8525211435190839,AutoETS,14,T3245,0.9897138712829331
65.15117123304948,85.03202518479945,0.39828586894514895,0.33998995345401256,AutoTheta,7,T3245,0.9897138712829331
165.04694500571193,210.7624388035448,1.0016603097024415,0.8612938507198111,AutoTheta,14,T3245,0.9897138712829331
222.4857142857141,228.1333820377893,2.8502971124349092,0.8455765962470732,Naive,7,T2426,0.8404422151024947
316.7571428571427,338.1078103631611,4.025464006045014,1.203863481994758,Naive,14,T2426,0.8404422151024947
431.4714285714285,452.043295966848,5.626269474336641,1.6398452508315378,SeasonalNaive,7,T2426,0.8404422151024947
525.742857142857,546.0002171637453,6.800692340031864,1.9981321365792222,SeasonalNaive,14,T2426,0.8404422151024947
222.49799387879972,228.14535765354927,2.8504567860268564,0.8456232659245307,AutoETS,7,T2426,0.8404422151024947
316.7694224502283,338.1193145577493,4.025623640325954,1.2039101516722155,AutoETS,14,T2426,0.8404422151024947
223.9364073045842,230.99521702827897,2.8692470871682816,0.8510900831198541,AutoTheta,7,T2426,0.8404422151024947
318.55135098620997,341.28696953843394,4.048866527158671,1.21068252836637,AutoTheta,14,T2426,0.8404422151024947
22.68428571428571,23.690787540428335,2.8272364199379063,0.3604058641887032,Naive,7,T1317,0.9871853456755911
21.555714285714277,22.766372758334345,2.68775631248827,0.34247522417931486,Naive,14,T1317,0.9871853456755911
20.25142857142857,21.581534435054166,2.522072239972809,0.321752851611503,SeasonalNaive,7,T1317,0.9871853456755911
19.714285714285705,21.19707661784655,2.4564380737343994,0.3132187748475409,SeasonalNaive,14,T1317,0.9871853456755911
21.505147450551412,22.66989557630836,2.678141858853214,0.34167182291044956,AutoETS,7,T1317,0.9871853456755911
19.34514810718483,20.804785647642515,2.4084834459083124,0.30735395018577266,AutoETS,14,T1317,0.9871853456755911
23.814203535350284,24.96140596275123,2.9703892911305085,0.3783578955593245,AutoTheta,7,T1317,0.9871853456755911
22.69454142743511,24.01333531849489,2.8320415634188834,0.3605688060246082,AutoTheta,14,T1317,0.9871853456755911
20.121428571428492,23.87295570903844,1.1976941819570086,0.6718501088648361,Naive,7,T991,0.9412483512092515
20.402142857142866,22.528254164810154,1.2066808631766863,0.681223097604061,Naive,14,T991,0.9412483512092515
19.734285714285665,22.405098909463792,1.1757100849784374,0.6589234933517116,SeasonalNaive,7,T991,0.9412483512092515
23.13499999999999,25.183837362199476,1.3695161525107515,0.7724726012077832,SeasonalNaive,14,T991,0.9412483512092515
17.669890645776572,22.199734276853324,1.0525306240997934,0.5899937925308022,AutoETS,7,T991,0.9412483512092515
20.548665881125153,22.949039517168117,1.2153499075683094,0.6861154693988493,AutoETS,14,T991,0.9412483512092515
17.394389721412477,21.73081259363831,1.0362385183967708,0.580794876789342,AutoTheta,7,T991,0.9412483512092515
18.421582207381203,20.717183508836484,1.0895271471455978,0.6150926097297938,AutoTheta,14,T991,0.9412483512092515
141.02857142857178,161.34992142191248,0.8606244811954891,0.7418744976964676,Naive,7,T3448,0.9918840919112695
207.08571428571472,233.7644052092991,1.2606938460011663,1.089365145726093,Naive,14,T3448,0.9918840919112695
328.72857142857174,347.91666695181107,2.0208549847894717,1.7292619597339336,SeasonalNaive,7,T3448,0.9918840919112695
394.7857142857147,419.5888702051096,2.4208731236004875,2.076752607763559,SeasonalNaive,14,T3448,0.9918840919112695
128.70256029305736,148.5379312224273,0.7850161172068051,0.6770340669445171,AutoETS,7,T3448,0.9918840919112695
190.03516629243586,216.71526858392238,1.156121848468574,0.9996714999646034,AutoETS,14,T3448,0.9918840919112695
135.30879427483757,157.27117915742508,0.8255387995851164,0.7117858655854101,AutoTheta,7,T3448,0.9918840919112695
190.43194225913106,217.23624836293604,1.1585791463169615,1.0017587222062263,AutoTheta,14,T3448,0.9918840919112695
38.199999999999946,47.12869917273628,0.62840105453028,0.18845675583995383,Naive,7,T2682,0.9896869164309356
54.857142857142925,68.99138662595095,0.8950161363316752,0.27063348632214834,Naive,14,T2682,0.9896869164309356
81.74285714285712,88.780017056607,1.3468780811281806,0.4032720856081589,SeasonalNaive,7,T2682,0.9896869164309356
91.74285714285718,99.84634623832193,1.5053786906718911,0.45260631488563413,SeasonalNaive,14,T2682,0.9896869164309356
38.739152858056904,47.96874760887883,0.6372280072903339,0.19111662491145262,AutoETS,7,T2682,0.9896869164309356
54.631042469591456,68.64663513678167,0.8913147910455015,0.2695180374862293,AutoETS,14,T2682,0.9896869164309356
39.75828111264413,48.547853827010634,0.6538989770373033,0.1961444156089485,AutoTheta,7,T2682,0.9896869164309356
53.8639091714219,66.40815455552732,0.8787684237824072,0.26573344448440106,AutoTheta,14,T2682,0.9896869164309356
254.62857142857163,336.7014743911037,2.1856827392909763,1.0209291364267683,Naive,7,T1297,0.992225993260858
515.9928571428575,617.1312797359828,4.374329085039579,2.0688650102764052,Naive,14,T1297,0.992225993260858
270.1285714285714,353.5495176472052,2.303234160242417,1.083076135586498,SeasonalNaive,7,T1297,0.992225993260858
383.33571428571435,442.5160166592844,3.2256144558765283,1.5369783428134913,SeasonalNaive,14,T1297,0.992225993260858
248.12805875189224,329.5069243753696,2.128844233710417,0.9948654360489996,AutoETS,7,T1297,0.992225993260858
503.1357341440094,603.6104173080471,4.262008247703487,2.017314583682472,AutoETS,14,T1297,0.992225993260858
251.95415190716736,328.8481949617075,2.162365674432366,1.0102060946364793,AutoTheta,7,T1297,0.992225993260858
504.84591919755104,604.7671989842029,4.277003980327536,2.0241715429783067,AutoTheta,14,T1297,0.992225993260858
166.21428571428547,194.64818446182738,1.3121261950663878,0.8510472752116458,Naive,7,T1104,0.9872807888622561
216.71428571428532,237.89469158792534,1.7085080236965322,1.1096164301642168,Naive,14,T1104,0.9872807888622561
269.85714285714283,280.9082615883189,2.1435247999856037,1.38171749280172,SeasonalNaive,7,T1104,0.9872807888622561
322.94285714285706,333.8913938051455,2.5604763557933308,1.6535259736514387,SeasonalNaive,14,T1104,0.9872807888622561
166.31842709594224,194.76882810947933,1.3129556725416167,0.8515804979651228,AutoETS,7,T1104,0.9872807888622561
216.83925537227347,238.02593251479536,1.709503376567963,1.1102562974683894,AutoETS,14,T1104,0.9872807888622561
164.63654922342099,192.8783659007111,1.2995679723848237,0.8429689783565831,AutoTheta,7,T1104,0.9872807888622561
213.44608672570342,233.8263350027843,1.6824912253604785,1.0928826588633362,AutoTheta,14,T1104,0.9872807888622561
4.091043654900001,4.40525200754479,0.8389508411101159,0.12834080682849633,Naive,7,T3300,0.9857555146310673
4.566784104107147,5.27066459441773,0.9392130273531567,0.14326533910990238,Naive,14,T3300,0.9857555146310673
5.776385012499994,6.47567933965031,1.1876391108252897,0.18121192917810705,SeasonalNaive,7,T3300,0.9857555146310673
6.211105763792854,7.333730308799889,1.2793834429952216,0.19484962573487466,SeasonalNaive,14,T3300,0.9857555146310673
4.091126849514028,4.405309340175755,0.8389679289874611,0.12834341674048672,AutoETS,7,T3300,0.9857555146310673
4.566834020875563,5.270673410683312,0.9392232803234825,0.14326690505709658,AutoETS,14,T3300,0.9857555146310673
4.679793929166449,4.823596339399519,0.9600211841334101,0.14681058901460245,AutoTheta,7,T3300,0.9857555146310673
5.0961778300975675,5.568916616123023,1.0480956667784636,0.15987303720722695,AutoTheta,14,T3300,0.9857555146310673
71.62857142857267,77.98402766867589,0.40815930687108914,0.3178510963415376,Naive,7,T2762,0.9910089008443232
93.79285714285886,125.24398759450193,0.5329921693227025,0.41620490088359935,Naive,14,T2762,0.9910089008443232
359.2142857142857,405.83920285185485,2.0690972830557937,1.5940099356816562,SeasonalNaive,7,T2762,0.9910089008443232
391.1071428571431,418.8699346370632,2.249574220856349,1.7355341823075987,SeasonalNaive,14,T2762,0.9910089008443232
75.87416982880521,81.76650857035698,0.4323921490629297,0.3366908983817816,AutoETS,7,T2762,0.9910089008443232
83.01454083884606,113.19961480254607,0.47152598816516894,0.36837622601797515,AutoETS,14,T2762,0.9910089008443232
70.82724341493407,77.257221984583,0.4035736459830425,0.31429521099321395,AutoTheta,7,T2762,0.9910089008443232
75.35582297342184,108.9538408459211,0.4278598841930173,0.33439073919972834,AutoTheta,14,T2762,0.9910089008443232
74.84285714285708,88.27809144159951,0.9932374031563881,0.29668090698606253,Naive,7,T578,0.967263386538526
112.01428571428563,126.91702576317886,1.4825014531162735,0.444030347714777,Naive,14,T578,0.967263386538526
102.6285714285715,114.39526713486512,1.3657916930230936,0.40682489707728126,SeasonalNaive,7,T578,0.967263386538526
139.58571428571435,153.8614775884929,1.8521804956672636,0.5533248982937241,SeasonalNaive,14,T578,0.967263386538526
82.27829808678689,99.23324124810311,1.0927198797667514,0.3261553745210975,AutoETS,7,T578,0.967263386538526
122.44870442384308,138.87945132888905,1.6220836830888954,0.4853929162323699,AutoETS,14,T578,0.967263386538526
88.46087275318898,105.61474156337204,1.1754898238343396,0.3506634161640839,AutoTheta,7,T578,0.967263386538526
134.89880558402294,152.40516695260075,1.7888700610269082,0.5347457528994681,AutoTheta,14,T578,0.967263386538526
69.74285714285803,75.607444833732,0.48695409503332254,0.33948597919510765,Naive,7,T2943,0.9901732182311477
302.04285714285794,391.32712475808404,2.0781468395576246,1.4702482708156674,Naive,14,T2943,0.9901732182311477
104.27142857142852,132.4057346621688,0.7294077011045427,0.5075600495995611,SeasonalNaive,7,T2943,0.9901732182311477
313.6714285714288,383.6449698056045,2.161477570434455,1.5268524467814193,SeasonalNaive,14,T2943,0.9901732182311477
70.44864697746276,76.2589762112756,0.4918962383930354,0.3429215389487888,AutoETS,7,T2943,0.9901732182311477
302.74864697746267,391.87214020276116,2.0830881246205086,1.4736838305693485,AutoETS,14,T2943,0.9901732182311477
68.6065742535042,74.16507317126973,0.479005602906158,0.33395491658686416,AutoTheta,7,T2943,0.9901732182311477
298.09212645088036,386.215959930142,2.0505055869197846,1.4510173741697945,AutoTheta,14,T2943,0.9901732182311477
144.0142857142855,193.8487591618049,0.9671523027009619,0.655963019799187,Naive,7,T1590,0.9894955138108565
224.15000000000003,262.54251764510195,1.4967428460697916,1.0209689278999268,Naive,14,T1590,0.9894955138108565
213.67142857142895,248.68531176109784,1.44042971317436,0.9732406395334264,SeasonalNaive,7,T1590,0.9894955138108565
321.7357142857146,357.79352285920464,2.1584548852903005,1.4654569140370428,SeasonalNaive,14,T1590,0.9894955138108565
139.98788509334503,188.87445012284746,0.9400509826842665,0.6376233814977943,AutoETS,7,T1590,0.9894955138108565
211.0892925673813,248.0761798651256,1.4088736563789128,0.9614794054145582,AutoETS,14,T1590,0.9894955138108565
141.49651749612116,189.52636972354316,0.9502093651367826,0.6444949710889495,AutoTheta,7,T1590,0.9894955138108565
212.93797162479885,248.8622438821537,1.4213119027704417,0.9698998554492789,AutoTheta,14,T1590,0.9894955138108565
120.27142857142904,143.4989049236469,1.3244908019373673,0.570007866538091,Naive,7,T2863,0.9940733736107484
105.90714285714304,125.39774149253496,1.1735661675432427,0.5019305521534776,Naive,14,T2863,0.9940733736107484
58.800000000000054,74.76611149826785,0.6436892403375288,0.27867352163805387,SeasonalNaive,7,T2863,0.9940733736107484
99.69285714285732,121.57759133280159,1.100317690273544,0.4724789044584938,SeasonalNaive,14,T2863,0.9940733736107484
120.26943609282664,143.4967763684171,1.3244686573065747,0.5699984234933814,AutoETS,7,T2863,0.9940733736107484
105.90674436142255,125.3971175503661,1.173561738781829,0.5019286635445357,AutoETS,14,T2863,0.9940733736107484
119.26651590847074,145.34202229417068,1.3133524051478729,0.565245238124396,AutoTheta,7,T2863,0.9940733736107484
109.64011996703097,131.10297784338292,1.2150183639380372,0.5196224208168571,AutoTheta,14,T2863,0.9940733736107484
25.714285714285715,29.47552010930912,1.3403168472341878,0.7626142066561545,Naive,7,T988,0.9843675547513313
31.266428571428587,33.65542611738646,1.6173667878237918,0.9272753241099962,Naive,14,T988,0.9843675547513313
31.604285714285748,36.40549938833813,1.644178935858321,0.9372952274363402,SeasonalNaive,7,T988,0.9843675547513313
31.66785714285715,35.27109996664611,1.6386560858038035,0.9391805792250172,SeasonalNaive,14,T988,0.9843675547513313
25.925450830036294,29.63803561214567,1.3513008656133272,0.7688767767703272,AutoETS,7,T988,0.9843675547513313
28.657526452870147,30.850345611401128,1.4820310749468641,0.8499025422449072,AutoETS,14,T988,0.9843675547513313
24.366628371634306,28.303214752806408,1.2702436515027287,0.7226464375090816,AutoTheta,7,T988,0.9843675547513313
30.954719825717575,33.445104754862086,1.601165508836216,0.9180309095281779,AutoTheta,14,T988,0.9843675547513313
62.785714285713766,72.59538552828218,0.5295675921264072,0.33321732130407616,Naive,7,T1439,0.9888638008513436
147.73571428571398,181.48788035096345,1.2388350903435839,0.7840652851572526,Naive,14,T1439,0.9888638008513436
158.25714285714275,191.59011307625278,1.3438875025588624,0.8399047748365379,SeasonalNaive,7,T1439,0.9888638008513436
243.62142857142862,285.65571560384166,2.0565957466716083,1.2929514422887625,SeasonalNaive,14,T1439,0.9888638008513436
62.25721814427691,71.96609159669792,0.5250943547541171,0.3304124783462061,AutoETS,7,T1439,0.9888638008513436
147.09760924678008,180.8827536999059,1.2334344085404827,0.7806787241504509,AutoETS,14,T1439,0.9888638008513436
62.92430727545876,73.74302325833942,0.530752140774977,0.3339528641790715,AutoTheta,7,T1439,0.9888638008513436
145.08257688517173,178.69192996398385,1.216396753277649,0.7699845129988396,AutoTheta,14,T1439,0.9888638008513436
98.92857142857156,121.2006070234682,1.2637399185525209,0.5948776891123476,Naive,7,T2025,0.9925239805466876
82.28571428571442,100.26842545316626,1.0569573079539385,0.4948007926768409,Naive,14,T2025,0.9925239805466876
51.05714285714306,65.82233663430694,0.6498514079789517,0.3070170196227489,SeasonalNaive,7,T2025,0.9925239805466876
74.21428571428585,89.62728379238112,0.9515349074033581,0.44626564547850506,SeasonalNaive,14,T2025,0.9925239805466876
98.9274431199752,121.1994096489297,1.2637253703222249,0.5948709043624951,AutoETS,7,T2025,0.9925239805466876
82.28548862399514,100.26803251425663,1.0569543984778866,0.49479943572687035,AutoETS,14,T2025,0.9925239805466876
96.20888938832026,121.26350042249253,1.2287041737650963,0.5785236859779428,AutoTheta,7,T2025,0.9925239805466876
84.75250251536545,104.10739532205572,1.0887215982028136,0.5096340937181266,AutoTheta,14,T2025,0.9925239805466876
28.745714285714225,36.75673543719566,2.5134994756826656,0.7902000322468676,Naive,7,T2531,0.9588530527407483
45.793571428571354,51.80173197600905,3.9828733331427126,1.2588339694707027,Naive,14,T2531,0.9588530527407483
41.162857142857156,46.64771009538256,3.6269589714133432,1.1315387997794106,SeasonalNaive,7,T2531,0.9588530527407483
55.065000000000005,60.31997412608388,4.81844532156512,1.5136992020162858,SeasonalNaive,14,T2531,0.9588530527407483
28.746036602638988,36.757058415460314,2.51352822742148,0.790208892518761,AutoETS,7,T2531,0.9588530527407483
45.79395820888107,51.802120268317964,3.98290782711611,1.2588446017969748,AutoETS,14,T2531,0.9588530527407483
29.272412434223497,37.10034308426899,2.560551873950894,0.8046786042454501,AutoTheta,7,T2531,0.9588530527407483
46.525324363378886,52.53649916837665,4.048201450131505,1.278949357348506,AutoTheta,14,T2531,0.9588530527407483
122.44285714285668,149.5036693290737,0.7863006069441635,0.8409971131514624,Naive,7,T726,0.992252809881977
233.59285714285656,271.1813665638336,1.493545385509919,1.6044293893006831,Naive,14,T726,0.992252809881977
125.68571428571418,161.63927210215425,0.8075348438130958,0.8632706337074539,SeasonalNaive,7,T726,0.992252809881977
229.5928571428571,277.6705846347945,1.4683494724313209,1.5769554432404358,SeasonalNaive,14,T726,0.992252809881977
114.09913860734845,140.16362085255656,0.7324363444240173,0.7836883949048452,AutoETS,7,T726,0.992252809881977
215.8257831096063,250.87863933773193,1.378900682148941,1.4823964808911827,AutoETS,14,T726,0.992252809881977
112.34904329328803,139.24428744497962,0.7211493204137301,0.7716678888401468,AutoTheta,7,T726,0.992252809881977
214.45713306154292,249.88247248178925,1.3700789467588368,1.4729959264922194,AutoTheta,14,T726,0.992252809881977
80.85714285714312,93.15471002584933,0.9703490097988487,0.3554856551044263,Naive,7,T507,0.9825207264540511
119.15714285714304,132.6419993817948,1.4340129159501351,0.5238702913826881,Naive,14,T507,0.9825207264540511
108.7428571428575,123.8117465001953,1.3076441981454747,0.4780842414584617,SeasonalNaive,7,T507,0.9825207264540511
95.58571428571447,119.13510937466899,1.1519393571546748,0.4202393141879352,SeasonalNaive,14,T507,0.9825207264540511
80.53276983004955,92.6431200058054,0.9664790293126928,0.354059560217073,AutoETS,7,T507,0.9825207264540511
118.61652114532042,132.01320243994334,1.427563084051694,0.5214934665704327,AutoETS,14,T507,0.9825207264540511
80.73241745638214,93.55738053502805,0.9688611005967934,0.35493730415816527,AutoTheta,7,T507,0.9825207264540511
120.04061273103811,133.81608862474005,1.44454851577817,0.527754436379519,AutoTheta,14,T507,0.9825207264540511
60.07142857142857,78.39164496296783,3.2521384382387537,1.1741827392943334,Naive,7,T3622,0.8980760193261496
73.61078571428571,84.21209346516517,3.979815829160257,1.4388290085166642,Naive,14,T3622,0.8980760193261496
170.42857142857142,187.4076915634544,8.832984048262968,3.331272313860023,SeasonalNaive,7,T3622,0.8980760193261496
187.53935714285714,201.8987500139966,9.746332860292332,3.665727307178331,SeasonalNaive,14,T3622,0.8980760193261496
60.074193067158504,78.39600035750622,3.2522839780609596,1.1742367753518426,AutoETS,7,T3622,0.8980760193261496
73.61539320716894,84.2174584260613,3.980058472166565,1.4389190686125128,AutoETS,14,T3622,0.8980760193261496
60.95391782450555,79.52337941257224,3.2985832916561306,1.1914322649543339,AutoTheta,7,T3622,0.8980760193261496
75.17718731034988,85.93750844514608,4.062258830138312,1.4694465876327438,AutoTheta,14,T3622,0.8980760193261496
29.441428571428528,30.054213633746183,3.147833732494961,0.9297961994926468,Naive,7,T943,0.9848839931992289
38.23071428571425,39.689387840364255,4.064786589874426,1.207372555326434,Naive,14,T943,0.9848839931992289
20.800000000000004,25.602056837014374,2.221684322336848,0.6568893524485885,SeasonalNaive,7,T943,0.9848839931992289
28.929285714285722,33.61940160511062,3.0687637478287035,0.9136221038296801,SeasonalNaive,14,T943,0.9848839931992289
29.633219853636287,30.242118968588667,3.1686782800515227,0.9358532019529708,AutoETS,7,T943,0.9848839931992289
38.42250556792201,39.87416364594919,4.085627246488377,1.2134295577867582,AutoETS,14,T943,0.9848839931992289
29.35775873479965,30.033442212328097,3.1387451263319393,0.9271538040694438,AutoTheta,7,T943,0.9848839931992289
38.31357238464212,39.836796903598994,4.073792195007178,1.2099893150836385,AutoTheta,14,T943,0.9848839931992289
388.2999999999993,407.9474668560713,1.699015717453385,1.8054819290010518,Naive,7,T3130,0.9917610355503985
596.5499999999993,650.3402323838977,2.5943707855865954,2.7737837876527895,Naive,14,T3130,0.9917610355503985
481.94285714285695,533.9947993326207,2.115826889647152,2.24089394638827,SeasonalNaive,7,T3130,0.9917610355503985
672.4785714285712,759.4421312478559,2.933447790792573,3.1268295347791155,SeasonalNaive,14,T3130,0.9917610355503985
374.9259488510735,393.60118346373065,1.6399706345605365,1.7432964856146977,AutoETS,7,T3130,0.9917610355503985
571.6606203949668,623.4835346276083,2.4845407898927045,2.658055420151029,AutoETS,14,T3130,0.9917610355503985
363.7167875153079,383.4397939366701,1.590504849891114,1.6911771494545582,AutoTheta,7,T3130,0.9917610355503985
557.0059996986716,609.4371537056502,2.419925156960268,2.5899157012647924,AutoTheta,14,T3130,0.9917610355503985
479.8285714285708,531.88510574586,2.4758166042540464,2.575575957168201,Naive,7,T2700,0.9916197815119512
546.7142857142854,576.2550923233313,2.819612328853199,2.9345984244619245,Naive,14,T2700,0.9916197815119512
689.2857142857143,697.1845502755041,3.5821401003889477,3.699879121512619,SeasonalNaive,7,T2700,0.9916197815119512
756.1714285714289,769.9025903134949,3.925816423256117,4.058901588806343,SeasonalNaive,14,T2700,0.9916197815119512
472.9789115014942,523.3906730473492,2.4399498300629285,2.5388090356603117,AutoETS,7,T2700,0.9916197815119512
529.863222800691,558.1131203733944,2.73140239874664,2.8441469693437638,AutoETS,14,T2700,0.9916197815119512
467.7186427795828,518.002096807226,2.41241856437138,2.510573489769281,AutoTheta,7,T2700,0.9916197815119512
530.1933950512711,558.6275952598048,2.7331293578087776,2.8459192350256224,AutoTheta,14,T2700,0.9916197815119512
49.01798696000008,52.567266992081095,1.1015571475272987,0.5044409648672381,Naive,7,T2701,0.98243995367443
124.0427717864288,146.30744364931667,2.830633537536814,1.2765162211947485,Naive,14,T2701,0.98243995367443
60.713645740000175,68.03904176413927,1.3659638224888384,0.6248002404236903,SeasonalNaive,7,T2701,0.98243995367443
116.70960306357165,132.02940106235437,2.666151694054555,1.2010510514579555,SeasonalNaive,14,T2701,0.98243995367443
49.017589039517716,52.56631691385543,1.1015482396288605,0.5044368698930355,AutoETS,7,T2701,0.98243995367443
124.04118010449936,146.30537801839634,2.8305979178265948,1.2764998412979383,AutoETS,14,T2701,0.98243995367443
48.52155223934824,52.19646521214534,1.0904450662020388,0.4993321869469297,AutoTheta,7,T2701,0.98243995367443
124.33453795130974,147.01834943335743,2.837157545581714,1.2795187681138673,AutoTheta,14,T2701,0.98243995367443
16.382857142857056,17.61287272747641,1.37950250760239,0.44883959113547206,Naive,7,T1510,0.9605669847160367
34.95785714285705,41.6442245181043,2.90627590324938,0.9577371132613008,Naive,14,T1510,0.9605669847160367
51.10428571428575,54.14146536092807,4.38426296708898,1.4000992931364962,SeasonalNaive,7,T1510,0.9605669847160367
69.67928571428574,75.5269452863395,5.90979357350092,1.908996815262325,SeasonalNaive,14,T1510,0.9605669847160367
16.38376848506544,17.61372042821287,1.379579858362348,0.4488645590919541,AutoETS,7,T1510,0.9605669847160367
34.958768485065434,41.644989538794235,2.906353235252016,0.957762081217783,AutoETS,14,T1510,0.9605669847160367
17.87878770835352,19.098653055850374,1.5065917425088644,0.4898234596713235,AutoTheta,7,T1510,0.9605669847160367
36.500587009070195,43.08248820892465,3.0373021767225965,1.0000031378225596,AutoTheta,14,T1510,0.9605669847160367
28.144871341428694,30.1741148101457,0.8075153450688944,0.22174779698918007,Naive,7,T3115,0.9123346074488864
30.387997509285828,35.138158334719286,0.8708431832051442,0.23942093821825106,Naive,14,T3115,0.9123346074488864
32.39186701571426,34.26707000719966,0.9299685464597968,0.2552090241936245,SeasonalNaive,7,T3115,0.9123346074488864
34.72872087214283,38.6105499957757,0.9959959079358861,0.27362062708434143,SeasonalNaive,14,T3115,0.9123346074488864
28.14829791623145,30.177585723165915,0.8076141146268719,0.22177479428486893,AutoETS,7,T3115,0.9123346074488864
30.39261869925927,35.14242084502455,0.8709763859975337,0.2394573476472958,AutoETS,14,T3115,0.9123346074488864
22.652685987353443,24.781243545307234,0.6497134796135476,0.17847597001409168,AutoTheta,7,T3115,0.9123346074488864
27.136894088156264,32.14707226527123,0.7774158429771275,0.21380614635532716,AutoTheta,14,T3115,0.9123346074488864
366.0428571428573,385.96497065333364,2.7404268042658537,0.9398008590201945,Naive,7,T1529,0.9880596016483135
496.2785714285718,526.8200567013916,3.694463374318295,1.2741760114714147,Naive,14,T1529,0.9880596016483135
459.9714285714282,498.10193449017737,3.460276541487634,1.180958828346883,SeasonalNaive,7,T1529,0.9880596016483135
590.2071428571427,631.0169903757403,4.414166961679248,1.5153339807981032,SeasonalNaive,14,T1529,0.9880596016483135
364.040228841568,383.91187433934033,2.7252070707708995,0.9346591884176308,AutoETS,7,T1529,0.9880596016483135
493.5731221404212,524.0341535952833,3.6739070696355403,1.2672298752050615,AutoETS,14,T1529,0.9880596016483135
369.8643216784884,391.2473085084051,2.769496535693453,0.9496123212116276,AutoTheta,7,T1529,0.9880596016483135
493.8696733838938,524.0669276135274,3.676197639783939,1.2679912590373659,AutoTheta,14,T1529,0.9880596016483135
263.1285714285714,269.8122707153465,1.7346721156061558,1.7401265985926853,Naive,7,T1229,0.9924984169040324
249.54285714285717,262.0436250485239,1.6451915037105838,1.6502813086604613,Naive,14,T1229,0.9924984169040324
459.6142857142856,476.15223705989547,3.0555793693343665,3.039529456350641,SeasonalNaive,7,T1229,0.9924984169040324
446.0285714285714,481.4185734442979,2.966075090715981,2.9496841664184172,SeasonalNaive,14,T1229,0.9924984169040324
252.9456171447273,259.4229832739301,1.666957821124266,1.6727845022731278,AutoETS,7,T1229,0.9924984169040324
230.45199961674436,245.25317315851214,1.5182892948586542,1.5240293064899169,AutoETS,14,T1229,0.9924984169040324
259.4781267680129,265.2253172057069,1.7104229705408436,1.7159854123427807,AutoTheta,7,T1229,0.9924984169040324
235.50495578135477,251.14643704006744,1.5518998465678708,1.557445607030082,AutoTheta,14,T1229,0.9924984169040324
123.77142857142852,137.48460693058374,0.8279286349681099,0.5759006489343069,Naive,7,T3036,0.9920928026579291
170.84285714285735,198.58764527820702,1.1484348912262967,0.7949210365426348,Naive,14,T3036,0.9920928026579291
325.2999999999998,398.69484392380673,2.198225824855325,1.513600378218271,SeasonalNaive,7,T3036,0.9920928026579291
302.1714285714287,354.05708982753475,2.046935970511917,1.4059845944434983,SeasonalNaive,14,T3036,0.9920928026579291
123.77198547882654,137.48549732443212,0.8279323543087913,0.575903240189297,AutoETS,7,T3036,0.9920928026579291
170.8450847724494,198.59009236900806,1.1484497682913426,0.794931401562595,AutoETS,14,T3036,0.9920928026579291
128.96435729595785,140.01127220999936,0.8625971635486905,0.6000630186899422,AutoTheta,7,T3036,0.9920928026579291
182.76586541769873,210.05204939775794,1.228002912659719,0.8503980418740197,AutoTheta,14,T3036,0.9920928026579291
25.262857142857165,34.86448213132837,1.2607016006125893,0.7108741955578595,Naive,7,T562,0.9811050424751666
45.432142857142935,53.68952657907986,2.2286495756902496,1.2784198486897107,Naive,14,T562,0.9811050424751666
37.24000000000001,45.77684286685949,1.8541158395597797,1.0479002787718994,SeasonalNaive,7,T562,0.9811050424751666
50.03071428571434,55.50325659686239,2.4579102578661445,1.4078195340267803,SeasonalNaive,14,T562,0.9811050424751666
25.262470602758185,34.86395759881539,1.260682447906822,0.7108633186653386,AutoETS,7,T562,0.9811050424751666
45.433302477439874,53.69100933683722,2.2287070364059893,1.2784524793672734,AutoETS,14,T562,0.9811050424751666
24.55366249404119,34.145964239537314,1.2255408684656048,0.6909180927061463,AutoTheta,7,T562,0.9811050424751666
44.44063864535796,52.595053352772325,2.179532616840203,1.2505198073381267,AutoTheta,14,T562,0.9811050424751666
19.964285714285715,21.720012167847155,1.143969378147072,0.6530296772670955,Naive,7,T1689,0.9410332665498291
16.75,20.28612298381053,0.9644775760545076,0.5478907310165791,Naive,14,T1689,0.9410332665498291
38.5,44.53389559810434,2.2413827871377494,1.2593309339784058,SeasonalNaive,7,T1689,0.9410332665498291
35.42857142857143,44.42901641945273,2.069095857275075,1.158864829783468,SeasonalNaive,14,T1689,0.9410332665498291
19.96466062536079,21.720537203925023,1.1439909729036366,0.6530419405687664,AutoETS,7,T1689,0.9410332665498291
16.750249940716717,20.286233889326244,0.9644919734826772,0.5478989065510265,AutoETS,14,T1689,0.9410332665498291
17.617723413693934,19.402512888579775,1.0090431505827613,0.5762738722374132,AutoTheta,7,T1689,0.9410332665498291
17.32967395183643,22.353904540607935,0.9975550585952774,0.5668518047612318,AutoTheta,14,T1689,0.9410332665498291
43.871428571428574,50.53964497585747,12.916070815190423,0.1670554603316994,Naive,7,T3621,0.932605933025207
77.67857142857143,86.58515626661583,24.255801088108274,0.2957877126517797,Naive,14,T3621,0.932605933025207
65.21428571428572,66.23282526706183,18.450232537866892,0.2483256842768505,SeasonalNaive,7,T3621,0.932605933025207
99.02142857142856,105.29458336360084,29.696801744370305,0.37705793659693077,SeasonalNaive,14,T3621,0.932605933025207
43.87235866342639,50.54045235333851,12.916321454968072,0.16705900197490334,AutoETS,7,T3621,0.932605933025207
77.67950152056925,86.58599068564573,24.256048439800345,0.29579125429498365,AutoETS,14,T3621,0.932605933025207
35.38207687159125,41.23698571963177,10.593898287535865,0.13472935192095983,AutoTheta,7,T3621,0.932605933025207
64.14204005254251,71.90370643784875,20.578193024888698,0.2442427424068464,AutoTheta,14,T3621,0.932605933025207
16.109999999999996,18.952610449675344,1.0630182307804383,0.5412223090304502,Naive,7,T1583,0.9909471043512691
18.69285714285713,21.406891747418957,1.2246012339131824,0.6279944944279008,Naive,14,T1583,0.9909471043512691
16.625714285714302,18.784947621509556,1.0962417675758926,0.5585479500307163,SeasonalNaive,7,T1583,0.9909471043512691
19.258571428571422,21.306640815885128,1.2619434959845275,0.6469999067162808,SeasonalNaive,14,T1583,0.9909471043512691
16.110197774857365,18.952747090112634,1.0630312269166586,0.5412289533609886,AutoETS,7,T1583,0.9909471043512691
18.692817587885656,21.40681464170837,1.2245986349411506,0.6279931655617932,AutoETS,14,T1583,0.9909471043512691
16.017744419405158,18.856154846642838,1.0569483273349376,0.5381229435214196,AutoTheta,7,T1583,0.9909471043512691
18.327331797882348,20.978144992672327,1.200588290250812,0.615714514836566,AutoTheta,14,T1583,0.9909471043512691
4.491204439142815,5.598458830527695,0.29694141413392244,0.10517919217791202,Naive,7,T2717,0.9900228500638971
8.260120605571371,10.194352973977168,0.5472184923992011,0.19344316749738938,Naive,14,T2717,0.9900228500638971
8.808939361571415,11.136860319244446,0.583491073072761,0.20629591428065278,SeasonalNaive,7,T2717,0.9900228500638971
10.56870111399998,12.67427021333816,0.7008610042238406,0.24750764758160876,SeasonalNaive,14,T2717,0.9900228500638971
5.770219693657574,6.982949063704033,0.3812637662121703,0.13513235798809817,AutoETS,7,T2717,0.9900228500638971
11.096408948499484,13.380695136291559,0.7340947234571387,0.25986599921995157,AutoETS,14,T2717,0.9900228500638971
4.6669605274742025,5.765628181828679,0.3085296893865609,0.10929521130853374,AutoTheta,7,T2717,0.9900228500638971
8.760577876478319,10.85801164538798,0.5802173600231623,0.20516334015637472,AutoTheta,14,T2717,0.9900228500638971
43.35714285714312,51.332181496044925,0.41597551919374437,0.2082532457989491,Naive,7,T782,0.9782571802814759
42.58571428571447,53.755225659598004,0.4095155088027004,0.20454791621965937,Naive,14,T782,0.9782571802814759
49.0,56.88359040305803,0.47006871126511307,0.23535704549930517,SeasonalNaive,7,T782,0.9782571802814759
50.37142857142875,57.75059678108484,0.4842169337347728,0.24194429808470932,SeasonalNaive,14,T782,0.9782571802814759
43.19089493634757,51.06785078166094,0.4143761713141585,0.20745472295285028,AutoETS,7,T782,0.9782571802814759
42.530360783868545,53.68205637844665,0.40898298996676813,0.2042820420022615,AutoETS,14,T782,0.9782571802814759
46.27473777404911,53.123852586374845,0.4440305215568524,0.22226705232153657,AutoTheta,7,T782,0.9782571802814759
45.84434515731404,57.27426229269451,0.4408499067647316,0.22019978834848591,AutoTheta,14,T782,0.9782571802814759
143.61428571428587,166.77925958755029,1.080435919844791,0.5697901201721812,Naive,7,T1472,0.9751398722763266
267.8500000000001,314.48831570391576,2.0019158317552916,1.0626956986141753,Naive,14,T1472,0.9751398722763266
419.71428571428595,431.3718747040824,3.2012972893775298,1.6652177191543496,SeasonalNaive,7,T1472,0.9751398722763266
543.9500000000002,570.0730961903046,4.1224668103732,2.158123297596344,SeasonalNaive,14,T1472,0.9751398722763266
143.63453742113052,166.79669873090742,1.080589388274675,0.5698704688813595,AutoETS,7,T1472,0.9751398722763266
267.8702517068447,314.5055642811015,2.0020692851167405,1.0627760473233536,AutoETS,14,T1472,0.9751398722763266
145.66394087374334,168.32546497479532,1.0959835157339681,0.5779221333198303,AutoTheta,7,T1472,0.9751398722763266
264.31806013666665,309.6417249163991,1.9751826406491122,1.0486827163460088,AutoTheta,14,T1472,0.9751398722763266
4.781428571428576,6.009705245921569,0.7793498534807463,0.14118467368164564,Naive,7,T30,0.9479964712367461
4.990714285714286,6.645650027327228,0.8130623023610857,0.14736440319893296,Naive,14,T30,0.9479964712367461
6.977142857142861,7.980522718290014,1.1417484721176767,0.20601910554561012,SeasonalNaive,7,T30,0.9479964712367461
7.185000000000002,9.480132985806247,1.1751309951503435,0.21215665260885458,SeasonalNaive,14,T30,0.9479964712367461
4.781847543527176,6.010038592947685,0.7794185650956514,0.14119704497155178,AutoETS,7,T30,0.9479964712367461
4.990893845185115,6.645889110221003,0.8130917490519646,0.1473697051803213,AutoETS,14,T30,0.9479964712367461
7.387633908030986,8.54522747188205,1.2077714919824083,0.21813996946799222,AutoTheta,7,T30,0.9479964712367461
8.047820533466108,9.713368601495743,1.3168698309215894,0.2376337738590084,AutoTheta,14,T30,0.9479964712367461
71.9571428571431,84.23593566372296,1.576634723821211,0.31136978704605334,Naive,7,T3064,0.9805762512277086
80.08571428571453,87.8736349213218,1.7551583837029532,0.3465433841930067,Naive,14,T3064,0.9805762512277086
90.17142857142868,111.10135655594603,1.9833424163312432,0.39018584392191474,SeasonalNaive,7,T3064,0.9805762512277086
98.30000000000011,112.97843662777942,2.161873615901406,0.4253594410688681,SeasonalNaive,14,T3064,0.9805762512277086
71.95557441339199,84.23327804291853,1.5765999891231213,0.31136300014516505,AutoETS,7,T3064,0.9805762512277086
80.08120038123128,87.8686327439392,1.755058412669517,0.3465238518238507,AutoETS,14,T3064,0.9805762512277086
78.10102660081922,89.01389286141101,1.7128351467753398,0.33795533084261675,AutoTheta,7,T3064,0.9805762512277086
86.66463484192316,93.70051020153669,1.901006027532321,0.37501140017088447,AutoTheta,14,T3064,0.9805762512277086
136.8428571428572,163.74348842015056,2.4606958401719203,0.5953896152512153,Naive,7,T3118,0.982747966765492
166.16428571428565,185.25122903004672,2.992100429494348,0.7229642248454436,Naive,14,T3118,0.982747966765492
111.01428571428576,122.36174121957278,1.9752573352669223,0.4830120785172976,SeasonalNaive,7,T3118,0.982747966765492
139.63571428571427,179.93753876593627,2.4975354044735307,0.6075410579677419,SeasonalNaive,14,T3118,0.982747966765492
136.84084643915165,163.74010378670846,2.4606603025447646,0.5953808668800498,AutoETS,7,T3118,0.982747966765492
166.16093454144305,185.24725777513157,2.9920411940228235,0.7229496442268344,AutoETS,14,T3118,0.982747966765492
135.6741434464232,161.40192538436736,2.440034602922739,0.5903046585893396,AutoTheta,7,T3118,0.982747966765492
164.08681750853117,182.53715597611742,2.955364547818644,0.7139253680023018,AutoTheta,14,T3118,0.982747966765492
33.118571428571435,49.33896388396149,6.008371284836329,0.841643764097335,Naive,7,T3010,0.9788156464417721
68.03999999999999,81.4651005032216,12.621549244936695,1.729103618877102,Naive,14,T3010,0.9788156464417721
46.53857142857142,48.303510224413294,8.40711436969414,1.1826868353103082,SeasonalNaive,7,T3010,0.9788156464417721
57.28000000000001,61.91859356099288,10.758696550530678,1.4556592488136453,SeasonalNaive,14,T3010,0.9788156464417721
33.117100566327245,49.3366715548805,6.008122318950216,0.841606385008133,AutoETS,7,T3010,0.9788156464417721
68.03754856292635,81.46223752467509,12.621135703440494,1.729041320395099,AutoETS,14,T3010,0.9788156464417721
32.697814548337405,47.90451879242013,5.937631575934105,0.8309510503366044,AutoTheta,7,T3010,0.9788156464417721
66.51952371588595,79.37204983061831,12.364918080849337,1.6904636858189246,AutoTheta,14,T3010,0.9788156464417721
217.94285714285797,231.25549877632338,2.491805766833699,1.1274882361638987,Naive,7,T777,0.9870489075657523
318.8142857142865,357.4929729579118,3.6781724388461536,1.6493284587355594,Naive,14,T777,0.9870489075657523
273.6714285714289,298.1962225496115,3.100197497487291,1.415789993457771,SeasonalNaive,7,T777,0.9870489075657523
374.54285714285743,416.5447875078985,4.286424415942712,1.9376302160294314,SeasonalNaive,14,T777,0.9870489075657523
229.41958288072757,242.4795961713058,2.621085116258439,1.1868610159317878,AutoETS,7,T777,0.9870489075657523
334.2956508333779,372.7618281142154,3.8524630680803584,1.7294185212425963,AutoETS,14,T777,0.9870489075657523
213.40352927784184,226.54328054527772,2.4406093203818813,1.104004838566051,AutoTheta,7,T777,0.9870489075657523
314.2749578492703,353.4184254099964,3.626985385926367,1.6258450611377113,AutoTheta,14,T777,0.9870489075657523
21.727142857142876,22.90933028889572,3.637294679056698,0.2338670532892799,Naive,7,T2993,0.9923676123917884
45.145714285714305,53.45734507864326,7.321497375100962,0.4859403391444421,Naive,14,T2993,0.9923676123917884
43.09142857142859,46.616401773256975,7.417462227311611,0.46382837763283813,SeasonalNaive,7,T2993,0.9923676123917884
66.51000000000002,73.69180270365415,11.094223963657672,0.7159016634880003,SeasonalNaive,14,T2993,0.9923676123917884
21.732816349646082,22.91471108346043,3.638263691869561,0.23392812174095381,AutoETS,7,T2993,0.9923676123917884
45.15138777821751,53.46213653408144,7.322464957047161,0.48600140759611604,AutoETS,14,T2993,0.9923676123917884
23.24445362360942,24.442428194779612,3.8968228085780416,0.25019911315609167,AutoTheta,7,T2993,0.9923676123917884
46.66302505218085,54.78595325682329,7.580631511722643,0.5022723990112539,AutoTheta,14,T2993,0.9923676123917884
81.9571428571427,98.00774750716671,0.9024253622214299,0.42193201935555785,Naive,7,T2663,0.9946132647734681
192.19285714285746,227.7233330789176,2.1439668493068655,0.9894478686421505,Naive,14,T2663,0.9946132647734681
307.60000000000065,322.29966535153983,3.4318444840822986,1.583587282685011,SeasonalNaive,7,T2663,0.9946132647734681
176.46428571428598,236.18880613368904,1.9701139702754586,0.9084739879884166,SeasonalNaive,14,T2663,0.9946132647734681
81.95316715126968,98.00836399130193,0.9023816198598544,0.42191155161413973,AutoETS,7,T2663,0.9946132647734681
192.1769543193654,227.70498603874,2.1437919211923386,0.9893659976764781,AutoETS,14,T2663,0.9946132647734681
78.51217641908677,96.36930719510961,0.864497475108478,0.4041966323575668,AutoTheta,7,T2663,0.9946132647734681
187.85190304144064,223.9606709202242,2.09618683364595,0.9670997551515036,AutoTheta,14,T2663,0.9946132647734681
101.61428571428574,117.9147573461439,1.339526848542895,0.5269719895721204,Naive,7,T3043,0.9931707928420241
77.96428571428571,98.45667284938806,1.0286079659174279,0.4043230188513772,Naive,14,T3043,0.9931707928420241
84.12857142857176,103.1612953444406,1.1104592050447453,0.4362910229987669,SeasonalNaive,7,T3043,0.9931707928420241
88.99285714285737,104.43430949644865,1.1757300684157115,0.4615172232587561,SeasonalNaive,14,T3043,0.9931707928420241
97.39755164906053,112.25677642959504,1.2834630364629078,0.5051039941005362,AutoETS,7,T3043,0.9931707928420241
70.2103593152822,89.29748303895069,0.9255656065779476,0.36411113335953044,AutoETS,14,T3043,0.9931707928420241
100.51218335465286,115.3400303608633,1.3248656424535135,0.5212564834394408,AutoTheta,7,T3043,0.9931707928420241
72.64289525111748,92.95812518738829,0.9578789244353899,0.3767262719967996,AutoTheta,14,T3043,0.9931707928420241
161.5,191.84463580125012,1.2496605041648197,0.8032563525964024,Naive,7,T1582,0.991856878906407
168.01428571428602,189.01179857352852,1.2949560538282223,0.8356566088355865,Naive,14,T1582,0.991856878906407
129.92857142857196,172.0926868206287,1.0045806889383824,0.6462287949459805,SeasonalNaive,7,T1582,0.991856878906407
180.65714285714316,208.8549872861211,1.3931519356934996,0.8985386850892633,SeasonalNaive,14,T1582,0.991856878906407
161.381913057438,191.78183680145253,1.2487466950733814,0.802669020789767,AutoETS,7,T1582,0.991856878906407
168.368546541972,189.36214716576157,1.2976973196035668,0.8374186042554925,AutoETS,14,T1582,0.991856878906407
161.29085394024332,191.35608428721528,1.2480407006371166,0.8022161179145444,AutoTheta,7,T1582,0.991856878906407
165.5948096872276,186.3226616900812,1.276238728011202,0.823622803952061,AutoTheta,14,T1582,0.991856878906407
203.21428571428518,219.36384322464232,1.4355837776658398,0.596063728753432,Naive,7,T3526,0.9882638280771082
305.8999999999995,332.6683848605304,2.151519236939897,0.8972592354163271,Naive,14,T3526,0.9882638280771082
270.94285714285695,295.6579345894749,1.9204309004110731,0.7947237033066864,SeasonalNaive,7,T3526,0.9882638280771082
369.22857142857134,400.73851110882055,2.605135698390963,1.0830132255438483,SeasonalNaive,14,T3526,0.9882638280771082
202.59353979537732,218.71382990428575,1.4311620552730613,0.5942429703075769,AutoETS,7,T3526,0.9882638280771082
305.06068282609493,331.80235409830675,2.145541164055801,0.8947973685129946,AutoETS,14,T3526,0.9882638280771082
203.38373486063315,220.2740922644129,1.4368070586933335,0.5965607533088231,AutoTheta,7,T3526,0.9882638280771082
299.0799357503356,324.7785768058467,2.102983827406091,0.8772547711007218,AutoTheta,14,T3526,0.9882638280771082
235.4999999999995,240.13290070292274,1.8014242046298738,1.7149090654974186,Naive,7,T2423,0.9947686328434874
254.30714285714228,259.56839313422853,1.9437956423509501,1.8518625252928296,Naive,14,T2423,0.9947686328434874
323.78571428571405,358.6210594565159,2.492107606877084,2.3578049117075555,SeasonalNaive,7,T2423,0.9947686328434874
342.5928571428568,375.9236007108735,2.634466829446386,2.4947583715029658,SeasonalNaive,14,T2423,0.9947686328434874
239.34098338629286,243.9009354806121,1.8310847925258298,1.7428790749648475,AutoETS,7,T2423,0.9947686328434874
258.1481262434357,263.3326468349856,1.9734558108252611,1.8798325347602585,AutoETS,14,T2423,0.9947686328434874
239.5389152287145,244.53649318744567,1.8326244554706081,1.7443204130154608,AutoTheta,7,T2423,0.9947686328434874
253.90281616149605,259.46588050763546,1.9406909563372088,1.8489182216164544,AutoTheta,14,T2423,0.9947686328434874
69.13924754285692,142.83554781488638,1.0449967762094887,0.370504279582816,Naive,7,T2895,0.9905645908098547
295.2047761071426,387.2962268491934,4.391205557433105,1.5819471109110057,Naive,14,T2895,0.9905645908098547
125.84816434285715,159.21831157655777,1.9275701901233289,0.6743967445952829,SeasonalNaive,7,T2895,0.9905645908098547
351.91369290714283,425.9468529859365,5.273126010471867,1.8858395759234727,SeasonalNaive,14,T2895,0.9905645908098547
69.67462242066553,136.84862488265486,1.0533127382478313,0.37337325329107424,AutoETS,7,T2895,0.9905645908098547
285.16794700199756,371.9723813463807,4.236580610278723,1.528161623375977,AutoETS,14,T2895,0.9905645908098547
74.42674303618125,139.7876861298941,1.1268454445797458,0.39883897771989335,AutoTheta,7,T2895,0.9905645908098547
295.6314732823442,383.7270248342281,4.397955683644395,1.5842337011635261,AutoTheta,14,T2895,0.9905645908098547
253.44285714285692,284.39350756101487,2.238155649770593,1.2180970653142746,Naive,7,T2894,0.9820599858334874
304.2785714285711,342.3668302107715,2.695007429820714,1.4624236763802148,Naive,14,T2894,0.9820599858334874
307.87142857142834,329.343977801759,2.7049279759090807,1.4796916664555513,SeasonalNaive,7,T2894,0.9820599858334874
360.99285714285685,377.68097743239,3.1816964757764903,1.7350038775694192,SeasonalNaive,14,T2894,0.9820599858334874
263.24752808177647,298.32863797244335,2.323442031249633,1.2652202749864974,AutoETS,7,T2894,0.9820599858334874
328.06073206729315,368.94062089262576,2.9017226640761207,1.576725497340713,AutoETS,14,T2894,0.9820599858334874
245.25004389117854,273.0303351268968,2.166771452291856,1.1787207660922683,AutoTheta,7,T2894,0.9820599858334874
291.5618264094458,329.90452354939475,2.5841840416118145,1.4013044562026455,AutoTheta,14,T2894,0.9820599858334874
28.23428571428573,29.279600895016138,3.8099231315530493,0.5775569922759655,Naive,7,T3401,0.9864263890272276
30.967857142857163,31.718344737031032,4.172811997116654,0.6334745851073792,Naive,14,T3401,0.9864263890272276
29.660000000000018,31.864735546189188,4.00846361884825,0.606721224126371,SeasonalNaive,7,T3401,0.9864263890272276
32.393571428571455,33.876224384831175,4.3713699465886515,0.6626388169577848,SeasonalNaive,14,T3401,0.9864263890272276
28.234608774582593,29.279912421816547,3.8099676190097314,0.5775636007567065,AutoETS,7,T3401,0.9864263890272276
30.968180203154027,31.718660153476783,4.1728564816198,0.6334811935881203,AutoETS,14,T3401,0.9864263890272276
29.019847390366913,30.061557215746337,3.9181943381663857,0.5936263429751812,AutoTheta,7,T3401,0.9864263890272276
31.759307743501633,32.5282022556083,4.2818847400894,0.6496643989057125,AutoTheta,14,T3401,0.9864263890272276
17.402857142857233,22.07882372643211,0.9353727962737026,0.24374324689513052,Naive,7,T589,0.9829974754318335
21.175714285714353,24.917487548191712,1.1421761021925414,0.2965856303338132,Naive,14,T589,0.9829974754318335
15.834285714285736,18.502790523130788,0.8507997579149005,0.2217739409444768,SeasonalNaive,7,T589,0.9829974754318335
20.36857142857145,23.80954610475149,1.0986468699587442,0.2852808417526479,SeasonalNaive,14,T589,0.9829974754318335
17.803470741382075,22.550573204499944,0.9570698614955008,0.24935421401697838,AutoETS,7,T589,0.9829974754318335
21.56747877843634,25.221902225399624,1.1633948242146668,0.30207265747484063,AutoETS,14,T589,0.9829974754318335
21.995824050083097,26.605016656459256,1.18463292819112,0.3080720325456295,AutoTheta,7,T589,0.9829974754318335
25.806161017715517,29.21688049357112,1.3935696126634272,0.36143935588980014,AutoTheta,14,T589,0.9829974754318335
59.98571428571423,72.2586524725092,0.371422421828132,0.28389947521862396,Naive,7,T3056,0.9892632936034444
86.08571428571433,98.8324194930852,0.5331315977839605,0.4074251578155348,Naive,14,T3056,0.9892632936034444
174.0,198.49801726249788,1.082642666502097,0.8235045506460689,SeasonalNaive,7,T3056,0.9892632936034444
194.58571428571435,213.20815114410092,1.2100973829822494,0.9209323057758709,SeasonalNaive,14,T3056,0.9892632936034444
62.82077090365939,76.8813521389288,0.38896620027339135,0.2973171880129751,AutoETS,7,T3056,0.9892632936034444
87.85767596993576,105.79723244934846,0.5440518916942962,0.4158114710944245,AutoETS,14,T3056,0.9892632936034444
65.1466357494007,78.77408193547103,0.40339837636218495,0.30832500574088134,AutoTheta,7,T3056,0.9892632936034444
92.1631292796293,106.5211652574658,0.5707440018007554,0.4361882549629694,AutoTheta,14,T3056,0.9892632936034444
11.718571428571424,14.27211316819321,0.8968227322229478,0.26027661562842036,Naive,7,T607,0.9616401869002167
17.06785714285716,21.79889692491017,1.3019031746809424,0.3790875125223158,Naive,14,T607,0.9616401869002167
17.220000000000027,19.02423942538273,1.324591313283156,0.38246669813299833,SeasonalNaive,7,T607,0.9616401869002167
24.10071428571434,30.003929623586746,1.8470949766475417,0.5352915572301935,SeasonalNaive,14,T607,0.9616401869002167
11.635379611357523,14.170164561477511,0.8904140753927046,0.2584288746504015,AutoETS,7,T607,0.9616401869002167
16.94324444294898,21.671979864538624,1.292304493986572,0.37631978848751213,AutoETS,14,T607,0.9616401869002167
12.793983362137753,15.475700183120304,0.9797239947530509,0.28416217029531565,AutoTheta,7,T607,0.9616401869002167
18.34193040333428,23.216200748586957,1.4001274076484036,0.4073854563733162,AutoTheta,14,T607,0.9616401869002167
24.247142857142812,24.703101309060603,2.755103257603598,0.7030810531830757,Naive,7,T2732,0.987085015074015
28.99999999999996,32.389687512275486,3.316228533339079,0.840897035268747,Naive,14,T2732,0.987085015074015
25.13428571428569,26.32762156258813,2.8536268074504134,0.7288050462324306,SeasonalNaive,7,T2732,0.987085015074015
29.887142857142837,33.20991525777459,3.4147839364100414,0.866621028318102,SeasonalNaive,14,T2732,0.987085015074015
24.246943918540232,24.702906042404308,2.75508097619967,0.703075284669934,AutoETS,7,T2732,0.987085015074015
28.99980106139738,32.38950939337429,3.3162062552664366,0.8408912667556053,AutoETS,14,T2732,0.987085015074015
24.739167057509025,25.23917636507569,2.810183762064023,0.7173480080578489,AutoTheta,7,T2732,0.987085015074015
29.568036357158203,32.86715137493382,3.3798135158694613,0.8573680728087203,AutoTheta,14,T2732,0.987085015074015
577.6571428571411,626.5221806585467,2.8238643049467083,3.7031473886488073,Naive,7,T2698,0.99133707936169
694.3499999999985,726.6065643012814,3.38759886672566,4.451222357591777,Naive,14,T2698,0.99133707936169
879.528571428571,897.9385335311093,4.337809013884316,5.6383340408779725,SeasonalNaive,7,T2698,0.99133707936169
996.2214285714284,1015.7881102867862,4.901338800170187,6.386409009820943,SeasonalNaive,14,T2698,0.99133707936169
566.3505781470433,614.0493432582005,2.767697280544251,3.630665162645861,AutoETS,7,T2698,0.99133707936169
671.9660820218256,702.5403341802878,3.276451369144255,4.307727295800254,AutoETS,14,T2698,0.99133707936169
555.8619220791344,602.0340385007747,2.7156407141822263,3.5634262479910515,AutoTheta,7,T2698,0.99133707936169
660.4618163601359,690.0142325723863,3.219390633850779,4.233977681742519,AutoTheta,14,T2698,0.99133707936169
78.07142857142883,91.82809249586221,0.6333945641461848,0.1658792090060612,Naive,7,T594,0.9548617765057353
121.25714285714328,149.06184718335678,0.9814633383958266,0.25763636341142687,Naive,14,T594,0.9548617765057353
81.69999999999995,98.83269412786161,0.664080843224663,0.17358887398090767,SeasonalNaive,7,T594,0.9548617765057353
134.81428571428583,175.7945351011477,1.092773690616844,0.2864413715261109,SeasonalNaive,14,T594,0.9548617765057353
76.57839696220617,90.29602836220059,0.6212294232675669,0.16270694859158308,AutoETS,7,T594,0.9548617765057353
119.91097719909574,147.1588895251527,0.9704956120446149,0.25477615067247655,AutoETS,14,T594,0.9548617765057353
87.61426344767226,104.8825550475286,0.7112166253298086,0.18615497351955979,AutoTheta,7,T594,0.9548617765057353
131.25627159838223,161.90199969093166,1.0630174019666494,0.2788816204369079,AutoTheta,14,T594,0.9548617765057353
177.52857142857206,190.815651499407,1.8410540017066237,0.46895821126220294,Naive,7,T953,0.987041814228793
177.6000000000005,195.14589780103424,1.8446764613042632,0.46914689646831115,Naive,14,T953,0.987041814228793
269.38571428571413,285.7600416933261,2.8102733689909507,0.7116073863178018,SeasonalNaive,7,T953,0.987041814228793
219.7428571428571,249.65705620768225,2.288637797912654,0.5804711680723569,SeasonalNaive,14,T953,0.987041814228793
167.6745830458606,179.26563142210614,1.7379682369464164,0.44292798565643793,AutoETS,7,T953,0.987041814228793
164.57741251066727,177.56764162025954,1.7087441844921978,0.4347465220054298,AutoETS,14,T953,0.987041814228793
187.44835357326807,201.157539811615,1.9449819370715975,0.49516223720153785,AutoTheta,7,T953,0.987041814228793
185.0598468938194,201.7981550725371,1.9228385310763485,0.48885277495008983,AutoTheta,14,T953,0.987041814228793
237.3428571428571,248.43709177864025,4.8623913229863955,0.8913928545882515,Naive,7,T2937,0.9798309941631791
273.60714285714283,285.34321314114743,5.583857700638779,1.0275912873180142,Naive,14,T2937,0.9798309941631791
149.0857142857142,195.52201191389452,3.017446060882158,0.5599239093826285,SeasonalNaive,7,T2937,0.9798309941631791
162.7785714285714,195.48221146692603,3.285097633434674,0.6113504202242586,SeasonalNaive,14,T2937,0.9798309941631791
234.81474372199904,246.02300828158727,4.809232768899251,0.8818979733600157,AutoETS,7,T2937,0.9798309941631791
271.07902943628477,282.91999021522577,5.530709720594711,1.0180964060897786,AutoETS,14,T2937,0.9798309941631791
237.13749023078904,248.17914458273836,4.8580847953915836,0.8906215543680129,AutoTheta,7,T2937,0.9798309941631791
272.9335740267507,284.57839631533443,5.56971243099299,1.025061552698179,AutoTheta,14,T2937,0.9798309941631791
47.78285714285721,66.7705998175844,0.8166905293134739,0.733560731189501,Naive,7,T2036,0.9926066790683152
81.7614285714285,96.6933941457665,1.400689366489998,1.2551985568096333,Naive,14,T2036,0.9926066790683152
120.25857142857149,128.48765004577575,2.033217414147525,1.8462053310291597,SeasonalNaive,7,T2036,0.9926066790683152
162.1685714285714,174.6051114862989,2.7513662365019,2.4896061672796477,SeasonalNaive,14,T2036,0.9926066790683152
39.18757381728301,47.445063985559806,0.6701107477922954,0.6016062458761074,AutoETS,7,T2036,0.9926066790683152
40.69969362323712,51.04179226916356,0.699537207062979,0.6248202556031845,AutoETS,14,T2036,0.9926066790683152
50.284762928436585,69.41475247699739,0.8591394482938695,0.7719699002341612,AutoTheta,7,T2036,0.9926066790683152
84.84516516033507,99.75493256460152,1.452991046310148,1.302539971748281,AutoTheta,14,T2036,0.9926066790683152
826.6714285714297,831.5911933499204,9.519656101260091,1.9137803358344572,Naive,7,T448,0.9861766762242584
757.7000000000008,777.5377978869312,8.745295958652124,1.7541084768922484,Naive,14,T448,0.9861766762242584
360.4857142857148,476.88120113923605,4.123517087219962,0.8345401177604972,SeasonalNaive,7,T448,0.9861766762242584
405.2857142857147,525.5075329078143,4.625657210629722,0.9382540675622293,SeasonalNaive,14,T448,0.9861766762242584
832.0598471173671,836.9479381812184,9.584716321604105,1.9262547592849943,AutoETS,7,T448,0.9861766762242584
763.0884185459382,782.7896726846861,8.81037473312184,1.7665829003427858,AutoETS,14,T448,0.9861766762242584
840.3012056352798,846.4512066872533,9.684409231521558,1.9453338629373353,AutoTheta,7,T448,0.9861766762242584
767.8987927357902,787.836407349734,8.868680064855507,1.7777191259511307,AutoTheta,14,T448,0.9861766762242584
79.15599872857145,83.79190495012882,1.7741823112341726,0.43375508143781294,Naive,7,T2257,0.9804243066664171
240.83549019285724,305.82454682319405,5.606143239113352,1.319718269488679,Naive,14,T2257,0.9804243066664171
135.62976148571423,169.9143521745217,2.974224680545065,0.7432171810548116,SeasonalNaive,7,T2257,0.9804243066664171
303.0745120214286,358.068641834157,6.931969315803256,1.6607725473133281,SeasonalNaive,14,T2257,0.9804243066664171
79.15488293428072,83.79066196754063,1.7741574596530272,0.4337489671640849,AutoETS,7,T2257,0.9804243066664171
240.83363053570605,305.8226632152775,5.6061018883399605,1.3197080790324658,AutoETS,14,T2257,0.9804243066664171
80.45720440709867,85.31673836753095,1.8031367611285054,0.44088536321206334,AutoTheta,7,T2257,0.9804243066664171
243.33154153333024,308.22865489532614,5.661617208246139,1.3333960067398047,AutoTheta,14,T2257,0.9804243066664171
83.5428571428573,102.74979318713969,0.5495115341709542,0.6539935823907786,Naive,7,T693,0.9935422203472173
87.25000000000013,99.12667581001017,0.5741541941986967,0.6830139884493295,Naive,14,T693,0.9935422203472173
148.38571428571439,173.0653427383509,0.9794840023821814,1.1615990663975735,SeasonalNaive,7,T693,0.9935422203472173
152.0928571428572,174.69188590200756,1.0041261343852017,1.1906194724561243,SeasonalNaive,14,T693,0.9935422203472173
67.65891802558872,90.50867801535041,0.44466730751052463,0.5296502860151693,AutoETS,7,T693,0.9935422203472173
59.100645681022016,76.22286091404939,0.38844461788752205,0.4626540713641883,AutoETS,14,T693,0.9935422203472173
70.4724464275727,91.8453678212431,0.4632348606950136,0.5516752631550494,AutoTheta,7,T693,0.9935422203472173
64.28033618977679,81.17766612054523,0.4225974663399443,0.5032019346686895,AutoTheta,14,T693,0.9935422203472173
139.92857142857065,164.41123962273826,0.8977524410450058,0.7512840422821465,Naive,7,T723,0.9896556489333471
252.86428571428496,293.57024834660155,1.6145766628740437,1.357641979623805,Naive,14,T723,0.9896556489333471
222.47142857142848,234.48749281297327,1.434035923155136,1.194461091420105,SeasonalNaive,7,T723,0.9896556489333471
341.0499999999999,376.5082763271706,2.1872761681672754,1.8311158329170925,SeasonalNaive,14,T723,0.9896556489333471
142.79357129590426,167.5682451600215,0.916247887524174,0.7666663809960593,AutoETS,7,T723,0.9896556489333471
256.3022855550853,296.9558705295469,1.6367697771993472,1.3761007860805003,AutoETS,14,T723,0.9896556489333471
133.41574360128757,158.080602719838,0.8557272647840622,0.716316318629893,AutoTheta,7,T723,0.9896556489333471
242.25655648985204,282.53610602729145,1.5461429869924417,1.3006885096512013,AutoTheta,14,T723,0.9896556489333471
265.3000000000008,288.15306200500044,2.4822192384436224,0.7417807724641203,Naive,7,T871,0.9933697571257217
378.5642857142867,421.06731307815613,3.516495355460557,1.0584685574235608,Naive,14,T871,0.9933697571257217
420.0571428571428,474.4229577677948,3.9686497008258206,1.1744828944879073,SeasonalNaive,7,T871,0.9933697571257217
533.3214285714287,592.7399616550729,5.002545196712582,1.4911706794473476,SeasonalNaive,14,T871,0.9933697571257217
265.30161142809783,288.15454563341973,2.482234536269299,0.7417852780290604,AutoETS,7,T871,0.9933697571257217
378.56589714238373,421.0687618474063,3.516510650234197,1.0584730629885009,AutoETS,14,T871,0.9933697571257217
265.0808490849595,291.4720823247443,2.4801708154351063,0.741168024876312,AutoTheta,7,T871,0.9933697571257217
370.9538420911883,413.77556351848693,3.4443595559954314,1.0371897004709163,AutoTheta,14,T871,0.9933697571257217
36.11857142857142,45.922019461567345,1.8148211018882359,0.9496550662006111,Naive,7,T570,0.9885309591858066
35.41428571428566,42.84558420320911,1.7577426932049827,0.9311374872884198,Naive,14,T570,0.9885309591858066
38.54428571428574,46.610381277749106,1.9348208422330333,1.0134336645634898,SeasonalNaive,7,T570,0.9885309591858066
38.259999999999955,43.35092221790505,1.8994327568703122,1.0059590231770257,SeasonalNaive,14,T570,0.9885309591858066
35.81703176870389,46.12832548894416,1.7998900779558336,0.9417267718543102,AutoETS,7,T570,0.9885309591858066
33.068370069897774,41.46765583630232,1.6416572806789955,0.8694570113322216,AutoETS,14,T570,0.9885309591858066
35.381388168074636,44.80777625097371,1.778279109753406,0.9302725216989958,AutoTheta,7,T570,0.9885309591858066
35.589981763760306,42.524101127386416,1.7664526678993182,0.9357570122833382,AutoTheta,14,T570,0.9885309591858066
179.228571428572,212.53921991011478,1.3910221226015274,0.8892554779612848,Naive,7,T2968,0.9894231674209679
248.335714285715,273.679678508602,1.923669460542461,1.232135549269886,Naive,14,T2968,0.9894231674209679
193.71428571428518,221.12697063645814,1.505880514132477,0.9611273936836403,SeasonalNaive,7,T2968,0.9894231674209679
260.30714285714265,284.3387705336214,2.018826861332879,1.2915326551627202,SeasonalNaive,14,T2968,0.9894231674209679
175.4795826567884,208.26611416071825,1.3616469140022112,0.8706545999006542,AutoETS,7,T2968,0.9894231674209679
243.91692775957497,269.0708191063297,1.8890474342201595,1.2102114213644337,AutoETS,14,T2968,0.9894231674209679
177.3260591993403,207.36137056565238,1.3761418073908878,0.8798160263813962,AutoTheta,7,T2968,0.9894231674209679
241.94905570441566,264.9256451789816,1.8736663445497799,1.200447682296331,AutoTheta,14,T2968,0.9894231674209679
95.85714285714286,111.3405329864838,0.5392417008145471,0.7593839692196429,Naive,7,T1707,0.8789197260834398
368.0,491.0762233532154,2.114683492906929,2.915310141147243,Naive,14,T1707,0.8789197260834398
377.57142857142856,416.57257985339635,2.149811401033163,2.991135366091678,SeasonalNaive,7,T1707,0.8789197260834398
366.0,426.1957967212454,2.103755324168773,2.8994660642931818,SeasonalNaive,14,T1707,0.8789197260834398
3352.386528323262,4465.833420998529,16.328054830489105,26.557734899636426,AutoETS,7,T1707,0.8789197260834398
3626.912970477441,4739.525418061666,17.888520408321103,28.73254392361781,AutoETS,14,T1707,0.8789197260834398
73.67777489690135,91.1312153590162,0.414267812690612,0.5836781639513594,AutoTheta,7,T1707,0.8789197260834398
401.0927097432744,552.7081809782251,2.3006422890295726,3.177471859388031,AutoTheta,14,T1707,0.8789197260834398
19.02428571428566,27.07625079553764,1.49896398787172,0.5409693075593275,Naive,7,T2549,0.9889205186960606
32.850714285714226,39.08092985807046,2.5784917242566383,0.9341337922940999,Naive,14,T2549,0.9889205186960606
28.75999999999999,32.52152693656485,2.2799458703103643,0.8178113764199451,SeasonalNaive,7,T2549,0.9889205186960606
39.18214285714286,44.70457894412415,3.090279024127065,1.1141725375898097,SeasonalNaive,14,T2549,0.9889205186960606
19.023939099562863,27.075807405130647,1.4989362916734366,0.5409594513192879,AutoETS,7,T2549,0.9889205186960606
32.85013659450957,39.080293277841086,2.578445567467552,0.9341173652273674,AutoETS,14,T2549,0.9889205186960606
18.46130571345046,26.74365201824967,1.4539485584939336,0.5249605645349903,AutoTheta,7,T2549,0.9889205186960606
32.505354862682324,39.021616641597774,2.5508911826479346,0.9243132476101876,AutoTheta,14,T2549,0.9889205186960606
67.01428571428576,84.99545365992925,0.5597605179763143,0.3283301166713818,Naive,7,T1598,0.9920069220158335
78.05000000000005,93.53068633188951,0.651628141541319,0.38239854880283397,Naive,14,T1598,0.9920069220158335
50.1000000000001,69.8921924926428,0.4181166571758548,0.24546018315210774,SeasonalNaive,7,T1598,0.9920069220158335
54.97857142857148,71.57443178757562,0.4590030344212582,0.2693622796865941,SeasonalNaive,14,T1598,0.9920069220158335
67.01045895715366,84.99051795527257,0.5597284269977358,0.32831136783891623,AutoETS,7,T1598,0.9920069220158335
78.04362207144653,93.52419136273612,0.6515746562765388,0.38236730074872466,AutoETS,14,T1598,0.9920069220158335
61.86325714345263,79.6283462503878,0.5165695684837066,0.30309314229177226,AutoTheta,7,T1598,0.9920069220158335
69.41533733969833,85.24461707447146,0.5792534973983577,0.3400938406580371,AutoTheta,14,T1598,0.9920069220158335
9.908571428571479,13.202631772275058,0.6095136642943525,0.19236340354199455,Naive,7,T3224,0.9763859535479923
9.066428571428592,11.31619288579741,0.5580943263845803,0.17601417828420776,Naive,14,T3224,0.9763859535479923
11.127142857142903,13.531258520287683,0.6840191749019509,0.21602055221865546,SeasonalNaive,7,T3224,0.9763859535479923
13.68928571428572,16.47589126138985,0.8423175251611322,0.265761579360028,SeasonalNaive,14,T3224,0.9763859535479923
9.906931533938632,13.201799740836297,0.6094125335181333,0.19233156689275618,AutoETS,7,T3224,0.9763859535479923
9.065116655722315,11.31541619867591,0.5580134216203945,0.17598870896481708,AutoETS,14,T3224,0.9763859535479923
9.945000968416675,13.07777434904539,0.6117712201212372,0.1930706407380533,AutoTheta,7,T3224,0.9763859535479923
9.530727416643929,11.702130206241302,0.5867521029350978,0.1850280009901431,AutoTheta,14,T3224,0.9763859535479923
16.832857142857165,19.82754829595862,1.299420126142168,0.5654695068652513,Naive,7,T3312,0.9890195702344717
19.02785714285715,22.100656260456553,1.4675358550079387,0.6392065769915733,Naive,14,T3312,0.9890195702344717
15.297142857142846,18.60904234889202,1.180323614124432,0.5138799524325808,SeasonalNaive,7,T3312,0.9890195702344717
18.100714285714293,21.263509151327096,1.3957618302133739,0.6080608831991989,SeasonalNaive,14,T3312,0.9890195702344717
16.83304851028668,19.827768179144822,1.2994350314868373,0.5654759355092468,AutoETS,7,T3312,0.9890195702344717
19.02808678377257,22.1008835311279,1.4675537413705602,0.6392142913643679,AutoETS,14,T3312,0.9890195702344717
17.619758428006175,20.636410882522007,1.3607362027767527,0.5919040377288166,AutoTheta,7,T3312,0.9890195702344717
19.691068195352482,22.831026545850943,1.5192198744298053,0.6614859573498423,AutoTheta,14,T3312,0.9890195702344717
69.67714285714263,74.00739017152253,2.313855298745521,2.293957463089073,Naive,7,T3006,0.9810816887185236
70.37642857142838,74.35534167572804,2.337090023996971,2.3169798147145735,Naive,14,T3006,0.9810816887185236
126.5114285714285,130.18020970946384,4.25112467155667,4.165093800308416,SeasonalNaive,7,T3006,0.9810816887185236
127.21071428571425,131.46119777876876,4.274329266647466,4.188116151933916,SeasonalNaive,14,T3006,0.9810816887185236
67.70824966836055,71.98410715250508,2.247649529224241,2.2291362456965618,AutoETS,7,T3006,0.9810816887185236
66.30365474968009,70.41585528689139,2.200201493016532,2.1828932330786337,AutoETS,14,T3006,0.9810816887185236
70.14990139045774,74.40924817903182,2.3297849839084694,2.3095219354722296,AutoTheta,7,T3006,0.9810816887185236
69.64257223444497,73.64348145315856,2.312436677947906,2.2928193059447204,AutoTheta,14,T3006,0.9810816887185236
728.5016211428572,781.0169890683236,7.2693808401756,3.1473162573001083,Naive,7,T2932,0.9709139950962835
1051.3254105142857,1191.8257470142503,10.236664088248775,4.541998892237832,Naive,14,T2932,0.9709139950962835
764.1341174285711,825.9313993528285,7.641964623464799,3.301257898050722,SeasonalNaive,7,T2932,0.9709139950962835
1083.5439540571429,1225.8088962338575,10.573465218659612,4.681191370244797,SeasonalNaive,14,T2932,0.9709139950962835
733.0368804896714,785.2490008676277,7.3165468735199735,3.166909755871749,AutoETS,7,T2932,0.9709139950962835
1055.8606698611,1195.8282680270504,10.283746401007242,4.561592390809472,AutoETS,14,T2932,0.9709139950962835
725.3091283984569,776.5664385972607,7.236254175544462,3.1335238592818295,AutoTheta,7,T2932,0.9709139950962835
1038.6469494861562,1176.052337522995,10.10554092492361,4.487224646919367,AutoTheta,14,T2932,0.9709139950962835
153.48571428571424,172.8886264126624,0.9457074648549488,0.41760109524130673,Naive,7,T1515,0.9827781727864349
412.371428571429,520.4648265870484,2.505326806693452,1.1219725628476895,Naive,14,T1515,0.9827781727864349
609.6714285714285,658.8461418050715,3.8241800721093857,1.6587827570377187,SeasonalNaive,7,T1515,0.9827781727864349
868.5571428571432,942.4722133077153,5.382878855414801,2.3631542246441013,SeasonalNaive,14,T1515,0.9827781727864349
153.51040777065074,172.9105489753957,0.9458605273395279,0.4176682808188232,AutoETS,7,T1515,0.9827781727864349
412.3961220563655,520.4843917922746,2.505479835514087,1.122039748425206,AutoETS,14,T1515,0.9827781727864349
165.23977186289474,189.3861683739558,1.018656298266393,0.44958131789983213,AutoTheta,7,T1515,0.9827781727864349
414.355929960571,518.9428330488363,2.5177201140530943,1.127371957556639,AutoTheta,14,T1515,0.9827781727864349
110.77142857142826,124.08591493684607,0.8049580661434754,0.52725678631373,Naive,7,T934,0.9917286485667808
265.9714285714282,321.85287011303745,1.9153898090100578,1.265987470671787,Naive,14,T934,0.9917286485667808
153.11428571428561,182.52076202840192,1.1173336467454544,0.7288029708164263,SeasonalNaive,7,T934,0.9917286485667808
308.3142857142856,352.7563789035469,2.227758629852241,1.4675336551744835,SeasonalNaive,14,T934,0.9917286485667808
103.71840222124774,116.32673015314593,0.7534651245710218,0.4936853495710478,AutoETS,7,T934,0.9917286485667808
250.91959229421016,304.89313588973585,1.8055597900894504,1.1943427972573881,AutoETS,14,T934,0.9917286485667808
116.0719267393745,127.08348202898108,0.8436930001705343,0.5524864296065493,AutoTheta,7,T934,0.9917286485667808
267.6113706945098,321.0958613407902,1.927387463492685,1.2737933699429964,AutoTheta,14,T934,0.9917286485667808
31.408571428571463,40.71437583949928,5.047356862367144,0.7129278366302976,Naive,7,T2572,0.9741155104968089
48.85214285714289,55.732530703095044,7.919575133450918,1.108870952666604,Naive,14,T2572,0.9741155104968089
33.8814285714286,40.636919701881254,5.438556546006119,0.769058014252741,SeasonalNaive,7,T2572,0.9741155104968089
45.82642857142859,51.72847205774179,7.451191195870945,1.0401917405323835,SeasonalNaive,14,T2572,0.9741155104968089
31.408472435209482,40.714203890439,5.0473416411423315,0.7129255896282791,AutoETS,7,T2572,0.9741155104968089
48.85197786820625,55.732330514083664,7.919549773930758,1.10886720766324,AutoETS,14,T2572,0.9741155104968089
31.16195966663273,40.32836717847596,5.009381071765621,0.7073301165835134,AutoTheta,7,T2572,0.9741155104968089
48.2412453061318,54.979554130181526,7.825594552249434,1.095004487251724,AutoTheta,14,T2572,0.9741155104968089
13.858571428571492,15.013474424186962,1.0745365223910155,0.5089384720535307,Naive,7,T657,0.9781953922059554
8.475714285714323,11.242912052870132,0.6575471472740666,0.31125986544620116,Naive,14,T657,0.9781953922059554
24.907142857142844,32.395968223574606,1.9375956172794337,0.9146832553606085,SeasonalNaive,7,T657,0.9781953922059554
22.567142857142844,29.19468273504609,1.7571774516750984,0.8287497209596519,SeasonalNaive,14,T657,0.9781953922059554
13.592304375115289,14.768044910233586,1.0537632280316613,0.4991601519689068,AutoETS,7,T657,0.9781953922059554
8.285523533245607,11.05527123403576,0.6427089702881751,0.3042753511000412,AutoETS,14,T657,0.9781953922059554
12.837086073653577,14.139870229733884,0.9948754620880171,0.4714257169736538,AutoTheta,7,T657,0.9781953922059554
7.992568477582138,10.502520478716956,0.6198507485171978,0.2935169479573955,AutoTheta,14,T657,0.9781953922059554
29.407142857142908,30.04626694188249,3.1941675001937093,0.5021346668097978,Naive,7,T1333,0.985720969344191
25.014285714285773,26.35173564356956,2.7213865809656648,0.42712548048771265,Naive,14,T1333,0.985720969344191
32.99571428571427,33.93598743011822,3.591882306983453,0.5634104638963262,SeasonalNaive,7,T1333,0.985720969344191
28.60285714285714,29.970389672856385,3.1191415245420053,0.4884012775742411,SeasonalNaive,14,T1333,0.985720969344191
29.347515932097004,29.987910855995565,3.187583111040758,0.5011165214467387,AutoETS,7,T1333,0.985720969344191
24.95465878923987,26.29514169804072,2.714801790692322,0.4261073351246535,AutoETS,14,T1333,0.985720969344191
30.704789463543484,31.4228183946854,3.337594031152903,0.5242923225027428,AutoTheta,7,T1333,0.985720969344191
26.55907338387303,27.89600998946394,2.8921636852765458,0.4535031345674822,AutoTheta,14,T1333,0.985720969344191
105.02615552999954,115.74736906932664,1.1792298786228048,0.9185064865374932,Naive,7,T2677,0.9944087681597363
155.66268255571362,168.0192157170911,1.742519258060851,1.3613483509677724,Naive,14,T2677,0.9944087681597363
101.67781481571417,111.05225979824009,1.1416002137422345,0.8892235650624687,SeasonalNaive,7,T2677,0.9944087681597363
152.31434184142822,164.68699086720937,1.7048902199243967,1.3320654294927474,SeasonalNaive,14,T2677,0.9944087681597363
95.94467193635163,106.03302437324629,1.0765978430624707,0.8390843507270779,AutoETS,7,T2677,0.9944087681597363
139.3524928995777,150.54456987246425,1.5583009851226177,1.2187075495386614,AutoETS,14,T2677,0.9944087681597363
101.79821019440611,111.94198891769226,1.1427423421698493,0.89027648312578,AutoTheta,7,T2677,0.9944087681597363
148.19980863516503,159.70921679429674,1.6581872907199435,1.2960817698038316,AutoTheta,14,T2677,0.9944087681597363
87.22216451285696,90.05350160012033,1.6192388930614472,1.1054583805223104,Naive,7,T3119,0.9913404971990372
113.9109161799998,119.45337912235496,2.1083979494462493,1.4437130473366486,Naive,14,T3119,0.9913404971990372
98.32719742142854,106.85654444129648,1.8286734909163407,1.246204161864929,SeasonalNaive,7,T3119,0.9913404971990372
125.01594908857136,135.31173418545703,2.3178106785517296,1.5844588286792671,SeasonalNaive,14,T3119,0.9913404971990372
87.2222601878779,90.0535942670633,1.6192406845542258,1.1054595931126454,AutoETS,7,T3119,0.9913404971990372
113.91101185502073,119.45347035819763,2.108399740845537,1.4437142599269837,AutoETS,14,T3119,0.9913404971990372
82.29408876965603,85.14558354238561,1.5270143167003087,1.0429996848387475,AutoTheta,7,T3119,0.9913404971990372
105.50445544183751,110.63313850773235,1.9511538064145038,1.3371691140894584,AutoTheta,14,T3119,0.9913404971990372
58.27142857142826,63.99532348985659,0.3912872459795146,0.2584084332875635,Naive,7,T3144,0.9895972657438667
87.06428571428556,95.15294079983613,0.5839682543314487,0.38609222767125806,Naive,14,T3144,0.9895972657438667
274.57142857142884,295.6621382591963,1.8610396205805801,1.2176048266209862,SeasonalNaive,7,T3144,0.9895972657438667
303.36428571428615,327.6624537102609,2.0536945606829566,1.3452886210046808,SeasonalNaive,14,T3144,0.9895972657438667
60.577322036449914,66.10184555611201,0.40680885805139627,0.26863406756893143,AutoETS,7,T3144,0.9895972657438667
89.37017917930721,97.26726696304284,0.5994897789380772,0.39631786195262597,AutoETS,14,T3144,0.9895972657438667
55.10742945523816,60.98838073900419,0.3700120596493976,0.24437747378335795,AutoTheta,7,T3144,0.9895972657438667
79.92821960139034,87.71588629847889,0.5359707926201858,0.3544468791826869,AutoTheta,14,T3144,0.9895972657438667
105.31428571428607,118.2848257385542,0.7529347297217518,0.5886847665713717,Naive,7,T2722,0.9932942714897294
223.15714285714265,267.64408135752615,1.617364308784154,1.247401619453521,Naive,14,T2722,0.9932942714897294
241.1714285714284,277.3806976495867,1.7363800656576847,1.3480976979459924,SeasonalNaive,7,T2722,0.9932942714897294
221.25714285714275,246.2095710104358,1.603746049132785,1.2367810179947598,SeasonalNaive,14,T2722,0.9932942714897294
106.22029823422054,118.1996024470844,0.7594368327429917,0.593749186513936,AutoETS,7,T2722,0.9932942714897294
230.31344083964657,275.66649195441516,1.6687054301848112,1.2874038240810555,AutoETS,14,T2722,0.9932942714897294
99.22099726750197,110.8205425165,0.7092186369129844,0.554624562273176,AutoTheta,7,T2722,0.9932942714897294
227.8760255234972,276.1905471123687,1.6512082705888436,1.2737791837324741,AutoTheta,14,T2722,0.9932942714897294
54.47142857142847,77.04978909769977,0.5037190240374457,0.19599182742048363,Naive,7,T3220,0.9833305130052408
55.97857142857135,69.53388177202328,0.5182198532583766,0.2014146277857764,Naive,14,T3220,0.9833305130052408
112.68571428571444,123.41837094093562,1.0396820923380246,0.40545070408937317,SeasonalNaive,7,T3220,0.9833305130052408
100.45000000000007,116.27384240907962,0.9273343299508947,0.3614257892754089,SeasonalNaive,14,T3220,0.9833305130052408
52.301913215429,75.0489663568687,0.48360039749982864,0.1881857666948766,AutoETS,7,T3220,0.9833305130052408
56.40449001524745,70.18462943559952,0.5221785657690557,0.20294711122386974,AutoETS,14,T3220,0.9833305130052408
50.04047715410915,72.55161722756792,0.462630953475901,0.18004896915024343,AutoTheta,7,T3220,0.9833305130052408
57.25394632144993,70.18367303761165,0.5300433768799371,0.20600351158150246,AutoTheta,14,T3220,0.9833305130052408
147.05714285714333,150.62615026235414,1.644581734719474,0.5072099595386761,Naive,7,T2803,0.992997662232929
245.20000000000073,284.194181603254,2.715818964113011,0.8457112634079885,Naive,14,T2803,0.992997662232929
85.95714285714295,103.68627819395556,0.9524652860311388,0.29647195711523294,SeasonalNaive,7,T2803,0.992997662232929
152.6000000000001,227.04016007242961,1.6758679020997072,0.5263276459871891,SeasonalNaive,14,T2803,0.992997662232929
147.0477829961032,150.61701219191704,1.644476157689315,0.5071776767495016,AutoETS,7,T2803,0.992997662232929
245.1906401389606,284.1861060447822,2.7157134054652325,0.8456789806188141,AutoETS,14,T2803,0.992997662232929
144.8092260829783,148.28570336430417,1.6192323065034426,0.49945674365321485,AutoTheta,7,T2803,0.992997662232929
240.15609461737742,278.30407475363626,2.658968489987466,0.8283144950815257,AutoTheta,14,T2803,0.992997662232929
41.73285714285719,43.72344042795748,3.494727127518211,0.9322580664547995,Naive,7,T514,0.967522934912835
47.99714285714291,51.10520283829096,4.004992564090999,1.0721941093605023,Naive,14,T514,0.967522934912835
42.36000000000003,45.86361956932752,3.54928335648498,0.9462676269646287,SeasonalNaive,7,T514,0.967522934912835
48.62428571428575,53.16900802427781,4.059518557010029,1.0862036698703315,SeasonalNaive,14,T514,0.967522934912835
42.00485915703751,43.98313393055999,3.517944443352109,0.938334239742996,AutoETS,7,T514,0.967522934912835
48.26914487132323,51.36074747608982,4.028207129019111,1.0782702826486987,AutoETS,14,T514,0.967522934912835
42.963852078511536,45.35600368071345,3.5999312312581426,0.9597569015956661,AutoTheta,7,T514,0.967522934912835
49.20409954443777,52.70732274373515,4.108120215358156,1.0991559611153556,AutoTheta,14,T514,0.967522934912835
20.40285714285707,23.166462828839375,1.4754459841255456,0.40954324087441407,Naive,7,T592,0.9656837149076389
22.868571428571403,26.79659253391314,1.6507814296243337,0.45903712364638266,Naive,14,T592,0.9656837149076389
31.572857142857142,33.68739802528959,2.2953804040388857,0.6337568384375758,SeasonalNaive,7,T592,0.9656837149076389
33.505714285714326,38.49319661595134,2.4317026496787797,0.6725547662420217,SeasonalNaive,14,T592,0.9656837149076389
20.40327320856542,23.166829261500723,1.4754763588556374,0.40955159249386724,AutoETS,7,T592,0.9656837149076389
22.86886861836308,26.79693742982514,1.650803124553762,0.45904308908884917,AutoETS,14,T592,0.9656837149076389
21.762865729854543,24.599436570467063,1.5747949462186197,0.43684247256711717,AutoTheta,7,T592,0.9656837149076389
24.52327603317508,28.834190965854898,1.7716981253880122,0.49225174068331345,AutoTheta,14,T592,0.9656837149076389
92.34285714285728,108.87835938724088,2.3517158546751125,0.20800725099082049,Naive,7,T886,0.9909266137974043
115.37857142857158,143.51768183746572,2.9577573430939665,0.25989643605002494,Naive,14,T886,0.9909266137974043
206.05714285714288,228.78788679223632,5.12321852717272,0.46415479398075343,SeasonalNaive,7,T886,0.9909266137974043
230.69285714285712,251.7595834464755,5.769141352683245,0.5196480650719769,SeasonalNaive,14,T886,0.9909266137974043
92.3421716043939,108.87757360162766,2.3516986813383425,0.20800570677857028,AutoETS,7,T886,0.9909266137974043
115.37774878241551,143.5169209608313,2.9577367377941695,0.2598945829953247,AutoETS,14,T886,0.9909266137974043
95.72078884857027,114.1234292872051,2.436228185323593,0.21561622378936723,AutoTheta,7,T886,0.9909266137974043
119.9069021089894,147.63581789316066,3.071071413423438,0.270096744396061,AutoTheta,14,T886,0.9909266137974043
79.12857142857163,94.32679516295674,0.6160884069092963,0.48100792066821113,Naive,7,T1075,0.9896287532756126
79.14285714285754,94.32957421418112,0.6161270477032813,0.481094760877757,Naive,14,T1075,0.9896287532756126
166.15714285714316,172.72181184122172,1.301919983204161,1.0100384772146522,SeasonalNaive,7,T1075,0.9896287532756126
171.12857142857177,184.4232399362172,1.340780041883167,1.0402588701362157,SeasonalNaive,14,T1075,0.9896287532756126
81.36066877127347,97.71384355897032,0.6335422057657332,0.4945764267357221,AutoETS,7,T1075,0.9896287532756126
81.96066877127343,97.95864734420294,0.6381607511015525,0.49822371553660016,AutoETS,14,T1075,0.9896287532756126
80.78700811770068,96.27432021474223,0.6290576187324812,0.4910892499402545,AutoTheta,7,T1075,0.9896287532756126
78.41619085830202,93.23531488422745,0.6104506482792147,0.47667749120836506,AutoTheta,14,T1075,0.9896287532756126
24.82857142857139,27.709719800614522,0.8734995231165196,0.1304964129264886,Naive,7,T1214,0.9828554829563935
25.292857142857105,28.613745448148254,0.8905233908457566,0.13293665079766862,Naive,14,T1214,0.9828554829563935
39.28571428571416,45.18141210719284,1.375769787268526,0.20648166602292461,SeasonalNaive,7,T1214,0.9828554829563935
44.30714285714274,49.95681706662825,1.5519550327982632,0.23287377715276406,SeasonalNaive,14,T1214,0.9828554829563935
24.82894867299131,27.710218995781677,0.8735127359814372,0.1304983956842859,AutoETS,7,T1214,0.9828554829563935
25.29348588355697,28.61438334179641,0.8905454125680069,0.13293995539399744,AutoETS,14,T1214,0.9828554829563935
24.557073395140637,27.500332517037506,0.8639743741724986,0.12906944723975,AutoTheta,7,T1214,0.9828554829563935
25.74293727602396,29.42820241028807,0.9062588511856015,0.135302225598326,AutoTheta,14,T1214,0.9828554829563935
651.4142857142854,669.9581916593215,5.334398636180878,1.47031622755886,Naive,7,T550,0.9814591251284098
695.8714285714284,789.691323058754,5.651489181645964,1.570661061878981,Naive,14,T550,0.9814591251284098
859.0000000000002,906.3449075426928,7.1077657183591745,1.9388608250863903,SeasonalNaive,7,T550,0.9814591251284098
902.4000000000004,969.3573349684541,7.4164376388841795,2.036819567587845,SeasonalNaive,14,T550,0.9814591251284098
629.1593749978349,648.8221963616569,5.147219818616534,1.420084359626472,AutoETS,7,T550,0.9814591251284098
660.7080066694185,749.2026310321695,5.356296690084446,1.4912932141469766,AutoETS,14,T550,0.9814591251284098
665.0395912716392,685.2303012181068,5.4492875985992395,1.5010700938859673,AutoTheta,7,T550,0.9814591251284098
702.7029822174734,792.1047742180407,5.709231233613933,1.5860806564526626,AutoTheta,14,T550,0.9814591251284098
13.300000000000084,15.710096844295563,1.050663064016256,0.4024589362534245,Naive,7,T1634,0.9666579180431785
35.614285714285806,44.155132366302794,2.7739244533446636,1.0776907927817223,Naive,14,T1634,0.9666579180431785
16.700000000000045,19.276521618650175,1.3219972515047975,0.5053431755964034,SeasonalNaive,7,T1634,0.9666579180431785
38.44285714285719,46.91609531919727,2.9997825611507873,1.1632835633275616,SeasonalNaive,14,T1634,0.9666579180431785
13.300000055715243,15.710096909621273,1.0506630684498197,0.4024589379393691,AutoETS,7,T1634,0.9666579180431785
35.614285781144,44.1551324290902,2.7739244586634015,1.077690794804856,AutoETS,14,T1634,0.9666579180431785
11.520557584729952,13.863210945811836,0.9092013699592936,0.3486128835035119,AutoTheta,7,T1634,0.9666579180431785
33.22240912706978,41.75307619689867,2.5838734192696022,1.0053124388764272,AutoTheta,14,T1634,0.9666579180431785
64.58571428571408,90.6381896805719,0.42941787573988666,0.3296779006299744,Naive,7,T2343,0.9924907362654103
80.74999999999974,130.68841078797143,0.5382486620938259,0.41218852760693,Naive,14,T2343,0.9924907362654103
175.1000000000001,217.2494583258087,1.1713697273090222,0.8937982809160832,SeasonalNaive,7,T2343,0.9924907362654103
220.75,253.9614636121001,1.4767374267888167,1.126818792188608,SeasonalNaive,14,T2343,0.9924907362654103
67.32482884366384,89.44330084638202,0.4475723102083182,0.343659716067597,AutoETS,7,T2343,0.9924907362654103
86.41163949744532,135.351685104884,0.5757417722515159,0.4410883771213986,AutoETS,14,T2343,0.9924907362654103
68.9017342266096,92.99251541831026,0.4580110356033008,0.3517090325749884,AutoTheta,7,T2343,0.9924907362654103
90.02685395094484,139.73773966275778,0.5996587161824652,0.459542246131569,AutoTheta,14,T2343,0.9924907362654103
6.918571428571454,8.048262456669073,0.6753528154184671,0.22135656783336663,Naive,7,T1402,0.9844934403597341
9.862857142857113,11.519278251200046,0.9575981477184972,0.3155576593684809,Naive,14,T1402,0.9844934403597341
5.969999999999994,6.955980982476244,0.5825617194766913,0.1910074534329207,SeasonalNaive,7,T1402,0.9844934403597341
10.082857142857156,12.689638630450782,0.9792811099683425,0.32259645999750114,SeasonalNaive,14,T1402,0.9844934403597341
6.918777985684025,8.04838061390015,0.6753729644624658,0.2213631765348843,AutoETS,7,T1402,0.9844934403597341
9.8627194381154,11.51905160579882,0.9575847159938798,0.3155532535674691,AutoETS,14,T1402,0.9844934403597341
6.715623878539516,8.195625605387889,0.6555732701196577,0.21486335263871825,AutoTheta,7,T1402,0.9844934403597341
11.611513400084293,13.669038909288462,1.1285065462862507,0.37150512647442835,AutoTheta,14,T1402,0.9844934403597341
342.37142857142874,376.7018753034593,4.818932535073823,1.3257179490224533,Naive,7,T2411,0.9800227799756501
470.11428571428587,524.130747046956,6.539884432425288,1.8203591031641027,Naive,14,T2411,0.9800227799756501
281.42857142857144,343.8798585885151,3.9432531834156634,1.089737277632576,SeasonalNaive,7,T2411,0.9800227799756501
403.3714285714285,483.7542041160985,5.582626075315391,1.5619198868646402,SeasonalNaive,14,T2411,0.9800227799756501
342.37336809629517,376.70363807203046,4.818960631843797,1.3257254591787146,AutoETS,7,T2411,0.9800227799756501
470.1162252391523,524.1324866867692,6.539912511940314,1.8203666133203642,AutoETS,14,T2411,0.9800227799756501
357.23123261739994,389.95987566228564,5.034491420155461,1.383257531180053,AutoTheta,7,T2411,0.9800227799756501
487.2300107521361,540.2242627854052,6.788007431025359,1.8866339789266318,AutoTheta,14,T2411,0.9800227799756501
9.658571428571479,12.75996137477365,0.5461239226915192,0.2470046305440472,Naive,7,T1013,0.9878931385284161
9.462142857142892,11.511215338591722,0.5346484580817957,0.24198124100110843,Naive,14,T1013,0.9878931385284161
31.084285714285734,33.256496465245085,1.7681808006335378,0.7949376950166985,SeasonalNaive,7,T1013,0.9878931385284161
26.47785714285713,28.755522078376533,1.5070754233629415,0.6771346435170266,SeasonalNaive,14,T1013,0.9878931385284161
9.818942180143365,12.656470280951488,0.5551740364961497,0.25110589112228404,AutoETS,7,T1013,0.9878931385284161
9.301772105571006,11.331402809729472,0.5255989182320744,0.2378799804228716,AutoETS,14,T1013,0.9878931385284161
10.051006922605861,12.825706029419353,0.5682790757702221,0.2570406265433717,AutoTheta,7,T1013,0.9878931385284161
9.47658608848589,11.468179928152688,0.5354633521840854,0.24235060670369943,AutoTheta,14,T1013,0.9878931385284161
11.487142857142837,18.04672783953609,0.7690852072100558,0.2444942451992869,Naive,7,T862,0.9872685504274568
33.29357142857139,44.985994249004044,2.175031526086998,0.7086258713458505,Naive,14,T862,0.9872685504274568
25.985714285714298,29.381927389857506,1.7407056228570934,0.5530842333260836,SeasonalNaive,7,T862,0.9872685504274568
47.73214285714284,56.153361112988705,3.1425061691445153,1.0159388095661217,SeasonalNaive,14,T862,0.9872685504274568
11.487130760415019,18.046761307799716,0.7690844042766677,0.2444939877305347,AutoETS,7,T862,0.9872685504274568
33.29353513838794,44.985956222593146,2.175029118802429,0.7086250989395941,AutoETS,14,T862,0.9872685504274568
12.584984570476243,18.47766901926112,0.8419937223546203,0.2678608894891539,AutoTheta,7,T862,0.9872685504274568
34.13788118836745,45.35165528666997,2.2311046947609197,0.7265962996762834,AutoTheta,14,T862,0.9872685504274568
215.9428571428568,255.86963756681106,2.6265268267906543,0.8242997091253055,Naive,7,T3210,0.9840614762896622
237.6999999999995,284.98909252310443,2.898111525697797,0.907351340310661,Naive,14,T3210,0.9840614762896622
327.4714285714281,354.6543931370767,4.038458899636825,1.2500279328049337,SeasonalNaive,7,T3210,0.9840614762896622
216.25714285714244,265.8383692611515,2.6664367524286976,0.8254994043886524,SeasonalNaive,14,T3210,0.9840614762896622
215.94028435486624,255.86669827621992,2.6264961111488097,0.8242898882475959,AutoETS,7,T3210,0.9840614762896622
237.69691265441082,284.9861334402451,2.898074667462464,0.9073395552574094,AutoETS,14,T3210,0.9840614762896622
223.90185918964497,262.65242210823743,2.721434604314994,0.8546809088505413,AutoTheta,7,T3210,0.9840614762896622
249.15612800027995,296.39278203347766,3.034686108944958,0.9510818118959574,AutoTheta,14,T3210,0.9840614762896622
19.275714285714393,21.101024687373524,1.6179002993653369,0.5574023362404195,Naive,7,T1517,0.9580746410682769
33.77500000000009,38.59712470786252,2.8102478953497565,0.9766830752659956,Naive,14,T1517,0.9580746410682769
53.915714285714294,55.921749282878686,4.60970265576287,1.5590989084747318,SeasonalNaive,7,T1517,0.9580746410682769
68.41499999999999,72.52756062353124,5.801117268051064,1.978379647500308,SeasonalNaive,14,T1517,0.9580746410682769
19.277005573417846,21.10220428083843,1.618009734997899,0.5574396768427958,AutoETS,7,T1517,0.9580746410682769
33.77629128770354,38.59825467383317,2.810357311494867,0.9767204158683719,AutoETS,14,T1517,0.9580746410682769
20.759752204807032,22.478239030729334,1.7437916834608065,0.6003167616624991,AutoTheta,7,T1517,0.9580746410682769
35.31866431589674,40.08988312172046,2.941167631424819,1.0213217373304904,AutoTheta,14,T1517,0.9580746410682769
9.78311052857144,17.158997951127834,0.6590891713468934,0.16658023430908905,Naive,7,T2857,0.9570222553073046
35.488181164285706,45.16608514477451,2.3686638432598053,0.6042689097997289,Naive,14,T2857,0.9570222553073046
42.66183372857141,49.577902464100255,2.947235111233858,0.7264170467875265,SeasonalNaive,7,T2857,0.9570222553073046
69.18243964999998,79.36785606016159,4.711311113014356,1.1779921092902383,SeasonalNaive,14,T2857,0.9570222553073046
12.006831675368273,18.109290407822446,0.8107432239920032,0.20444426421958253,AutoETS,7,T2857,0.9570222553073046
38.251711177819516,47.59532535502314,2.5570358832454034,0.6513244424782382,AutoETS,14,T2857,0.9570222553073046
11.545045106319874,17.586240054111613,0.779251364976779,0.19658127272539305,AutoTheta,7,T2857,0.9570222553073046
37.740915937033215,47.12583850535191,2.5222158053267605,0.6426269642431053,AutoTheta,14,T2857,0.9570222553073046
148.242857142857,173.12464130958185,1.1994278033517727,0.5522010735624717,Naive,7,T1465,0.974659853200543
279.8214285714287,326.427593152645,2.2478459933993435,1.0423280840710158,Naive,14,T1465,0.974659853200543
364.22857142857123,368.04917761470006,2.9809794228759374,1.3567426589138272,SeasonalNaive,7,T1465,0.974659853200543
495.80714285714294,519.2505911682447,4.029098304628738,1.8468696694223712,SeasonalNaive,14,T1465,0.974659853200543
114.05270651481442,138.2287425473617,0.9209790895629871,0.4248435856811243,AutoETS,7,T1465,0.974659853200543
233.62692357164138,280.42353954526465,1.8718647094946386,0.8702546651879215,AutoETS,14,T1465,0.974659853200543
151.21064381415115,175.69751237507833,1.223659565822979,0.5632560074566137,AutoTheta,7,T1465,0.974659853200543
279.5551016267331,325.2352940166149,2.245699557404632,1.0413360226144708,AutoTheta,14,T1465,0.974659853200543
28.457142857142962,32.39492905643451,0.27329495886179345,0.10733543606213984,Naive,7,T2389,0.9861918935360825
32.800000000000054,40.41046540545801,0.3142332565695305,0.12371594437684366,Naive,14,T2389,0.9861918935360825
151.1857142857147,168.17148136012005,1.4661854368961635,0.570246445705635,SeasonalNaive,7,T2389,0.9861918935360825
179.22857142857174,198.3477033609704,1.7348134632513248,0.6760192674877529,SeasonalNaive,14,T2389,0.9861918935360825
28.450585358550338,32.38580882856477,0.2732320749379913,0.10731070230814178,AutoETS,7,T2389,0.9861918935360825
32.800000000000054,40.41377311235769,0.314233256345304,0.12371594437684366,AutoETS,14,T2389,0.9861918935360825
20.42608009330018,24.215021898279755,0.19622020558033673,0.07704365209328276,AutoTheta,7,T2389,0.9861918935360825
33.797565689845996,44.22070373299894,0.3238085399360472,0.1274785901511494,AutoTheta,14,T2389,0.9861918935360825
342.728571428572,349.31573315350664,2.190412824745487,1.8431673754044888,Naive,7,T3335,0.9919339785710739
402.96428571428635,414.75342330456743,2.569581993246675,2.1671103222759416,Naive,14,T3335,0.9919339785710739
490.7142857142857,504.5365511323946,3.154024215001954,2.639022939650039,SeasonalNaive,7,T3335,0.9919339785710739
550.95,574.4757516951559,3.533099750093992,2.9629658865214914,SeasonalNaive,14,T3335,0.9919339785710739
331.1734314640302,337.59615733182534,2.115754718435042,1.7810247389966143,AutoETS,7,T3335,0.9919339785710739
387.34879009384156,398.86171743831943,2.4687085999471354,2.083131411622518,AutoETS,14,T3335,0.9919339785710739
335.7602724467392,342.56701653217686,2.1453976147221705,1.805692410035121,AutoTheta,7,T3335,0.9919339785710739
385.7280068387282,397.3650083819042,2.458276635478936,2.0744149664018154,AutoTheta,14,T3335,0.9919339785710739
151.6857142857139,173.88284233110167,1.110716515151586,0.6795391316141586,Naive,7,T3055,0.9880542996164016
143.81428571428555,164.7867713137191,1.0535826494051057,0.6442757993934586,Naive,14,T3055,0.9880542996164016
284.1428571428566,329.3086784679162,2.095412499164106,1.2729358945004352,SeasonalNaive,7,T3055,0.9880542996164016
269.028571428571,312.5075244808397,1.9847756130990162,1.2052251767336453,SeasonalNaive,14,T3055,0.9880542996164016
136.08387582435276,159.57114109339545,0.995709636137594,0.6096442189024197,AutoETS,7,T3055,0.9880542996164016
122.50477636200465,143.22378569244472,0.8965648139915254,0.5488110053054858,AutoETS,14,T3055,0.9880542996164016
150.10269006270286,177.8857368972677,1.0990789544854314,0.6724473173922677,AutoTheta,7,T3055,0.9880542996164016
136.9950446098515,161.88952768039587,1.0033338914422076,0.6137261777616796,AutoTheta,14,T3055,0.9880542996164016
19.794285714285675,21.50779924984022,1.564582799428937,0.5014868919317049,Naive,7,T1524,0.9796490717378195
35.204285714285675,40.291443614884614,2.757960971750912,0.8918982013476483,Naive,14,T1524,0.9796490717378195
55.69142857142856,57.780700188607206,4.481588674612619,1.4109385822073917,SeasonalNaive,7,T1524,0.9796490717378195
71.10142857142856,75.34285348610425,5.674092303629577,1.801349891623335,SeasonalNaive,14,T1524,0.9796490717378195
17.506147426956336,19.087050320792244,1.3822615149288227,0.4435170629322888,AutoETS,7,T1524,0.9796490717378195
30.89327120199685,35.60235730236608,2.414900310088602,0.7826789397867259,AutoETS,14,T1524,0.9796490717378195
21.235128418915824,22.87622478656461,1.6796325171309898,0.5379905445583801,AutoTheta,7,T1524,0.9796490717378195
36.472703527445674,41.46464557104241,2.8592203180707183,0.9240334809921845,AutoTheta,14,T1524,0.9796490717378195
155.4142857142859,158.56965571724547,1.0335197351218581,0.7871891576637502,Naive,7,T2945,0.991341696008157
280.3285714285715,330.5760988681081,1.8502614319996329,1.41989271448072,Naive,14,T2945,0.991341696008157
267.92857142857144,284.8522699826801,1.7901391992940083,1.357085453808587,SeasonalNaive,7,T2945,0.991341696008157
392.842857142857,423.685172875197,2.606847221884789,1.9897890106255567,SeasonalNaive,14,T2945,0.991341696008157
148.11009717386696,151.8412026378512,0.9847009408700813,0.7501927001108067,AutoETS,7,T2945,0.991341696008157
265.30482997544965,313.9182821330268,1.749897664459044,1.3437959366003207,AutoETS,14,T2945,0.991341696008157
151.8875772418895,154.79166014435518,1.0099500049789445,0.769326020700813,AutoTheta,7,T2945,0.991341696008157
270.87341968174434,319.845778359951,1.7870896844143855,1.3720014096051116,AutoTheta,14,T2945,0.991341696008157
18.058571428571458,19.350413432275833,1.8597324616446549,0.5037573996854133,Naive,7,T756,0.9838351731020025
18.027142857142888,18.94964869632909,1.8572741557195522,0.5028806761039658,Naive,14,T756,0.9838351731020025
32.674285714285716,33.17926805358172,3.39605699822222,0.9114737161304293,SeasonalNaive,7,T756,0.9838351731020025
32.64285714285715,33.512923946271414,3.393569639646322,0.9105969925489819,SeasonalNaive,14,T756,0.9838351731020025
18.796693122637084,20.04101220761506,1.9365881473797228,0.5243478581679483,AutoETS,7,T756,0.9838351731020025
18.765264551208514,19.65315394025325,1.9341301474014891,0.5234711345865007,AutoETS,14,T756,0.9838351731020025
19.133132395652655,20.316614541071353,1.9716533216977215,0.533733084125425,AutoTheta,7,T756,0.9838351731020025
19.178363564174138,20.039600806787053,1.977183495587172,0.5349948415091271,AutoTheta,14,T756,0.9838351731020025
29.72142857142847,30.46621759073004,1.7100746054692706,0.6114499667536626,Naive,7,T1185,0.9905527575654054
50.100714285714176,55.37580525051394,2.8581072874846187,1.0307068521525764,Naive,14,T1185,0.9905527575654054
57.132857142857084,60.74786474789516,3.320436515602264,1.1753770017005185,SeasonalNaive,7,T1185,0.9905527575654054
77.51214285714279,82.4881221319599,4.468150766302592,1.594633887099432,SeasonalNaive,14,T1185,0.9905527575654054
28.38257578341443,29.049599467988983,1.6323923582704565,0.5839061530116071,AutoETS,7,T1185,0.9905527575654054
47.258224107139085,52.12272655428546,2.693320190847709,0.9722291608461043,AutoETS,14,T1185,0.9905527575654054
31.214140740942703,32.048960615097386,1.7967824039870302,0.6421590830476106,AutoTheta,7,T1185,0.9905527575654054
51.75776262709972,56.97854072150581,2.9543468754125497,1.0647968068401314,AutoTheta,14,T1185,0.9905527575654054
115.95714285714323,127.90020104976966,1.2708327388224159,0.6840936989041769,Naive,7,T3047,0.9947165591557863
224.46428571428598,252.94518463210864,2.4408112817406793,1.324235831468752,Naive,14,T3047,0.9947165591557863
150.04285714285703,167.87652350122426,1.6489835369102444,0.8851837032882274,SeasonalNaive,7,T3047,0.9947165591557863
251.43571428571417,280.65214488503625,2.740726552967769,1.4833548290702134,SeasonalNaive,14,T3047,0.9947165591557863
107.69944649168143,118.96925263140035,1.1796850539069117,0.6353770962707727,AutoETS,7,T3047,0.9947165591557863
208.98154719442118,235.89083569711735,2.270035327910919,1.2328948101030464,AutoETS,14,T3047,0.9947165591557863
109.62439943916772,120.43439212419081,1.200937430438553,0.646733431461652,AutoTheta,7,T3047,0.9947165591557863
211.0025994087329,237.83820222709818,2.2923258342153527,1.2448180866766188,AutoTheta,14,T3047,0.9947165591557863
246.38571428571413,322.98951995382134,1.8064188237425565,1.113570867792917,Naive,7,T2600,0.9835247287046535
144.40714285714265,231.987913786165,1.0564539538552133,0.6526660356632858,Naive,14,T2600,0.9835247287046535
544.2285714285715,594.5281610535486,3.9262971926794954,2.459708690174465,SeasonalNaive,7,T2600,0.9835247287046535
429.75,491.4682339683817,3.0866707798451456,1.9423085539734704,SeasonalNaive,14,T2600,0.9835247287046535
291.73132993579776,360.60841695266134,2.132829777143475,1.3185160153492885,AutoETS,7,T2600,0.9835247287046535
184.9052334638184,261.58383384632947,1.3479389258411092,0.8357021911139874,AutoETS,14,T2600,0.9835247287046535
255.31946816853971,332.85451268391637,1.870846783145147,1.1539480791616332,AutoTheta,7,T2600,0.9835247287046535
153.79997803430746,239.22757298773408,1.1241944949014093,0.6951181220173758,AutoTheta,14,T2600,0.9835247287046535
919.4142857142843,971.0786028211826,4.479430908228389,3.5620442385619833,Naive,7,T3428,0.9906734232872607
1359.685714285713,1455.150215122626,6.540235490939696,5.267767469007483,Naive,14,T3428,0.9906734232872607
970.3571428571429,1086.2326434582442,4.742335458302159,3.7594097935692457,SeasonalNaive,7,T3428,0.9906734232872607
1410.6285714285714,1545.5235405149006,6.802800709044855,5.465133024014745,SeasonalNaive,14,T3428,0.9906734232872607
909.2116331534069,959.8773652483803,4.428503851029091,3.522516573680978,AutoETS,7,T3428,0.9906734232872607
1340.5472897777659,1434.149232304002,6.444812271924707,5.193620356206506,AutoETS,14,T3428,0.9906734232872607
918.7780332143848,965.7128907400792,4.4763209762690925,3.559579234932224,AutoTheta,7,T3428,0.9906734232872607
1343.932898292827,1435.014844289298,6.4617707859919475,5.2067370626711345,AutoTheta,14,T3428,0.9906734232872607
201.485714285715,336.9317904688895,1.302265097834897,0.9516997377065868,Naive,7,T2870,0.9876559670165995
535.5714285714291,664.3269257569759,3.432464574319967,2.5297237072192176,Naive,14,T2870,0.9876559670165995
287.8285714285718,364.85505536935034,1.8725456547693582,1.3595324954135186,SeasonalNaive,7,T2870,0.9876559670165995
604.7857142857143,712.4002636961088,3.890238984391048,2.8566511908542407,SeasonalNaive,14,T2870,0.9876559670165995
202.1591808354107,337.4721184120768,1.306697597302094,0.9548807966763094,AutoETS,7,T2870,0.9876559670165995
536.3795884310639,665.08109836608,3.4377816430731776,2.533540977982885,AutoETS,14,T2870,0.9876559670165995
204.9316379270593,331.0112149363549,1.3249892183334955,0.9679762496034742,AutoTheta,7,T2870,0.9876559670165995
530.3362514892227,654.024497926927,3.3980939632016947,2.5049958168392665,AutoTheta,14,T2870,0.9876559670165995
15.897474857142859,19.23031704435991,1.0887022307813279,0.28555938401196723,Naive,7,T2585,0.9776145302707181
40.73914685714284,67.46991726092632,2.6801899085564664,0.7317794672574547,Naive,14,T2585,0.9776145302707181
19.668705628571452,22.319252991286195,1.3495021361142303,0.3533003520420101,SeasonalNaive,7,T2585,0.9776145302707181
52.639812100000036,76.94485710787447,3.498102883751724,0.9455459092000268,SeasonalNaive,14,T2585,0.9776145302707181
14.752754710771926,18.210333667221658,1.0107053672365551,0.2649972769602992,AutoETS,7,T2585,0.9776145302707181
41.11945381039376,68.61747663044997,2.706021294713751,0.7386107546337013,AutoETS,14,T2585,0.9776145302707181
14.280304972946201,17.779663728191085,0.9784844185428753,0.25651086906706627,AutoTheta,7,T2585,0.9776145302707181
41.96910800846682,69.46254108902549,2.7640208849890437,0.7538727211790305,AutoTheta,14,T2585,0.9776145302707181
267.528571428571,316.837288119402,1.7058765034601548,1.6952329073436734,Naive,7,T526,0.9858622222921394
456.64999999999964,519.267356818376,2.8919951075713604,2.893627783397994,Naive,14,T526,0.9858622222921394
380.4571428571427,397.6809237854602,2.4391532006515564,2.4108208890039386,SeasonalNaive,7,T526,0.9858622222921394
569.5785714285713,615.2756855960702,3.6251104872049402,3.6092157650582593,SeasonalNaive,14,T526,0.9858622222921394
252.51689520472868,299.08458746045585,1.6090837423627353,1.6001092822551257,AutoETS,7,T526,0.9858622222921394
423.606291931674,481.9435380797709,2.6791411116633763,2.6842416195241308,AutoETS,14,T526,0.9858622222921394
261.0272037697024,305.82685643495637,1.663969369303065,1.654036064930912,AutoTheta,7,T526,0.9858622222921394
434.2781572560717,492.52145130463805,2.747860580897796,2.751865414560502,AutoTheta,14,T526,0.9858622222921394
72.4714285714286,84.99642849639544,1.6791136592488276,0.21769959545503215,Naive,7,T824,0.9707549564130614
92.25714285714282,108.04485179776032,2.132763153546568,0.27713463186449766,Naive,14,T824,0.9707549564130614
99.34285714285735,114.7449718786344,2.3197928046583947,0.29841967017431426,SeasonalNaive,7,T824,0.9707549564130614
103.5285714285716,122.31027874105396,2.4063618156900435,0.3109932915952336,SeasonalNaive,14,T824,0.9707549564130614
53.558585643887454,64.13506981321753,1.2390658454276624,0.1608866094908849,AutoETS,7,T824,0.9707549564130614
72.91467959578618,86.46940135792924,1.6844902731114424,0.21903109354455258,AutoETS,14,T824,0.9707549564130614
75.53498233971511,86.02477827686687,1.7508144329785937,0.2269023175367885,AutoTheta,7,T824,0.9707549564130614
91.81126942888432,107.13374184542877,2.1223471409625145,0.275795256239242,AutoTheta,14,T824,0.9707549564130614
14.508928571428571,16.016087754638637,1.2200046647119849,0.9234950808882726,Naive,7,T256,0.7210170867356794
24.040178571428573,28.260585880085966,2.008150360778843,1.5301603109487225,Naive,14,T256,0.7210170867356794
14.933035714285714,16.3917878434708,1.2563895937904976,0.9504895524834682,SeasonalNaive,7,T256,0.7210170867356794
25.111607142857142,28.922473729042316,2.0994661847894753,1.5983568707681641,SeasonalNaive,14,T256,0.7210170867356794
14.508816982139965,16.015958859369412,1.219995213584234,0.9234879782163833,AutoETS,7,T256,0.7210170867356794
24.040044664282245,28.260456564105912,2.0081390205507392,1.5301517877424553,AutoETS,14,T256,0.7210170867356794
14.192825471259018,15.697677845514933,1.1932392744857643,0.903375079840437,AutoTheta,7,T256,0.7210170867356794
23.629471614662943,27.886858907649327,1.9733785893401266,1.5040187628397497,AutoTheta,14,T256,0.7210170867356794
109.37142857142888,120.02990103660514,1.1257053205139378,0.9483555916623974,Naive,7,T2792,0.9954889068020571
81.10714285714312,95.37282856543301,0.8356380034199091,0.7032770208546583,Naive,14,T2792,0.9954889068020571
148.51428571428602,163.9738393768962,1.5329217405965685,1.2877618509564102,SeasonalNaive,7,T2792,0.9954889068020571
120.25000000000026,139.08625535462343,1.2428634217197727,1.042683280148671,SeasonalNaive,14,T2792,0.9954889068020571
109.3783752141813,120.03454152004748,1.1257773046957964,0.9484158257434878,AutoETS,7,T2792,0.9954889068020571
81.1077169888058,95.37419005879417,0.8356439523773577,0.7032819991289642,AutoETS,14,T2792,0.9954889068020571
105.65890861143478,118.04322745298067,1.0872498395904575,0.9161644690885592,AutoTheta,7,T2792,0.9954889068020571
75.03750679428711,91.45766623673576,0.7727729377298148,0.6506474321700233,AutoTheta,14,T2792,0.9954889068020571
54.09999999999958,67.71491711580202,0.3949220621743822,0.2538625765043451,Naive,7,T160,0.9904826876104095
3447.442857142857,6372.869411138798,44.08141139759946,16.177018966095996,Naive,14,T160,0.9904826876104095
76.40000000000016,111.60057603537959,0.5598114599304036,0.35850463669005833,SeasonalNaive,7,T160,0.9904826876104095
3455.542857142857,6344.5612031093215,44.20882660363325,16.215027965535647,SeasonalNaive,14,T160,0.9904826876104095
67.40406529543257,80.82462408224929,0.49168128553542756,0.31629149136350754,AutoETS,7,T160,0.9904826876104095
3471.3422020244975,6393.724481814108,44.207900322889785,16.28916590266567,AutoETS,14,T160,0.9904826876104095
72.9057797176951,83.58130948874152,0.5316663152673171,0.3421081161033724,AutoTheta,7,T160,0.9904826876104095
3473.712331093524,6391.935804317344,44.22925057124088,16.30028766000598,AutoTheta,14,T160,0.9904826876104095
119.14285714285714,133.06871479481129,1.2895568798038988,0.6029733565806115,Naive,7,T463,0.9884453007906575
163.4285714285713,177.19447347073594,1.7747273453257686,0.8271001437988238,Naive,14,T463,0.9884453007906575
174.97142857142848,199.22419531773738,1.8841197103549843,0.8855177064027968,SeasonalNaive,7,T463,0.9884453007906575
235.61428571428573,258.14280931298475,2.5441626639090003,1.1924268069645114,SeasonalNaive,14,T463,0.9884453007906575
119.25155444262548,133.2335859611025,1.2907255480671365,0.6035234657291102,AutoETS,7,T463,0.9884453007906575
163.60973359485186,177.4050403323351,1.776675079397012,0.828016992379655,AutoETS,14,T463,0.9884453007906575
120.30415251373077,134.78754431484379,1.3020389727550277,0.6088505882044728,AutoTheta,7,T463,0.9884453007906575
165.96264195306463,180.2086060960482,1.8019643100092082,0.8399248908848671,AutoTheta,14,T463,0.9884453007906575
89.2857142857148,111.20318597697049,0.6623100053942896,0.3776824207576298,Naive,7,T2334,0.9922422882343257
244.26428571428627,308.37659374769163,1.7952688451283227,1.0332484594118898,Naive,14,T2334,0.9922422882343257
72.2000000000002,102.81927279038163,0.5358190507034887,0.3054091127214489,SeasonalNaive,7,T2334,0.9922422882343257
223.12142857142862,290.5095953664869,1.6387322330388703,0.9438132621764813,SeasonalNaive,14,T2334,0.9922422882343257
74.90464670488369,98.9638855314637,0.5551562021934898,0.31684988488714766,AutoETS,7,T2334,0.9922422882343257
216.75705938567964,280.8023958513038,1.5904767063254812,0.9168917061369893,AutoETS,14,T2334,0.9922422882343257
90.04255720554076,110.221926343212,0.667999967924012,0.38088389893787294,AutoTheta,7,T2334,0.9922422882343257
234.4058398315005,297.652031041279,1.721879671184114,0.9915468083056014,AutoTheta,14,T2334,0.9922422882343257
99.1651568571433,120.02486001283393,0.5630454688958683,0.3607829346092789,Naive,7,T3147,0.981935387051658
103.52352287142874,130.0254127078898,0.5883173958834845,0.3766395533105479,Naive,14,T3147,0.981935387051658
442.1570281571424,466.66319165300865,2.54385585585564,1.608656863281715,SeasonalNaive,7,T3147,0.981935387051658
442.7674716999996,476.6340706181194,2.5477287705047718,1.610877780585588,SeasonalNaive,14,T3147,0.981935387051658
103.52310985414806,123.64979967825485,0.5878944079650389,0.3766380506699905,AutoETS,7,T3147,0.981935387051658
106.63634644071784,132.52414103019183,0.606066606081271,0.38796463621105615,AutoETS,14,T3147,0.981935387051658
107.17698891588796,124.11653924148884,0.6087527186829069,0.3899316030868035,AutoTheta,7,T3147,0.981935387051658
111.07466267618422,133.12405893231784,0.6313849136743176,0.4041121300173972,AutoTheta,14,T3147,0.981935387051658
49.3485714285715,52.8511773081466,3.5679973392046405,1.319945220116067,Naive,7,T1541,0.9909768689799645
61.757142857142966,65.007894245897,4.446156832722742,1.6518420526174615,Naive,14,T1541,0.9909768689799645
69.85285714285718,73.84557332704516,5.096611119006365,1.8683812363367085,SeasonalNaive,7,T1541,0.9909768689799645
82.26142857142864,85.89622426426645,5.9744286302509515,2.200278068838103,SeasonalNaive,14,T1541,0.9909768689799645
48.43996310700273,51.91511226858675,3.5009867617491928,1.2956423238762376,AutoETS,7,T1541,0.9909768689799645
60.52918770909006,63.7440134158618,4.355622225891214,1.6189974639846296,AutoETS,14,T1541,0.9909768689799645
49.591770968319,53.22358771066722,3.585955467128639,1.3264501717434667,AutoTheta,7,T1541,0.9909768689799645
61.28751258679919,64.55096034451766,4.411552639253259,1.6392806711505363,AutoTheta,14,T1541,0.9909768689799645
65.91428571428567,95.31178910741922,0.5989817359065891,0.28653728899387826,Naive,7,T1096,0.9855292737565634
110.36428571428561,136.09625532793214,1.001232245336172,0.4797667590208509,Naive,14,T1096,0.9855292737565634
71.74285714285725,96.18440622055141,0.653605296554075,0.31187478659021667,SeasonalNaive,7,T1096,0.9855292737565634
116.62142857142862,137.9958306823591,1.06026290214649,0.5069673079110377,SeasonalNaive,14,T1096,0.9855292737565634
65.84031268210909,95.05580221537437,0.5983056942195007,0.2862157193694965,AutoETS,7,T1096,0.9855292737565634
110.06839358557929,135.7121748389732,0.9985279278717858,0.47848048052332387,AutoETS,14,T1096,0.9855292737565634
64.79060062505103,93.7777517893257,0.5887144109381277,0.28165249542199927,AutoTheta,7,T1096,0.9855292737565634
109.43972326804045,134.48509158740842,0.9927884923911491,0.4757475754101694,AutoTheta,14,T1096,0.9855292737565634
7.19142857142856,14.50067289079075,0.6090134704735973,0.17277209948469954,Naive,7,T852,0.978501444665267
24.282142857142826,33.686729370989454,2.0014697233061836,0.5833718237964207,Naive,14,T852,0.978501444665267
15.562857142857117,18.98474801367814,1.3116516856131517,0.3738933754045127,SeasonalNaive,7,T852,0.978501444665267
32.65357142857139,39.117676037456846,2.704020673757603,0.7844930997162339,SeasonalNaive,14,T852,0.978501444665267
7.19142866464069,14.50067278292682,0.6090134782713966,0.17277210172409543,AutoETS,7,T852,0.978501444665267
24.282142981425668,33.68672946408611,2.0014697336997087,0.5833718267822818,AutoETS,14,T852,0.978501444665267
8.497004760170869,14.682754487742923,0.7183202755895182,0.20413820942041053,AutoTheta,7,T852,0.978501444665267
25.29872709939556,34.074951070392004,2.086581998152977,0.6077949814614877,AutoTheta,14,T852,0.978501444665267
32.63505951285716,34.60678424440391,1.140552234591723,0.35527066941955354,Naive,7,T2676,0.9915102604450652
32.21165393642855,34.6387628867232,1.125687492475755,0.3506614061052181,Naive,14,T2676,0.9915102604450652
50.72374995428585,53.31476285825642,1.7800390429390707,0.55218715304103,SeasonalNaive,7,T2676,0.9915102604450652
50.300344377857236,54.58975827216796,1.7651655966605668,0.5475778897266946,SeasonalNaive,14,T2676,0.9915102604450652
26.782707538202494,29.443206694358675,0.9349713259607277,0.2915609953834059,AutoETS,7,T2676,0.9915102604450652
24.16394865800417,26.913662810946576,0.8432129170722424,0.2630527519696035,AutoETS,14,T2676,0.9915102604450652
36.18431842543331,38.11701230677868,1.2655405208453758,0.39390849048182164,AutoTheta,7,T2676,0.9915102604450652
35.740332584357965,38.43980198204317,1.2499509287380373,0.3890751869939117,AutoTheta,14,T2676,0.9915102604450652
17.780000000000104,20.333858463164418,1.3692864674973433,0.5656465072327638,Naive,7,T3080,0.9820724245012051
36.05642857142868,41.48955849711734,2.7509516691931712,1.1470862139885345,Naive,14,T3080,0.9820724245012051
18.19571428571427,22.32497736361033,1.4022017194077483,0.5788718915815253,SeasonalNaive,7,T3080,0.9820724245012051
36.44071428571427,42.122765561765135,2.781437325670837,1.1593117411013067,SeasonalNaive,14,T3080,0.9820724245012051
17.780936946094148,20.334677737327812,1.3693592712069773,0.5656763148978684,AutoETS,7,T3080,0.9820724245012051
36.057365517522726,41.4903727510783,2.7510244591971036,1.1471160216536391,AutoETS,14,T3080,0.9820724245012051
16.12653066417345,18.7658897096678,1.2409016885614337,0.5130436301446412,AutoTheta,7,T3080,0.9820724245012051
33.72908939391464,39.16147045844795,2.570339705732425,1.073045084803676,AutoTheta,14,T3080,0.9820724245012051
164.12857142857138,212.76090873493254,1.8971215878146506,0.8269245231686168,Naive,7,T1122,0.9928648332397148
588.2142857142854,783.1525695181347,7.123800011857669,2.963584057922168,Naive,14,T1122,0.9928648332397148
181.22857142857148,216.01030398703546,2.0967253328913764,0.9130789886776115,SeasonalNaive,7,T1122,0.9928648332397148
557.4,743.847196290052,6.772079810043473,2.8083332792230045,SeasonalNaive,14,T1122,0.9928648332397148
164.15964414238624,212.81049934279372,1.897475178046441,0.8270810759785954,AutoETS,7,T1122,0.9928648332397148
588.2604861669022,783.1973282547641,7.124324439399637,2.963816828407634,AutoETS,14,T1122,0.9928648332397148
166.17807686142183,214.76818201643448,1.920435659550659,0.837250490719787,AutoTheta,7,T1122,0.9928648332397148
594.7604747236182,790.3272295166392,7.198006565297089,2.996565544192339,AutoTheta,14,T1122,0.9928648332397148
225.29999999999978,332.1006280374325,2.383296974346864,0.6622280565038271,Naive,7,T3457,0.9844462133649299
205.22142857142833,274.42203550631365,2.157616605204078,0.6032107758357572,Naive,14,T3457,0.9844462133649299
301.4142857142854,343.1825524203033,3.1875690751374184,0.8859520489616542,SeasonalNaive,7,T3457,0.9844462133649299
278.7499999999999,313.52568475325904,2.941851793725819,0.8193345350663201,SeasonalNaive,14,T3457,0.9844462133649299
225.48518630548537,332.63967300654275,2.385253253549082,0.662772377707435,AutoETS,7,T3457,0.9844462133649299
207.7442306347266,276.3781494126538,2.184248290674612,0.6106260901159252,AutoETS,14,T3457,0.9844462133649299
223.87723035488565,332.10489840891603,2.368278769544474,0.6580460859004691,AutoTheta,7,T3457,0.9844462133649299
205.47862381160823,275.3123637927467,2.1603315685517743,0.6039667541049377,AutoTheta,14,T3457,0.9844462133649299
203.4142857142854,272.89469188158057,2.3338904463475263,1.0369136678880984,Naive,7,T1282,0.9932291110652949
402.778571428571,487.6471667975873,4.562785212381625,2.0531822746871975,Naive,14,T1282,0.9932291110652949
235.05714285714308,300.9456998957028,2.675847265049054,1.198214586096693,SeasonalNaive,7,T1282,0.9932291110652949
300.50714285714275,346.49622240777325,3.3773945786168005,1.5318489683868335,SeasonalNaive,14,T1282,0.9932291110652949
198.8057794090655,267.82860830157665,2.279928633711374,1.013421595246047,AutoETS,7,T1282,0.9932291110652949
393.6649209212337,478.2733535659924,4.456165770962833,2.0067250224729314,AutoETS,14,T1282,0.9932291110652949
199.46875058988164,264.6751136907167,2.287743563330924,1.0168011213023918,AutoTheta,7,T1282,0.9932291110652949
390.86476719494686,473.80406638057724,4.423504521876131,1.992451110191997,AutoTheta,14,T1282,0.9932291110652949
36.058571428571504,37.45152657579059,2.0513647229608614,0.803881939608616,Naive,7,T1177,0.976576459267932
60.61571428571439,66.68864081900101,3.415092027214995,1.3513535351029347,Naive,14,T1177,0.976576459267932
70.61571428571428,75.6416031597125,4.065548009789949,1.5742913575846207,SeasonalNaive,7,T1177,0.976576459267932
95.17285714285717,101.01337860473167,5.4287370132714905,2.1217629530789393,SeasonalNaive,14,T1177,0.976576459267932
36.242727844276324,37.62886645890409,2.061957825698425,0.8079874826399425,AutoETS,7,T1177,0.976576459267932
60.79987070141921,66.85607132660178,3.4256826075917046,1.355459078134261,AutoETS,14,T1177,0.976576459267932
36.29785761044588,37.96829565250086,2.0651566694592853,0.809216533642319,AutoTheta,7,T1177,0.976576459267932
60.924009144708165,67.14495119784017,3.4328474328882272,1.3582265935575717,AutoTheta,14,T1177,0.976576459267932
33.214285714285715,56.12230267142335,0.4167067678775677,0.1140144931131001,Naive,7,T2884,0.9646829732926611
107.44285714285706,146.01566941354506,1.3390198211768418,0.36881849578650544,Naive,14,T2884,0.9646829732926611
175.6857142857143,209.7266997104293,2.247780927756786,0.6030753704537226,SeasonalNaive,7,T2884,0.9646829732926611
254.28571428571428,291.2628611507384,3.2250512821461284,0.8728851515755619,SeasonalNaive,14,T2884,0.9646829732926611
33.215110162553174,56.124819344255506,0.416717169758956,0.11401732319206434,AutoETS,7,T2884,0.9646829732926611
107.4461549359269,146.01974327618046,1.3390614261645326,0.36882981610236243,AutoETS,14,T2884,0.9646829732926611
38.16888566620297,59.08345086331698,0.4792847320865852,0.13102212070308827,AutoTheta,7,T2884,0.9646829732926611
112.70413594541294,150.78027659403335,1.4054548025522864,0.3868788581546807,AutoTheta,14,T2884,0.9646829732926611
209.52857142857178,245.0453748069649,2.0026784017449306,0.7296623478219854,Naive,7,T2450,0.9867018068660204
488.95000000000044,575.9612914820881,4.586916233531479,1.7027195982633914,Naive,14,T2450,0.9867018068660204
320.27142857142906,340.5652800859188,3.0603343454426244,1.115313300321885,SeasonalNaive,7,T2450,0.9867018068660204
486.1214285714289,554.5286396056181,4.5655316179962,1.6928693804363812,SeasonalNaive,14,T2450,0.9867018068660204
209.53846422131028,245.05616781572203,2.002774221984799,0.7296967984858106,AutoETS,7,T2450,0.9867018068660204
488.9618713512867,575.9728258275301,4.587031142353123,1.7027609390599818,AutoETS,14,T2450,0.9867018068660204
209.1511663730237,244.53866641386307,1.999054274657339,0.7283480723652609,AutoTheta,7,T2450,0.9867018068660204
481.0895388699456,566.3222182405245,4.510939731580153,1.6753463265228616,AutoTheta,14,T2450,0.9867018068660204
26.76760833028217,27.600150733169826,2.8835408437435364,0.46650820377851854,CatBoost_lags_only,7,T1321,0.9855413172672572
19.822241924981615,22.182395425859706,2.1355618855754854,0.34546375459420575,CatBoost_lags_only,14,T1321,0.9855413172672572
73.22224102902744,98.78042704507295,0.7791244763672052,0.28580126906386244,CatBoost_lags_only,7,T2316,0.9445708282737718
132.51003097598823,166.525426923828,1.4025723632335114,0.5172135472009901,CatBoost_lags_only,14,T2316,0.9445708282737718
243.20717629764607,247.67664932854208,1.6204357181319504,1.1828107308813833,CatBoost_lags_only,7,T2394,0.9861119375223296
455.12347476581556,505.51045748604025,2.9994698566617273,2.213441798979677,CatBoost_lags_only,14,T2394,0.9861119375223296
14.522206263035027,17.021046506271343,0.9786865559449492,0.6191352468581544,CatBoost_lags_only,7,T2998,0.9567561936149641
20.226634420748983,22.54405726420845,1.3508817699163738,0.862336071281145,CatBoost_lags_only,14,T2998,0.9567561936149641
29.126057267064652,31.168409988137228,1.6597539522450304,1.151686771593598,CatBoost_lags_only,7,T3564,0.9551428108336908
38.799647723860566,41.15246543546427,2.2030434012397158,1.5341946428358877,CatBoost_lags_only,14,T3564,0.9551428108336908
135.26471637652398,150.06398543128563,1.1137302374823268,0.7135935152712027,CatBoost_lags_only,7,T1487,0.9914996760763503
199.41624536284067,226.10761178007888,1.634841442286965,1.0520270425477456,CatBoost_lags_only,14,T1487,0.9914996760763503
127.07421590304979,135.8991734517493,2.4076287521964628,0.3470958188213898,CatBoost_lags_only,7,T1310,0.9870453035681932
104.54417107967018,117.20724987652855,1.978790536052218,0.28555631373390744,CatBoost_lags_only,14,T1310,0.9870453035681932
76.36364623467618,112.24345125864802,0.4529137825780948,0.4218495373015246,CatBoost_lags_only,7,T681,0.9940521375701602
59.34216692003169,91.56935501207568,0.3526282114478476,0.32781915076126483,CatBoost_lags_only,14,T681,0.9940521375701602
32.032721358270074,41.21294728985646,0.36210913132163836,0.13655729857251872,CatBoost_lags_only,7,T2614,0.9913426358251989
72.79094451424784,112.40372617046317,0.8296145366414444,0.3103119036385425,CatBoost_lags_only,14,T2614,0.9913426358251989
2109.7824685100422,2310.3101347560505,5.101616796028875,44.020473576167745,CatBoost_lags_only,7,T2194,0.9664462666556688
2239.4975511919647,2378.012864757982,5.414863715347265,46.72697031450805,CatBoost_lags_only,14,T2194,0.9664462666556688
257.96289213004354,262.7028747971512,2.2707898379781923,0.8616431897460395,CatBoost_lags_only,7,T1388,0.9916375250015166
366.1835493221796,395.697836487012,3.1973017838457483,1.2231199567704885,CatBoost_lags_only,14,T1388,0.9916375250015166
372.1504173999448,399.0890318812475,2.547125276839215,1.0357888150593846,CatBoost_lags_only,7,T1540,0.9901854328675375
482.37695352545245,518.7295538956172,3.283546688055917,1.342577167036004,CatBoost_lags_only,14,T1540,0.9901854328675375
53.123343942150576,57.524900823883485,0.37980916680880467,0.38429904020999045,CatBoost_lags_only,7,T3573,0.9909406137500104
112.59819365010897,131.95706563214696,0.8019702626612887,0.8145454434539456,CatBoost_lags_only,14,T3573,0.9909406137500104
182.1890107963193,195.3316704920272,1.5672156765667664,0.7785465277543858,CatBoost_lags_only,7,T3295,0.9870327214863361
198.83020231794777,206.84265016621498,1.7086242571133645,0.8496591696213743,CatBoost_lags_only,14,T3295,0.9870327214863361
23.64196534308368,30.304759647305396,2.3126708235777644,0.7626037634357054,CatBoost_lags_only,7,T2757,0.9296068130910846
38.359396887190144,43.521888701774,3.7667605660090873,1.2373345449409894,CatBoost_lags_only,14,T2757,0.9296068130910846
55.17210068631357,66.33455071158424,1.4598492433309938,0.2506310217381872,CatBoost_lags_only,7,T3139,0.9763289142465224
60.02968950707077,73.56859729157402,1.585657071803549,0.27269765386177397,CatBoost_lags_only,14,T3139,0.9763289142465224
82.14632254190344,105.67599287846461,1.5028442339514785,0.32566977460051466,CatBoost_lags_only,7,T3604,0.9863441669952303
146.41472063646273,167.18890936438106,2.686953148671447,0.5804623699807226,CatBoost_lags_only,14,T3604,0.9863441669952303
23.013141484568305,27.56795743674826,2.998789023657295,0.7390945217305779,CatBoost_lags_only,7,T2255,0.9906814021884256
27.390276493771847,31.640140844536347,3.583292743132207,0.8796714398513308,CatBoost_lags_only,14,T2255,0.9906814021884256
63.04274393455152,86.10221802655445,0.38540530192123235,0.3289871719919065,CatBoost_lags_only,7,T3245,0.9897138712829331
158.3046716723029,200.3329605064852,0.9604997943829371,0.8261094456904639,CatBoost_lags_only,14,T3245,0.9897138712829331
214.62965560629058,220.07361654517425,2.7482136127221786,0.8157189517713769,CatBoost_lags_only,7,T2426,0.8404422151024947
299.23579925032607,318.2270779224567,3.7980797402570787,1.1372720689851958,CatBoost_lags_only,14,T2426,0.8404422151024947
19.806217713127435,21.253694843325807,2.4638030576368433,0.3146793820672905,CatBoost_lags_only,7,T1317,0.9871853456755911
16.12403778705819,18.18989434495104,2.0033218198410996,0.25617724296235334,CatBoost_lags_only,14,T1317,0.9871853456755911
20.79698716828654,24.296757055799844,1.2376409641412978,0.6944068629855716,CatBoost_lags_only,7,T991,0.9412483512092515
18.737224495518554,21.00257314781592,1.1083430579799487,0.6256318368475218,CatBoost_lags_only,14,T991,0.9412483512092515
137.87125684472034,157.98507846635295,0.841251387284766,0.7252655854226107,CatBoost_lags_only,7,T3448,0.9918840919112695
197.7831628834426,223.86563733561738,1.2036328275980657,1.0404294897880935,CatBoost_lags_only,14,T3448,0.9918840919112695
44.62849941232292,55.32650524351099,0.7335543099685093,0.22017126223171923,CatBoost_lags_only,7,T2682,0.9896869164309356
48.229069763466406,60.66013920700224,0.7868065315194064,0.23793439855501836,CatBoost_lags_only,14,T2682,0.9896869164309356
245.00012039876623,326.0997796822628,2.1015097792462596,0.9823240178423278,CatBoost_lags_only,7,T1297,0.992225993260858
496.51145005988445,596.6633743673766,4.204203541402921,1.9907546238495732,CatBoost_lags_only,14,T1297,0.992225993260858
159.8134810281429,186.70445139513834,1.2611667777271292,0.8182739948411043,CatBoost_lags_only,7,T1104,0.9872807888622561
201.55313086476275,221.1738861566145,1.5878594515618012,1.0319885688266697,CatBoost_lags_only,14,T1104,0.9872807888622561
3.2779337226449536,4.00733741607527,0.6722138208161217,0.10283260072053009,CatBoost_lags_only,7,T3300,0.9857555146310673
4.922638493973442,6.418549971664722,1.0115601622993362,0.15442890600418402,CatBoost_lags_only,14,T3300,0.9857555146310673
71.7763860470399,77.40024763911903,0.409000506936469,0.31850702228837807,CatBoost_lags_only,7,T2762,0.9910089008443232
82.73213113647918,113.56808528940324,0.46989809471908084,0.36712303568170956,CatBoost_lags_only,14,T2762,0.9910089008443232
66.43645455583581,78.38938969135533,0.8810415090186329,0.26335749792316465,CatBoost_lags_only,7,T578,0.967263386538526
92.63049930034042,105.38670162819267,1.2240142157989453,0.3671920286867302,CatBoost_lags_only,14,T578,0.967263386538526
61.371099048706775,66.77257938395529,0.42835756243750667,0.2987349315522516,CatBoost_lags_only,7,T2943,0.9901732182311477
284.6085614385035,371.90147709858303,1.9562028111499379,1.3853836812183953,CatBoost_lags_only,14,T2943,0.9901732182311477
142.31566130653533,189.77794372146457,0.9557257686817024,0.6482260457171646,CatBoost_lags_only,7,T1590,0.9894955138108565
210.78014860834784,246.75375584035123,1.40680973734952,0.9600713020176315,CatBoost_lags_only,14,T1590,0.9894955138108565
114.13448790917755,138.49063882926254,1.2563267418154218,0.5409227837756183,CatBoost_lags_only,7,T2863,0.9940733736107484
110.19664371117233,130.98814225166015,1.2211147435174223,0.5222599791783378,CatBoost_lags_only,14,T2863,0.9940733736107484
25.810633805626043,29.516915944540635,1.3453310035199941,0.765471623115501,CatBoost_lags_only,7,T988,0.9843675547513313
29.239521175295458,31.450705146213775,1.512183006868574,0.8671628872707023,CatBoost_lags_only,14,T988,0.9843675547513313
57.80765876802512,67.0009700376781,0.4874452833742689,0.3067977074830286,CatBoost_lags_only,7,T1439,0.9888638008513436
134.93945233551975,166.4211205685049,1.130618245456244,0.716152764319384,CatBoost_lags_only,14,T1439,0.9888638008513436
94.16479186992456,117.63153053184813,1.2023510483725706,0.5662321104451707,CatBoost_lags_only,7,T2025,0.9925239805466876
85.75996107302035,104.35889199503951,1.1016477347196645,0.5156921476251006,CatBoost_lags_only,14,T2025,0.9925239805466876
27.461992679109308,35.188081676585696,2.3991033985937302,0.7549114029627684,CatBoost_lags_only,7,T2531,0.9588530527407483
42.917306328751074,48.59981810486696,3.7268353535707766,1.1797674083813492,CatBoost_lags_only,14,T2531,0.9588530527407483
116.45778028466417,142.92037851252687,0.7476584542714227,0.7998886934593531,CatBoost_lags_only,7,T726,0.992252809881977
221.3478695539465,257.29767697411086,1.4145128535603462,1.520324857169144,CatBoost_lags_only,14,T726,0.992252809881977
88.98231866181803,103.79513183324153,1.067195094425091,0.3912077118294164,CatBoost_lags_only,7,T507,0.9825207264540511
138.21261326301126,154.6657823613562,1.6609620881761817,0.6076470134036622,CatBoost_lags_only,14,T507,0.9825207264540511
60.811527559497435,79.61694097800688,3.2910620237185406,1.1886490417916407,CatBoost_lags_only,7,T3622,0.8980760193261496
77.22246085083636,88.17968681384684,4.169706681729849,1.509424409793558,CatBoost_lags_only,14,T3622,0.8980760193261496
27.938528775185187,28.487592366974997,2.984676508207556,0.8823327920912332,CatBoost_lags_only,7,T943,0.9848839931992289
35.410680899941,36.65399557260449,3.7590026475034057,1.11831246375605,CatBoost_lags_only,14,T943,0.9848839931992289
381.03768644784367,400.45655703165767,1.6669474546687773,1.7717142857325574,CatBoost_lags_only,7,T3130,0.9917610355503985
581.7088112046349,634.2298732161067,2.5288636418946813,2.704776581433569,CatBoost_lags_only,14,T3130,0.9917610355503985
475.2807824544803,526.5402071402576,2.451999702374763,2.551164789018982,CatBoost_lags_only,7,T2700,0.9916197815119512
534.6507325563923,563.4112102768012,2.7564524647552715,2.869844886799536,CatBoost_lags_only,14,T2700,0.9916197815119512
51.415393283582226,55.90721276914853,1.155186313811012,0.5291125198218195,CatBoost_lags_only,7,T2701,0.98243995367443
131.20700014975318,154.9419347987365,2.990755236477909,1.3502428365099317,CatBoost_lags_only,14,T2701,0.98243995367443
15.120222642101355,16.33102531351898,1.2724062055046423,0.41424731286978383,CatBoost_lags_only,7,T1510,0.9605669847160367
32.32096178145922,38.73786712599782,2.682883995717401,0.8854943398820034,CatBoost_lags_only,14,T1510,0.9605669847160367
23.867912607558537,25.89998381788234,0.6843284033916658,0.18805049684720695,CatBoost_lags_only,7,T3115,0.9123346074488864
23.686781954016265,27.658210537236243,0.6779608622370471,0.18662340475277317,CatBoost_lags_only,14,T3115,0.9123346074488864
354.1413323083008,373.7616109322857,2.650022636385114,0.909244154948788,CatBoost_lags_only,7,T1529,0.9880596016483135
470.80631553054656,498.9297258504336,3.50116143004326,1.2087769809835622,CatBoost_lags_only,14,T1529,0.9880596016483135
262.2101873325256,268.69578058709266,1.7285633423458118,1.7340531243797659,CatBoost_lags_only,7,T1229,0.9924984169040324
244.1583611653428,257.64379658618907,1.6093821297221829,1.6146724630698122,CatBoost_lags_only,14,T1229,0.9924984169040324
126.60598099975063,140.00029604482322,0.8468545711750655,0.5890896425635349,CatBoost_lags_only,7,T3036,0.9920928026579291
182.71961122088837,211.93994342640403,1.2276973248626957,0.85018282401424,CatBoost_lags_only,14,T3036,0.9920928026579291
24.975142903575488,34.84984326008665,1.2464520350863035,0.7027781743024912,CatBoost_lags_only,7,T562,0.9811050424751666
43.29238246483614,51.356090479420494,2.1227244966745276,1.2182089058432188,CatBoost_lags_only,14,T562,0.9811050424751666
19.330248683449195,21.077248040432345,1.1074595163390983,0.6322903929496864,CatBoost_lags_only,7,T1689,0.9410332665498291
16.569449670828345,20.56629919241292,0.9540718875760681,0.5419849488174662,CatBoost_lags_only,14,T1689,0.9410332665498291
48.60105181862769,55.84182790664254,14.176373450355072,0.18506511751598625,CatBoost_lags_only,7,T3621,0.932605933025207
86.63059147603984,96.65651915653801,26.577291776127705,0.3298755889445152,CatBoost_lags_only,14,T3621,0.932605933025207
16.74132412480315,19.23521494963291,1.1044917539925632,0.5624319117972156,CatBoost_lags_only,7,T1583,0.9909471043512691
17.25684912044499,19.708972257322817,1.1303776942419017,0.5797511935169046,CatBoost_lags_only,14,T1583,0.9909471043512691
6.050182342914208,7.321500409623519,0.39970161471609733,0.14168878303794982,CatBoost_lags_only,7,T2717,0.9900228500638971
11.84904599625541,14.273461069918275,0.7835947285206449,0.2774919518477606,CatBoost_lags_only,14,T2717,0.9900228500638971
35.04108864579549,41.33816253101218,0.33603104788528304,0.16830953254599337,CatBoost_lags_only,7,T782,0.9782571802814759
44.11723102830079,55.84140969854345,0.42418657367039037,0.21190410511083974,CatBoost_lags_only,14,T782,0.9782571802814759
136.90323349692466,159.5878227806844,1.029595825800656,0.5431639998639308,CatBoost_lags_only,7,T1472,0.9751398722763266
252.2312639938361,296.8172884474515,1.883674239437173,1.0007283154835396,CatBoost_lags_only,14,T1472,0.9751398722763266
3.767974965765607,4.639177096400622,0.6134027601213315,0.11125970157979045,CatBoost_lags_only,7,T30,0.9479964712367461
4.9059494217954045,5.820434040170142,0.7990250363736381,0.14486149021523428,CatBoost_lags_only,14,T30,0.9479964712367461
61.795924785434444,73.96188955882367,1.3518962597602757,0.26740061065174137,CatBoost_lags_only,7,T3064,0.9805762512277086
60.97539406871816,69.77643850364845,1.3330503654422148,0.26385004618539065,CatBoost_lags_only,14,T3064,0.9805762512277086
144.3013411158658,171.3476474811065,2.592412375980233,0.6278407347013965,CatBoost_lags_only,7,T3118,0.982747966765492
182.77246192413375,201.99214680410552,3.285073809471299,0.7952247421282924,CatBoost_lags_only,14,T3118,0.982747966765492
34.47234135426694,50.789696735856964,6.237429068737053,0.8760471808763926,CatBoost_lags_only,7,T3010,0.9788156464417721
70.97750828521247,84.84407616961327,13.114993335559392,1.8037546507178186,CatBoost_lags_only,14,T3010,0.9788156464417721
222.9244304940847,236.06276173895185,2.5479361839393317,1.153259511372125,CatBoost_lags_only,7,T777,0.9870489075657523
331.40020307585746,371.80961074183045,3.8198311861353758,1.714439442194864,CatBoost_lags_only,14,T777,0.9870489075657523
18.288875597175288,19.564260211930346,3.0521226003144863,0.19685816363468472,CatBoost_lags_only,7,T2993,0.9923676123917884
38.330115347000614,45.86222375956181,6.168614083924782,0.4125784594587981,CatBoost_lags_only,14,T2993,0.9923676123917884
84.41472740775005,100.14426829572096,0.9294499048745285,0.4345841638304114,CatBoost_lags_only,7,T2663,0.9946132647734681
202.72889403499045,240.40457488966044,2.259741712137999,1.0436895267444972,CatBoost_lags_only,14,T2663,0.9946132647734681
97.4767017594417,112.32796129209393,1.2845143300365371,0.5055144668096561,CatBoost_lags_only,7,T3043,0.9931707928420241
70.21350317271572,89.41147117792562,0.925607580144838,0.3641274374135817,CatBoost_lags_only,14,T3043,0.9931707928420241
158.8540013617707,188.919062595467,1.229206443205779,0.7900958868681107,CatBoost_lags_only,7,T1582,0.991856878906407
152.92491311452952,175.59289601194556,1.1783240974749694,0.7606062410495277,CatBoost_lags_only,14,T1582,0.991856878906407
191.25401808451065,206.63679709647775,1.3504314277364768,0.5609821315358244,CatBoost_lags_only,7,T3526,0.9882638280771082
281.9524030822786,306.21448580564004,1.981139659765022,0.82701666431318,CatBoost_lags_only,14,T3526,0.9882638280771082
232.83004035484373,237.60107785127832,1.7808136356932573,1.6954664412936398,CatBoost_lags_only,7,T2423,0.9947686328434874
245.83583082907586,251.00639839995492,1.8784241171140108,1.7901745006916046,CatBoost_lags_only,14,T2423,0.9947686328434874
69.49980348183206,136.82194469976707,1.0506132189725685,0.37243643133694787,CatBoost_lags_only,7,T2895,0.9905645908098547
284.590606266021,371.266825016328,4.227695890426265,1.5250677624929203,CatBoost_lags_only,14,T2895,0.9905645908098547
258.6922588417004,291.7956017757978,2.2838351195822972,1.2433267398693273,CatBoost_lags_only,7,T2894,0.9820599858334874
318.1460087532413,357.86194296983564,2.8156172974398945,1.5290733539408217,CatBoost_lags_only,14,T2894,0.9820599858334874
25.94365077772019,26.890680638844906,3.495107648481465,0.5307000525342367,CatBoost_lags_only,7,T3401,0.9864263890272276
26.651766981167196,27.307613451159508,3.5807453282184256,0.5451851884000184,CatBoost_lags_only,14,T3401,0.9864263890272276
15.004256481618606,19.30084300408842,0.8056230362582477,0.21014860732670376,CatBoost_lags_only,7,T589,0.9829974754318335
19.617100152022108,24.00766723284421,1.057777248654288,0.2747557855856642,CatBoost_lags_only,14,T589,0.9829974754318335
61.24019575575273,73.17132521247457,0.37919381120770856,0.28983666601907154,CatBoost_lags_only,7,T3056,0.9892632936034444
87.17430205207958,100.0552351133728,0.5398648521205188,0.41257720942116366,CatBoost_lags_only,14,T3056,0.9892632936034444
10.424258592846854,12.677724248918517,0.7971933283164643,0.23152913847216405,CatBoost_lags_only,7,T607,0.9616401869002167
15.499050684844844,19.711932256447987,1.1811563522386757,0.3442433646706495,CatBoost_lags_only,14,T607,0.9616401869002167
25.68092715264535,26.175169395791425,2.9155206740860287,0.7446557070900748,CatBoost_lags_only,7,T2732,0.987085015074015
31.762271322629886,35.272261097515674,3.624882467745528,0.920993096158657,CatBoost_lags_only,14,T2732,0.987085015074015
575.5735325971867,623.9297841075258,2.8135114860542645,3.689790129955617,CatBoost_lags_only,7,T2698,0.99133707936169
686.6149871952815,717.9942248382988,3.3491758807458485,4.401636036669166,CatBoost_lags_only,14,T2698,0.99133707936169
59.194837250671945,72.63514399818158,0.4797271269063005,0.1257719111851559,CatBoost_lags_only,7,T594,0.9548617765057353
103.80851814707565,126.75777019967448,0.8394426734061022,0.2205630816986229,CatBoost_lags_only,14,T594,0.9548617765057353
169.9503763408689,181.72826946906773,1.7617614168584654,0.44893970503344544,CatBoost_lags_only,7,T953,0.987041814228793
166.75332450508333,179.9342462824555,1.7314167491702182,0.44049439564939635,CatBoost_lags_only,14,T953,0.987041814228793
224.0866174225795,234.1871173761157,4.584102548489702,0.8416061556851873,CatBoost_lags_only,7,T2937,0.9798309941631791
248.44838495700898,259.5303969449438,5.056634024813554,0.9331020859472032,CatBoost_lags_only,14,T2937,0.9798309941631791
49.373498526531485,69.02590641382334,0.8436702143827617,0.7579802013978204,CatBoost_lags_only,7,T2036,0.9926066790683152
86.28771409804702,101.91519043312938,1.4774403257104087,1.3246859319691382,CatBoost_lags_only,14,T2036,0.9926066790683152
805.7075147100123,811.3101982411183,9.266951947272315,1.8652479628462677,CatBoost_lags_only,7,T448,0.9861766762242584
720.5993061604993,742.4153691537532,8.298523050225008,1.6682187559440451,CatBoost_lags_only,14,T448,0.9861766762242584
83.86786185545068,89.21066335369936,1.8789981996863134,0.45957491325285416,CatBoost_lags_only,7,T2257,0.9804243066664171
253.58477648446038,320.87000702980663,5.88886836612573,1.3895811706271146,CatBoost_lags_only,14,T2257,0.9804243066664171
79.00985916736967,99.16807901481845,0.5195774924629787,0.6185081838020046,CatBoost_lags_only,7,T693,0.9935422203472173
77.2858479049967,90.81197968272019,0.5083713575182296,0.6050122089201143,CatBoost_lags_only,14,T693,0.9935422203472173
133.99543076414037,157.22865649395672,0.8594664861024103,0.7194286902529352,CatBoost_lags_only,7,T723,0.9896556489333471
238.92250834914597,277.3097217453889,1.5246511598542833,1.2827878254754068,CatBoost_lags_only,14,T723,0.9896556489333471
251.8777921243514,278.1580435561758,2.3548931340088064,0.7042521794517826,CatBoost_lags_only,7,T871,0.9933697571257217
351.2294168159572,392.88463967281353,3.257514887552853,0.982040060753345,CatBoost_lags_only,14,T871,0.9933697571257217
36.28732322029906,46.74228418796611,1.823180362963434,0.9540920078515706,CatBoost_lags_only,7,T570,0.9885309591858066
33.07011991241313,41.63365279014212,1.6417665250583882,0.8695030194312144,CatBoost_lags_only,14,T570,0.9885309591858066
170.74851387558036,201.98715373076195,1.3246000457268532,0.8471810610738519,CatBoost_lags_only,7,T2968,0.9894231674209679
229.26860713376533,251.9635953049086,1.7744052600165623,1.1375327225631893,CatBoost_lags_only,14,T2968,0.9894231674209679
98.63534494013791,113.54561664055153,0.5549267765543673,0.7813929928791861,CatBoost_lags_only,7,T1707,0.8789197260834398
368.6716544012418,490.65522714539566,2.1184767062178005,2.920631013123565,CatBoost_lags_only,14,T1707,0.8789197260834398
18.235903365325253,25.911835069399928,1.4360215044564877,0.5185510859338581,CatBoost_lags_only,7,T2549,0.9889205186960606
30.47907483064866,36.435003364903864,2.3892816030773814,0.8666945111008099,CatBoost_lags_only,14,T2549,0.9889205186960606
63.72331485554995,79.3934417951599,0.5321779723644321,0.3122063180739059,CatBoost_lags_only,7,T1598,0.9920069220158335
63.50988524306974,80.77679812939654,0.5298228909866363,0.31116063999467486,CatBoost_lags_only,14,T1598,0.9920069220158335
8.053555069159886,11.730485508682069,0.4952258165859167,0.1563504158883405,CatBoost_lags_only,7,T3224,0.9763859535479923
8.210699683860184,10.968114823442,0.5052446696212748,0.15940119602854108,CatBoost_lags_only,14,T3224,0.9763859535479923
15.624663003701276,18.46758497517287,1.2053790729473146,0.5248824016419485,CatBoost_lags_only,7,T3312,0.9890195702344717
16.55262851870017,19.57983954362243,1.2749954333845461,0.5560557311427606,CatBoost_lags_only,14,T3312,0.9890195702344717
69.18704727118178,73.49323970677543,2.297370547126774,2.2778222086721844,CatBoost_lags_only,7,T3006,0.9810816887185236
68.77385448659349,72.79912561442836,2.2832003935530274,2.2642187996770105,CatBoost_lags_only,14,T3006,0.9810816887185236
717.9546150629174,770.0775220019133,7.159811186307656,3.1017504510783422,CatBoost_lags_only,7,T2932,0.9709139950962835
1030.6537776320297,1169.1499295351266,10.022693541920912,4.452692068001532,CatBoost_lags_only,14,T2932,0.9709139950962835
143.61534876181187,164.32285875112078,0.8845481820033817,0.39074598711351854,CatBoost_lags_only,7,T1515,0.9827781727864349
390.26589740204287,495.7181184191018,2.368484412036309,1.0618282421192966,CatBoost_lags_only,14,T1515,0.9827781727864349
102.11496358740104,114.81522478421,0.7417615590501482,0.48605320189509593,CatBoost_lags_only,7,T934,0.9917286485667808
248.6084951231126,302.5907258467442,1.7887068398605714,1.1833422921361068,CatBoost_lags_only,14,T934,0.9917286485667808
32.85609454586357,42.67768484416726,5.269549971065997,0.7457844575317067,CatBoost_lags_only,7,T2572,0.9741155104968089
52.21459686228875,59.67835414995146,8.434327470874614,1.1851936553756126,CatBoost_lags_only,14,T2572,0.9741155104968089
12.899798360186358,14.28058957530481,0.999764944413122,0.4737287462181527,CatBoost_lags_only,7,T657,0.9781953922059554
8.347276236840523,10.59394174248388,0.6474795856889156,0.30654314087727447,CatBoost_lags_only,14,T657,0.9781953922059554
26.506797230706233,27.340122375145658,2.8745073221453397,0.4526105055596243,CatBoost_lags_only,7,T1333,0.985720969344191
19.537246267969213,21.921947148411334,2.118828871090492,0.33360359735746264,CatBoost_lags_only,14,T1333,0.985720969344191
99.94394819277477,110.29330484961204,1.121779384519349,0.8740600304941125,CatBoost_lags_only,7,T2677,0.9944087681597363
145.85451707819644,157.41417119565838,1.631691127097008,1.2755710170582266,CatBoost_lags_only,14,T2677,0.9944087681597363
84.73865146563887,87.43516402985324,1.5727503348162486,1.0739822032625834,CatBoost_lags_only,7,T3119,0.9913404971990372
108.73234876801176,113.83644693255499,2.0115013399907764,1.378079606838413,CatBoost_lags_only,14,T3119,0.9913404971990372
51.392730043157954,56.20477405171098,0.3450042996370651,0.22790439806266857,CatBoost_lags_only,7,T3144,0.9895972657438667
70.89219923944243,77.40829533361797,0.4752034706271342,0.31437606022167086,CatBoost_lags_only,14,T3144,0.9895972657438667
105.66726393137937,117.16526366974584,0.7554649143869642,0.5906578407647255,CatBoost_lags_only,7,T2722,0.9932942714897294
233.2705402830135,279.3421375304598,1.6899000802088777,1.3039333896925958,CatBoost_lags_only,14,T2722,0.9932942714897294
49.90472026146251,70.01569337294374,0.4614268659105298,0.17956050681003052,CatBoost_lags_only,7,T3220,0.9833305130052408
59.08573137817036,72.81564766602519,0.546929158810754,0.21259439619980092,CatBoost_lags_only,14,T3220,0.9833305130052408
133.30681526014192,137.16667200196238,1.4896319246778882,0.4597841564214911,CatBoost_lags_only,7,T2803,0.992997662232929
219.18410080253958,256.00684134923597,2.422998415086302,0.7559806802963259,CatBoost_lags_only,14,T2803,0.992997662232929
39.50669436388999,41.39332080333339,3.3049589018520362,0.8825284684828856,CatBoost_lags_only,7,T514,0.967522934912835
43.81607951135273,46.82478798503119,3.649020224087741,0.9787945604839757,CatBoost_lags_only,14,T514,0.967522934912835
18.375742241323287,21.027363421396906,1.3275951647065678,0.3688532923742547,CatBoost_lags_only,7,T592,0.9656837149076389
21.005575382333177,23.724149593472514,1.5149292748563892,0.4216415062987536,CatBoost_lags_only,14,T592,0.9656837149076389
110.47007663463026,128.3273032133368,2.804341634069988,0.24883978759684827,CatBoost_lags_only,7,T886,0.9909266137974043
151.2942878071137,180.66830716111238,3.851781147446698,0.34079851838119085,CatBoost_lags_only,14,T886,0.9909266137974043
73.2439325389496,87.37333210561258,0.57010173502137,0.44523629146932564,CatBoost_lags_only,7,T1075,0.9896287532756126
69.88862111416191,82.12756560683376,0.5438265765482264,0.4248399751641805,CatBoost_lags_only,14,T1075,0.9896287532756126
30.84147772845654,35.11366392083622,1.0836827814257184,0.1620996288285984,CatBoost_lags_only,7,T1214,0.9828554829563935
39.038893452258925,42.957607279321564,1.3703081699964215,0.2051844011563536,CatBoost_lags_only,14,T1214,0.9828554829563935
637.6530425304425,657.029851159605,5.218613994368126,1.439255534527847,CatBoost_lags_only,7,T550,0.9814591251284098
669.158686090782,758.107809848961,5.427177901412157,1.5103673599856788,CatBoost_lags_only,14,T550,0.9814591251284098
11.969965890435398,14.185347869277004,0.9449045649612992,0.36221201047025375,CatBoost_lags_only,7,T1634,0.9666579180431785
32.93892530129329,41.162268221626476,2.561412224274648,0.9967341983525881,CatBoost_lags_only,14,T1634,0.9666579180431785
67.60691885973236,93.95693744399262,0.44942637176199013,0.34509964508773194,CatBoost_lags_only,7,T2343,0.9924907362654103
89.25910463086711,139.0721197933214,0.5945746820668661,0.4556232682762865,CatBoost_lags_only,14,T2343,0.9924907362654103
7.099352596966534,7.973054043975961,0.6929972975984345,0.22714057965979412,CatBoost_lags_only,7,T1402,0.9844934403597341
7.995079535917747,9.59035035785492,0.7757861299825437,0.2557989584839711,CatBoost_lags_only,14,T1402,0.9844934403597341
333.1159364455902,366.248163405035,4.685008266061579,1.2898791756485817,CatBoost_lags_only,7,T2411,0.9800227799756501
450.63133808025407,502.61815903928874,6.258480773261134,1.7449179558520342,CatBoost_lags_only,14,T2411,0.9800227799756501
10.079366886582193,13.496853686741286,0.5698390131445596,0.25776589347089,CatBoost_lags_only,7,T1013,0.9878931385284161
10.313132304142316,12.693773501727776,0.5826213830974982,0.26374412130980274,CatBoost_lags_only,14,T1013,0.9878931385284161
11.685931575943057,19.53328731961086,0.7822344754858999,0.24872529711198868,CatBoost_lags_only,7,T862,0.9872685504274568
31.06011791403184,41.867205129846475,2.0272097250786656,0.661088677979661,CatBoost_lags_only,14,T862,0.9872685504274568
220.42447840680546,261.94700737665835,2.679996001404378,0.8414070084968183,CatBoost_lags_only,7,T3210,0.9840614762896622
251.61601530914822,297.08259214288427,3.064032662485918,0.9604717237458305,CatBoost_lags_only,14,T3210,0.9840614762896622
18.073642698397148,19.838436404323748,1.5160909066800825,0.522641626407973,CatBoost_lags_only,7,T1517,0.9580746410682769
31.22435641033191,35.76664336176283,2.594456221096383,0.9029252536504631,CatBoost_lags_only,14,T1517,0.9580746410682769
9.24319315941219,15.749171545482879,0.6224019756682246,0.15738688403471285,CatBoost_lags_only,7,T2857,0.9570222553073046
32.11967259384882,40.72648385945749,2.140015418171472,0.5469122086465744,CatBoost_lags_only,14,T2857,0.9570222553073046
140.39274943942706,164.6574445514327,1.1354191770064999,0.5229596113769602,CatBoost_lags_only,7,T1465,0.974659853200543
262.681292266082,306.76101858330077,2.1081925740032603,0.9784814890226039,CatBoost_lags_only,14,T1465,0.974659853200543
31.768955006887804,38.324324194980036,0.3050431330892658,0.11982702044337117,CatBoost_lags_only,7,T2389,0.9861918935360825
29.457847935500467,35.60890172408376,0.2822334752494307,0.11110992306859417,CatBoost_lags_only,14,T2389,0.9861918935360825
336.90325818298726,343.34608265123916,2.1527673829876033,1.8118392976751678,CatBoost_lags_only,7,T3335,0.9919339785710739
391.1145871701762,402.44790310118873,2.493031914235851,2.103383572930698,CatBoost_lags_only,14,T3335,0.9919339785710739
143.72901289052268,167.91544294931012,1.0520482691543958,0.643893784377193,CatBoost_lags_only,7,T3055,0.9880542996164016
131.7557026222568,154.4687963556274,0.9647007286915685,0.5902543701412634,CatBoost_lags_only,14,T3055,0.9880542996164016
18.514885489728744,20.169168514124685,1.4625868173112888,0.46907337363603174,CatBoost_lags_only,7,T1524,0.9796490717378195
32.44983121061099,37.218775231997,2.538616780502321,0.8221142824958457,CatBoost_lags_only,14,T1524,0.9796490717378195
146.91571414205177,150.61347762771092,0.976719504641824,0.7441430286251948,CatBoost_lags_only,7,T2945,0.991341696008157
263.32759210443663,311.7725007486847,1.7366974237076476,1.3337810257635847,CatBoost_lags_only,14,T2945,0.991341696008157
16.482169817668787,17.669674038867395,1.6958248846811426,0.45978249394553855,CatBoost_lags_only,7,T756,0.9838351731020025
14.915174297862823,16.021080211953187,1.534052408069091,0.41606997817437325,CatBoost_lags_only,14,T756,0.9838351731020025
27.886050087648982,28.572145148083173,1.6035963860227476,0.5736912799465897,CatBoost_lags_only,7,T1185,0.9905527575654054
46.247111775499285,50.98022413924034,2.6347870949926753,0.9514278524540946,CatBoost_lags_only,14,T1185,0.9905527575654054
109.30610864558938,120.79041756052544,1.1974101987857204,0.6448556624778611,CatBoost_lags_only,7,T3047,0.9947165591557863
211.30414641299285,238.34286860734744,2.295633640319563,1.2465970750205435,CatBoost_lags_only,14,T3047,0.9947165591557863
253.7609240507115,331.36132998572316,1.8596296801513807,1.146904045254006,CatBoost_lags_only,7,T2600,0.9835247287046535
154.42346848283265,238.80672496340821,1.1287064838365324,0.6979360646153775,CatBoost_lags_only,14,T2600,0.9835247287046535
909.2772091722737,960.132226450324,4.428829316511691,3.522770631817578,CatBoost_lags_only,7,T3428,0.9906734232872607
1339.7956613510723,1433.2866326210572,6.441068736997735,5.1907083569604175,CatBoost_lags_only,14,T3428,0.9906734232872607
193.846323205564,328.5591499797505,1.252011104570302,0.9156157576934529,CatBoost_lags_only,7,T2870,0.9876559670165995
518.0713368181918,644.2662866113258,3.3174395684884854,2.447063590146203,CatBoost_lags_only,14,T2870,0.9876559670165995
17.512928157076367,20.57191578611321,1.1985483058497126,0.3145770647049386,CatBoost_lags_only,7,T2585,0.9776145302707181
39.17701052355996,64.02374741652586,2.57439102004676,0.7037194958991597,CatBoost_lags_only,14,T2585,0.9776145302707181
261.7734238378481,310.23219484308396,1.6687512800852826,1.6587645947058285,CatBoost_lags_only,7,T526,0.9858622222921394
444.0874540946367,505.12037328148176,2.810998790652764,2.814023421497258,CatBoost_lags_only,14,T526,0.9858622222921394
62.11948111716291,73.0676938344708,1.4378094874291414,0.18660299894259824,CatBoost_lags_only,7,T824,0.9707549564130614
81.11356370797077,92.70173161287205,1.873691308834136,0.24366002372558337,CatBoost_lags_only,14,T824,0.9707549564130614
13.918502077396722,15.336816443758226,1.1700164771337476,0.8859143622169947,CatBoost_lags_only,7,T256,0.7210170867356794
22.779841986646602,26.915889010464003,1.9014972999378013,1.4499397329384556,CatBoost_lags_only,14,T256,0.7210170867356794
105.10411434845004,115.78133078732846,1.0814980285364035,0.911353868656654,CatBoost_lags_only,7,T2792,0.9954889068020571
73.42741401739333,89.5439055275851,0.7561020428252392,0.6366863775508526,CatBoost_lags_only,14,T2792,0.9954889068020571
60.906845216381306,74.6695321789619,0.44444015979677254,0.28580348712351245,CatBoost_lags_only,7,T160,0.9904826876104095
3462.3124034217085,6387.109061093601,44.15722974241749,16.246793852044238,CatBoost_lags_only,14,T160,0.9904826876104095
126.93270793423524,142.5628760845874,1.3732482580107674,0.6423972263079204,CatBoost_lags_only,7,T463,0.9884453007906575
181.17703521320513,197.4812573993284,1.9652846027488422,0.9169238314206349,CatBoost_lags_only,14,T463,0.9884453007906575
80.43926782910005,103.68826364914327,0.596378266352075,0.34026157085385544,CatBoost_lags_only,7,T2334,0.9922422882343257
226.7859326833077,290.7040531851678,1.665081922742407,0.95931427255561,CatBoost_lags_only,14,T2334,0.9922422882343257
93.15027777423477,113.67719076104873,0.5287607935615595,0.3388995857029903,CatBoost_lags_only,7,T3147,0.981935387051658
97.40956637567771,126.79147851687482,0.5534670656554718,0.3543957407001549,CatBoost_lags_only,14,T3147,0.981935387051658
48.32879004660909,51.79640126095687,3.4927960311449473,1.2926687352712531,CatBoost_lags_only,7,T1541,0.9909768689799645
59.439808049750695,62.523418156194026,4.275428639657975,1.5898594072463925,CatBoost_lags_only,14,T1541,0.9909768689799645
63.750158942796716,89.24834579907954,0.5792208498306889,0.2771295709033047,CatBoost_lags_only,7,T1096,0.9855292737565634
95.18710575100509,117.4410090075422,0.8626968078971126,0.4137897412298793,CatBoost_lags_only,14,T1096,0.9855292737565634
8.878659203989335,15.962362286779822,0.7500156037660757,0.2133073527806265,CatBoost_lags_only,7,T852,0.978501444665267
23.155538966097993,31.11339202346818,1.9076143851137861,0.5563054742373397,CatBoost_lags_only,14,T852,0.978501444665267
29.154391271469063,31.4769844004173,1.018222138047662,0.31737953777757943,CatBoost_lags_only,7,T2676,0.9915102604450652
27.214670169316996,29.4721357838585,0.9501616348114404,0.29626341221398717,CatBoost_lags_only,14,T2676,0.9915102604450652
16.376023486263193,18.777714833586128,1.2602686533462673,0.5209809048012614,CatBoost_lags_only,7,T3080,0.9820724245012051
33.391384379759856,38.53151826502936,2.544200447499109,1.062301459284461,CatBoost_lags_only,14,T3080,0.9820724245012051
169.5076863376957,220.01558601160897,1.958298068041877,0.8540259717011939,CatBoost_lags_only,7,T1122,0.9928648332397148
602.5595348627768,800.3834340970042,7.286200293618116,3.0358593370439007,CatBoost_lags_only,14,T1122,0.9928648332397148
223.09021327023245,329.3856846719396,2.360008291407509,0.6557327934264114,CatBoost_lags_only,7,T3457,0.9844462133649299
186.57600985539608,262.56684218235876,1.9612122055454346,0.5484059848947092,CatBoost_lags_only,14,T3457,0.9844462133649299
195.52115133750598,264.4052807417056,2.2414901383922725,0.9966780527295058,CatBoost_lags_only,7,T1282,0.9932291110652949
387.24086440224465,471.78688808817355,4.381098094187426,1.9739780991954696,CatBoost_lags_only,14,T1282,0.9932291110652949
34.53404824859909,35.96498593024448,1.9637211065082927,0.7698945518020252,CatBoost_lags_only,7,T1177,0.976576459267932
57.44869998599633,63.0878112371225,3.2332170570023466,1.2807488079281832,CatBoost_lags_only,14,T1177,0.976576459267932
30.345999037657617,48.55622825621716,0.3805707556168946,0.10416854145386707,CatBoost_lags_only,7,T2884,0.9646829732926611
88.56468412583932,123.15003846052826,1.1013777266876037,0.3040154966808849,CatBoost_lags_only,14,T2884,0.9646829732926611
197.3976927755422,231.4077771093163,1.885277174893454,0.6874177730665534,CatBoost_lags_only,7,T2450,0.9867018068660204
464.7880776692668,548.7389969554511,4.353442164237932,1.6185781140947482,CatBoost_lags_only,14,T2450,0.9867018068660204
25.89843667750917,26.81174687212309,2.788622664517424,0.45136020469293636,CatBoost_lags_seasonal,7,T1321,0.9855413172672572
17.973887433305087,20.922628294310158,1.9346155770804057,0.31325047191244726,CatBoost_lags_seasonal,14,T1321,0.9855413172672572
70.76484431386156,95.01348338556667,0.7528140049011306,0.27620955089302207,CatBoost_lags_seasonal,7,T2316,0.9445708282737718
127.65361757038916,159.38593486934602,1.3506304921164103,0.498257979945561,CatBoost_lags_seasonal,14,T2316,0.9445708282737718
243.72169960215746,248.25862617300223,1.6238924451911565,1.18531305706735,CatBoost_lags_seasonal,7,T2394,0.9861119375223296
453.61435771740474,503.23561813530813,2.9893506421477842,2.206102378053907,CatBoost_lags_seasonal,14,T2394,0.9861119375223296
14.457791378214845,16.989174580868173,0.9743640713210983,0.6163890025966334,CatBoost_lags_seasonal,7,T2998,0.9567561936149641
19.746245394465046,22.043247667126078,1.3186773839436994,0.8418553142261151,CatBoost_lags_seasonal,14,T2998,0.9567561936149641
29.211132202753074,31.214941470696207,1.6646505726987675,1.1550507585942458,CatBoost_lags_seasonal,7,T3564,0.9551428108336908
38.56001005313882,40.827269905804755,2.189284157266813,1.5247190199317942,CatBoost_lags_seasonal,14,T3564,0.9551428108336908
136.49930503457446,151.16952406756138,1.1239667441772345,0.7201066288459198,CatBoost_lags_seasonal,7,T1487,0.9914996760763503
198.70842862560116,224.99700180413276,1.6289908469655456,1.0482929317816494,CatBoost_lags_seasonal,14,T1487,0.9914996760763503
121.63057304450389,131.36358621328958,2.303245102814544,0.332226825438816,CatBoost_lags_seasonal,7,T1310,0.9870453035681932
93.39259625220542,109.11523949892896,1.7659660969768212,0.25509643665829385,CatBoost_lags_seasonal,14,T1310,0.9870453035681932
76.86242431723544,112.43432723941797,0.45588482467302405,0.4246048968700966,CatBoost_lags_seasonal,7,T681,0.9940521375701602
60.2571236432624,92.25117310135587,0.3580738726844716,0.3328735724576784,CatBoost_lags_seasonal,14,T681,0.9940521375701602
32.22153747235721,41.402809327529674,0.3642391195449859,0.13736223232067943,CatBoost_lags_seasonal,7,T2614,0.9913426358251989
77.00584894626614,117.62029229802445,0.877184835933283,0.3282802790550494,CatBoost_lags_seasonal,14,T2614,0.9913426358251989
2122.1449532382435,2324.4934168240316,5.130585841602821,44.27841601356883,CatBoost_lags_seasonal,7,T2194,0.9664462666556688
2256.7604637596764,2396.120731570544,5.455316659164676,47.087159859106606,CatBoost_lags_seasonal,14,T2194,0.9664462666556688
258.6798626871826,263.56973114489733,2.277180388243675,0.8640380023979921,CatBoost_lags_seasonal,7,T1388,0.9916375250015166
363.22675531811535,391.8749634778956,3.171048481456687,1.2132437245882273,CatBoost_lags_seasonal,14,T1388,0.9916375250015166
375.603559171604,402.4740517192576,2.5711108122887136,1.0453997827129695,CatBoost_lags_seasonal,7,T1540,0.9901854328675375
481.9248755935205,517.6003346088214,3.2804494287944816,1.3413189197157354,CatBoost_lags_seasonal,14,T1540,0.9901854328675375
53.34295304558405,57.61255104026003,0.3813829080731964,0.38588771218370443,CatBoost_lags_seasonal,7,T3573,0.9909406137500104
111.35211519187799,130.07921822747463,0.7930502583653234,0.8055311999973217,CatBoost_lags_seasonal,14,T3573,0.9909406137500104
182.1758243467905,195.04306305941836,1.5671054753098126,0.7784901782278738,CatBoost_lags_seasonal,7,T3295,0.9870327214863361
195.174427997426,203.037947060362,1.6769585354372927,0.8340369847757811,CatBoost_lags_seasonal,14,T3295,0.9870327214863361
23.802610442146293,30.442109436846124,2.3280897764062196,0.7677855897071194,CatBoost_lags_seasonal,7,T2757,0.9296068130910846
38.88748658189736,44.12245385680072,3.8173127863696013,1.2543687966527723,CatBoost_lags_seasonal,14,T2757,0.9296068130910846
55.446877164564285,67.13109576153319,1.4670447541098495,0.2518792524315434,CatBoost_lags_seasonal,7,T3139,0.9763289142465224
60.85288986104125,74.7743492773906,1.607257379043329,0.27643721685184225,CatBoost_lags_seasonal,14,T3139,0.9763289142465224
84.62309484983507,108.9786235582841,1.547575052782467,0.3354889588841377,CatBoost_lags_seasonal,7,T3604,0.9863441669952303
152.97725544661586,175.00034628160535,2.8051167964896355,0.6064795934704338,CatBoost_lags_seasonal,14,T3604,0.9863441669952303
23.22350947687528,27.82771062754514,3.0257312643761076,0.7458507410310069,CatBoost_lags_seasonal,7,T2255,0.9906814021884256
28.13440201916655,32.34699830236482,3.6783251307939335,0.9035699197554286,CatBoost_lags_seasonal,14,T2255,0.9906814021884256
62.52051701268387,86.14143646728179,0.3822200542992828,0.32626194229153627,CatBoost_lags_seasonal,7,T3245,0.9897138712829331
157.06734632190845,197.78736159245258,0.9529517275894971,0.8196524905762835,CatBoost_lags_seasonal,14,T3245,0.9897138712829331
214.38866448404886,219.79163151681743,2.7450914202218946,0.8148030437386964,CatBoost_lags_seasonal,7,T2426,0.8404422151024947
295.830980440803,313.9319615299201,3.7540133003927343,1.1243317545518057,CatBoost_lags_seasonal,14,T2426,0.8404422151024947
18.810989468213197,20.45179572430503,2.338505781229606,0.2988672864081605,CatBoost_lags_seasonal,7,T1317,0.9871853456755911
14.098679136487947,16.757860724583054,1.7496826721481162,0.22399852929489422,CatBoost_lags_seasonal,14,T1317,0.9871853456755911
20.829892601302,24.326361656179362,1.2395866888788918,0.6955055682129466,CatBoost_lags_seasonal,7,T991,0.9412483512092515
18.197940256433444,20.575713709576263,1.076538912034533,0.607625253793429,CatBoost_lags_seasonal,14,T991,0.9412483512092515
140.52562876350228,160.52782928004302,0.8575388684989379,0.7392287902824383,CatBoost_lags_seasonal,7,T3448,0.9918840919112695
199.16697200779603,224.95489757775968,1.2121250935524182,1.0477089558469086,CatBoost_lags_seasonal,14,T3448,0.9918840919112695
45.76368240063338,56.843779446309505,0.7520974176262271,0.22577160001343896,CatBoost_lags_seasonal,7,T2682,0.9896869164309356
46.59543849918308,58.37900432727345,0.7602421941180009,0.22987500462031787,CatBoost_lags_seasonal,14,T2682,0.9896869164309356
247.2634942152607,328.03823372237304,2.121292084539665,0.9913989785308335,CatBoost_lags_seasonal,7,T1297,0.992225993260858
496.8960026747804,596.5752126223574,4.207582398512248,1.99229648133569,CatBoost_lags_seasonal,14,T1297,0.992225993260858
158.751707164968,185.18494429135498,1.2527188922647388,0.8128375201767111,CatBoost_lags_seasonal,7,T1104,0.9872807888622561
197.5686978977697,216.7013186704062,1.5561923734716447,1.0115875497129951,CatBoost_lags_seasonal,14,T1104,0.9872807888622561
3.0562751312511653,3.997934244677551,0.6268956517245947,0.09587891240535562,CatBoost_lags_seasonal,7,T3300,0.9857555146310673
5.253482491582409,7.213701753269535,1.0786198504511764,0.16480786774824732,CatBoost_lags_seasonal,14,T3300,0.9857555146310673
72.48798134285764,78.02949807347734,0.413061249925718,0.32166471956498355,CatBoost_lags_seasonal,7,T2762,0.9910089008443232
80.67690424837618,111.34747500897713,0.45818723592108684,0.35800298614581216,CatBoost_lags_seasonal,14,T2762,0.9910089008443232
64.38920884260786,75.91994528055795,0.8537521476679725,0.2552421113891571,CatBoost_lags_seasonal,7,T578,0.967263386538526
86.88868521122406,99.00603540493763,1.1476410523920964,0.3444311844761351,CatBoost_lags_seasonal,14,T578,0.967263386538526
58.7774850763222,64.08130863529688,0.41021412198464824,0.28611004614978636,CatBoost_lags_seasonal,7,T2943,0.9901732182311477
278.574544862821,364.99787482791277,1.91404695196346,1.3560120135008096,CatBoost_lags_seasonal,14,T2943,0.9901732182311477
142.2335129603372,188.8247187748282,0.955176982910576,0.6478518725788792,CatBoost_lags_seasonal,7,T1590,0.9894955138108565
206.53693711482669,241.71860646915945,1.3783030053644414,0.9407441233899583,CatBoost_lags_seasonal,14,T1590,0.9894955138108565
112.62470296440577,137.26109068528723,1.2395709455256543,0.5337673911314743,CatBoost_lags_seasonal,7,T2863,0.9940733736107484
111.98689474886383,133.67118496725928,1.2409059878161737,0.5307445975676179,CatBoost_lags_seasonal,14,T2863,0.9940733736107484
25.802980179041793,29.50674131819284,1.3449386726208605,0.7652446378346169,CatBoost_lags_seasonal,7,T988,0.9843675547513313
28.5995223809069,30.79228198712873,1.4790205082248802,0.848182302771232,CatBoost_lags_seasonal,14,T988,0.9843675547513313
56.740227003935225,66.0458131982096,0.47841702242355016,0.3011326169898899,CatBoost_lags_seasonal,7,T1439,0.9888638008513436
131.09214064268312,161.7087238773254,1.0981197020265137,0.6957342517470014,CatBoost_lags_seasonal,14,T1439,0.9888638008513436
92.90888147980162,116.66403904059425,1.186177803122542,0.5586800649660956,CatBoost_lags_seasonal,7,T2025,0.9925239805466876
87.09237116748785,106.18827499089889,1.1187418193363037,0.5237042014382811,CatBoost_lags_seasonal,14,T2025,0.9925239805466876
27.299379616573496,34.98337953536768,2.3846284686511976,0.7504412810523374,CatBoost_lags_seasonal,7,T2531,0.9588530527407483
42.28765120446222,47.893079285894224,3.670927045538085,1.1624586195103512,CatBoost_lags_seasonal,14,T2531,0.9588530527407483
115.97483142534838,142.32585648104148,0.7445412210825332,0.7965715657316778,CatBoost_lags_seasonal,7,T726,0.992252809881977
219.136965426719,254.52222761760837,1.4002544311609557,1.5051392919851854,CatBoost_lags_seasonal,14,T726,0.992252809881977
90.94077507637017,106.30588392717132,1.0905131337245535,0.39981799827931697,CatBoost_lags_seasonal,7,T507,0.9825207264540511
144.2567924138149,161.85163725873372,1.7327769097218966,0.634220039719817,CatBoost_lags_seasonal,14,T507,0.9825207264540511
60.951260327034234,79.86052059634103,3.2984025739044283,1.1913803203321607,CatBoost_lags_seasonal,7,T3622,0.8980760193261496
78.1753153362666,89.2347065062121,4.21968946282361,1.5280493254391223,CatBoost_lags_seasonal,14,T3622,0.8980760193261496
27.5791474102951,28.109401585830888,2.9457062266933276,0.8709830905496592,CatBoost_lags_seasonal,7,T943,0.9848839931992289
34.651327308253535,35.83211419233273,3.676877182733069,1.0943311517789784,CatBoost_lags_seasonal,14,T943,0.9848839931992289
386.3098196508394,405.6974875091377,1.6902288352633053,1.796228169907925,CatBoost_lags_seasonal,7,T3130,0.9917610355503985
585.034867092202,636.754128910772,2.5435486478871305,2.7202417727800796,CatBoost_lags_seasonal,14,T3130,0.9917610355503985
476.3119929119072,527.3205808888583,2.4574012632403877,2.556700017679964,CatBoost_lags_seasonal,7,T2700,0.9916197815119512
533.3511610106099,561.8664247557477,2.7496568194242546,2.8628691762494705,CatBoost_lags_seasonal,14,T2700,0.9916197815119512
51.91434856529109,56.67856503686939,1.166334678862129,0.5342472366745579,CatBoost_lags_seasonal,7,T2701,0.98243995367443
133.19995817349394,157.42928053711745,3.0352168836589772,1.3707522399102807,CatBoost_lags_seasonal,14,T2701,0.98243995367443
14.932090766201716,16.152850675807617,1.2564593720239081,0.4090930816192745,CatBoost_lags_seasonal,7,T1510,0.9605669847160367
31.691211749168183,37.99131719102692,2.629650694945008,0.8682411376751895,CatBoost_lags_seasonal,14,T1510,0.9605669847160367
22.049373487189314,24.14178943587721,0.6320084749249318,0.17372259181653338,CatBoost_lags_seasonal,7,T3115,0.9123346074488864
21.359534072658334,24.787607024697202,0.611136509549936,0.16828748541320865,CatBoost_lags_seasonal,14,T3115,0.9123346074488864
354.84069116527775,374.3083122081276,2.655342380190401,0.9110397317281863,CatBoost_lags_seasonal,7,T1529,0.9880596016483135
466.5716767983336,493.65689796056193,3.4691119048102825,1.1979047100444773,CatBoost_lags_seasonal,14,T1529,0.9880596016483135
260.34386429021964,266.7673246817037,1.7161493104489591,1.7217107232872086,CatBoost_lags_seasonal,7,T1229,0.9924984169040324
240.67141027586604,254.68997835501003,1.5862007181994868,1.591612496765803,CatBoost_lags_seasonal,14,T1229,0.9924984169040324
126.84775437880307,139.76145187714476,0.8484695970551168,0.5902145988438204,CatBoost_lags_seasonal,7,T3036,0.9920928026579291
185.26342790355207,214.92784436873288,1.2446573689100986,0.8620190425601906,CatBoost_lags_seasonal,14,T3036,0.9920928026579291
24.880992357954774,34.8352234211009,1.2417927066680532,0.7001288621917912,CatBoost_lags_seasonal,7,T562,0.9811050424751666
42.63257221377129,50.653968250274836,2.0901044992953492,1.1996424357565536,CatBoost_lags_seasonal,14,T562,0.9811050424751666
19.520955546391892,21.345612710535704,1.1184364350602982,0.6385283942958089,CatBoost_lags_seasonal,7,T1689,0.9410332665498291
16.66665406637755,20.69357351748154,0.9596668401514604,0.5451644943300321,CatBoost_lags_seasonal,14,T1689,0.9410332665498291
50.63219438751656,58.09870935087124,14.711032676026909,0.19279938712821448,CatBoost_lags_seasonal,7,T3621,0.932605933025207
90.42529718945498,100.9184727363362,27.536806555231557,0.34432522804723503,CatBoost_lags_seasonal,14,T3621,0.932605933025207
16.91677964080356,19.329492152963102,1.1160141726687927,0.5683264145595913,CatBoost_lags_seasonal,7,T1583,0.9909471043512691
16.867958980384383,19.18654169386092,1.1049197479180681,0.566686263686813,CatBoost_lags_seasonal,14,T1583,0.9909471043512691
6.599886394122872,7.954869025495347,0.43589072427515513,0.15456226248572302,CatBoost_lags_seasonal,7,T2717,0.9900228500638971
13.252078292970818,15.92973148307843,0.875775674129863,0.3103494638064485,CatBoost_lags_seasonal,14,T2717,0.9900228500638971
33.12257283379118,39.25729261098774,0.3176027035202528,0.1590945077856457,CatBoost_lags_seasonal,7,T782,0.9782571802814759
46.06282644321657,58.59649679769129,0.44283516322246075,0.2212491987555657,CatBoost_lags_seasonal,14,T782,0.9782571802814759
137.87979719039478,160.3599617599816,1.0369934246143095,0.5470385193206173,CatBoost_lags_seasonal,7,T1472,0.9751398722763266
250.48245637203374,294.0871501594182,1.8704625055739093,0.9937899158666156,CatBoost_lags_seasonal,14,T1472,0.9751398722763266
3.4521013519942017,4.227588451472074,0.5617840029582892,0.10193267464239261,CatBoost_lags_seasonal,7,T30,0.9479964712367461
5.0405698732089785,5.855475811586619,0.8208425390384996,0.14883652491872723,CatBoost_lags_seasonal,14,T30,0.9479964712367461
59.732054950769324,71.83012810469695,1.306331021863295,0.2584699237818324,CatBoost_lags_seasonal,7,T3064,0.9805762512277086
55.76025138008371,65.34387818676117,1.2183048003759602,0.2412833098768256,CatBoost_lags_seasonal,14,T3064,0.9805762512277086
143.42370942728743,170.0430127133341,2.5769285700695304,0.62402224680729,CatBoost_lags_seasonal,7,T3118,0.982747966765492
183.68934360168376,202.7985078655653,3.3011626403170506,0.7992140028074779,CatBoost_lags_seasonal,14,T3118,0.982747966765492
34.90417418734199,51.212855880854526,6.3103688712426065,0.8870213683311253,CatBoost_lags_seasonal,7,T3010,0.9788156464417721
71.98637541313974,86.00697814156887,13.283576161289274,1.8293930369886182,CatBoost_lags_seasonal,14,T3010,0.9788156464417721
211.23033597660339,224.83261413542422,2.416090130838871,1.092762213255094,CatBoost_lags_seasonal,7,T777,0.9870489075657523
322.39983648899084,364.9055907996531,3.718438275644732,1.6678776618232183,CatBoost_lags_seasonal,14,T777,0.9870489075657523
17.22170506282186,18.559051733782066,2.8713566532173154,0.1853713321692059,CatBoost_lags_seasonal,7,T2993,0.9923676123917884
36.07687179552242,43.30884548292781,5.7912900089252854,0.38832495161416053,CatBoost_lags_seasonal,14,T2993,0.9923676123917884
83.91188937203879,99.92003975805142,0.9239190611087219,0.43199545148124796,CatBoost_lags_seasonal,7,T2663,0.9946132647734681
205.0753178141053,243.78073857665433,2.285477178281369,1.055769392987657,CatBoost_lags_seasonal,14,T2663,0.9946132647734681
96.78474799654903,111.33509603927556,1.27531641410696,0.501925992526141,CatBoost_lags_seasonal,7,T3043,0.9931707928420241
69.98746270440714,87.81093001266325,0.9226034938630523,0.3629551908690032,CatBoost_lags_seasonal,14,T3043,0.9931707928420241
158.0016639256854,188.09350013116753,1.2226229360661534,0.7858565960935517,CatBoost_lags_seasonal,7,T1582,0.991856878906407
148.0271708166079,171.60880159392644,1.1405214593255026,0.7362462248626197,CatBoost_lags_seasonal,14,T1582,0.991856878906407
192.93660264348495,207.94995192264795,1.3624121757604495,0.5659174520160748,CatBoost_lags_seasonal,7,T3526,0.9882638280771082
279.4088988329692,302.47043430466056,1.963095455214085,0.8195561128976405,CatBoost_lags_seasonal,14,T3526,0.9882638280771082
236.4707372432687,241.17924565298324,1.808921754460124,1.7219779661288341,CatBoost_lags_seasonal,7,T2423,0.9947686328434874
248.1666646772328,253.26042674004634,1.8964167504215368,1.8071476136273692,CatBoost_lags_seasonal,14,T2423,0.9947686328434874
68.50019568440582,135.92895802459353,1.0351827206808824,0.36707972035132136,CatBoost_lags_seasonal,7,T2895,0.9905645908098547
281.5822096060729,367.5594573989388,4.1814159969494895,1.508946328187427,CatBoost_lags_seasonal,14,T2895,0.9905645908098547
258.1052797558519,291.4547898023555,2.2787241671451905,1.2405056009746143,CatBoost_lags_seasonal,7,T2894,0.9820599858334874
319.959627648124,360.3071753683069,2.8313584197368966,1.5377899691114356,CatBoost_lags_seasonal,14,T2894,0.9820599858334874
25.143427429757498,26.063176733535997,3.385404584339872,0.5143307845217476,CatBoost_lags_seasonal,7,T3401,0.9864263890272276
25.056076252022585,25.72473399337371,3.362994924888254,0.5125439398324622,CatBoost_lags_seasonal,14,T3401,0.9864263890272276
14.309173473024073,18.462475773677788,0.7680777480617488,0.20041332144889004,CatBoost_lags_seasonal,7,T589,0.9829974754318335
19.35030246747218,24.168167047919376,1.0432878319705707,0.2710190351565548,CatBoost_lags_seasonal,14,T589,0.9829974754318335
61.57678938371022,73.50885824475675,0.38127716164839065,0.29142969121643625,CatBoost_lags_seasonal,7,T3056,0.9892632936034444
87.6968819236624,101.34661718670651,0.5430911890407475,0.4150504674804998,CatBoost_lags_seasonal,14,T3056,0.9892632936034444
10.277708382970234,12.4458720608913,0.7859295783837215,0.2282741689668093,CatBoost_lags_seasonal,7,T607,0.9616401869002167
15.279302031495929,19.325527638864916,1.16425701613697,0.339362613110514,CatBoost_lags_seasonal,14,T607,0.9616401869002167
25.973375648432825,26.490888660777376,2.948185417184935,0.7531356751271953,CatBoost_lags_seasonal,7,T2732,0.987085015074015
32.578348397191476,36.18676821963699,3.7157802929613646,0.9446564338327823,CatBoost_lags_seasonal,14,T2732,0.987085015074015
574.5450115500696,622.9561305322039,2.8084008228767794,3.6831966599762387,CatBoost_lags_seasonal,7,T2698,0.99133707936169
682.4820571111761,713.5625174222747,3.328656120020058,4.375141342649243,CatBoost_lags_seasonal,14,T2698,0.99133707936169
53.55987471955398,67.23988513375627,0.4339159319035127,0.11379924532589797,CatBoost_lags_seasonal,7,T594,0.9548617765057353
98.35854147635551,121.94509631524454,0.795139473715418,0.20898345729846962,CatBoost_lags_seasonal,14,T594,0.9548617765057353
168.4312070274404,180.0357232051926,1.7458744966356694,0.44492667818319276,CatBoost_lags_seasonal,7,T953,0.987041814228793
163.1191494239399,176.17439514358227,1.6936289076928142,0.43089438461031465,CatBoost_lags_seasonal,14,T953,0.987041814228793
219.49041776118378,229.36759578695077,4.487818944242079,0.8243441256171702,CatBoost_lags_seasonal,7,T2937,0.9798309941631791
239.5114367202604,250.58812651983112,4.870200933320367,0.8995374280680416,CatBoost_lags_seasonal,14,T2937,0.9798309941631791
49.763913872976964,68.94058425684354,0.8502991658353267,0.7639738439744858,CatBoost_lags_seasonal,7,T2036,0.9926066790683152
86.93027239511937,102.41677108740782,1.4883332088150019,1.3345504641971515,CatBoost_lags_seasonal,14,T2036,0.9926066790683152
798.8984794762881,804.7085939236787,9.185036051716148,1.8494847499349127,CatBoost_lags_seasonal,7,T448,0.9861766762242584
708.1042461355917,730.6814522125601,8.148608795708954,1.639292148171882,CatBoost_lags_seasonal,14,T448,0.9861766762242584
83.50782850368653,88.85172874369705,1.870989648476193,0.45760202050532794,CatBoost_lags_seasonal,7,T2257,0.9804243066664171
254.3981509593691,322.2379990077992,5.906806285046169,1.3940382593793297,CatBoost_lags_seasonal,14,T2257,0.9804243066664171
78.56931769055102,98.83647619383588,0.5166697292433217,0.6150595191468841,CatBoost_lags_seasonal,7,T693,0.9935422203472173
74.81927303759092,88.94896970120446,0.4920989842938152,0.5857032675104216,CatBoost_lags_seasonal,14,T693,0.9935422203472173
134.47234610437485,157.75360836165015,0.8625432195061776,0.7219892744208414,CatBoost_lags_seasonal,7,T723,0.9896556489333471
237.41888409066541,275.07429488040856,1.5149653522499156,1.2747147857848573,CatBoost_lags_seasonal,14,T723,0.9896556489333471
253.34269407420678,280.239299677251,2.3687958321365365,0.7083480561948958,CatBoost_lags_seasonal,7,T871,0.9933697571257217
347.2581884643045,387.9429696157113,3.220036622327073,0.9709364767566607,CatBoost_lags_seasonal,14,T871,0.9933697571257217
36.372521206149486,47.0687210043718,1.8274030380938566,0.9563320936493422,CatBoost_lags_seasonal,7,T570,0.9885309591858066
32.20823383253719,41.277121407553274,1.599204020571287,0.8468417000636796,CatBoost_lags_seasonal,14,T570,0.9885309591858066
167.88329022890295,198.15087311843018,1.3021756547882748,0.8329650473932011,CatBoost_lags_seasonal,7,T2968,0.9894231674209679
221.80645289578428,243.3516136647107,1.7160786326510673,1.1005087063551415,CatBoost_lags_seasonal,14,T2968,0.9894231674209679
80.87237962923557,103.93750266228605,0.4547255585260271,0.6406740991082069,CatBoost_lags_seasonal,7,T1707,0.8789197260834398
381.0511316106612,517.9457275460694,2.188205782211739,3.018701707283134,CatBoost_lags_seasonal,14,T1707,0.8789197260834398
18.326796320407215,25.961854995171755,1.443278694128535,0.5211356927733037,CatBoost_lags_seasonal,7,T2549,0.9889205186960606
30.19926434515217,36.11609182750589,2.367018554160427,0.8587378978087161,CatBoost_lags_seasonal,14,T2549,0.9889205186960606
63.48012891528457,78.86739056241201,0.5301432033625029,0.31101485169790677,CatBoost_lags_seasonal,7,T1598,0.9920069220158335
61.13922653460564,78.82636261995268,0.5099946138825376,0.29954582321282386,CatBoost_lags_seasonal,14,T1598,0.9920069220158335
7.966811334614737,11.527685277561325,0.4898939255487268,0.15466638705196023,CatBoost_lags_seasonal,7,T3224,0.9763859535479923
8.504809270129678,11.338317489761813,0.523260724388467,0.1651109919801543,CatBoost_lags_seasonal,14,T3224,0.9763859535479923
15.35332989635273,18.13593113124299,1.1842802010053606,0.5157674547790088,CatBoost_lags_seasonal,7,T3312,0.9890195702344717
15.859554560188892,18.86039281733508,1.2211822353551243,0.532773160262818,CatBoost_lags_seasonal,14,T3312,0.9890195702344717
69.1892825295181,73.50477200148276,2.297446522199665,2.2778957993409783,CatBoost_lags_seasonal,7,T3006,0.9810816887185236
68.26152097893201,72.33257976837787,2.2659861763391893,2.247351413540063,CatBoost_lags_seasonal,14,T3006,0.9810816887185236
715.7235944072784,767.84245826932,7.136649692423609,3.0921118622597623,CatBoost_lags_seasonal,7,T2932,0.9709139950962835
1024.9556782795685,1162.6356468285528,9.963842351751097,4.428074798516835,CatBoost_lags_seasonal,14,T2932,0.9709139950962835
143.17264369075096,163.77096949338562,0.8818083283600163,0.38954148333670596,CatBoost_lags_seasonal,7,T1515,0.9827781727864349
385.164273087821,488.8439755691215,2.336956720687124,1.0479478369555761,CatBoost_lags_seasonal,14,T1515,0.9827781727864349
100.43688327484286,112.97260417509625,0.7295177468341486,0.47806577007999357,CatBoost_lags_seasonal,7,T934,0.9917286485667808
243.944595388927,297.0792264989891,1.7547200499417086,1.1611427699556154,CatBoost_lags_seasonal,14,T934,0.9917286485667808
33.247139346296244,43.20746410205114,5.329407301955337,0.7546605926412581,CatBoost_lags_seasonal,7,T2572,0.9741155104968089
53.344543841649866,61.02643647920357,8.60632681918391,1.2108417704875931,CatBoost_lags_seasonal,14,T2572,0.9741155104968089
12.951408182105622,14.378672202910634,1.0037921353548012,0.47562405152042886,CatBoost_lags_seasonal,7,T657,0.9781953922059554
8.572979504286943,10.687075909469005,0.6650515190620421,0.314831807329204,CatBoost_lags_seasonal,14,T657,0.9781953922059554
25.619457932543224,26.536520487287913,2.7769664290043137,0.4374589546253894,CatBoost_lags_seasonal,7,T1333,0.985720969344191
17.642515571686975,20.645172984670243,1.9115118462009366,0.3012505744373566,CatBoost_lags_seasonal,14,T1333,0.985720969344191
98.69930911836673,108.89369964978168,1.1077166320025462,0.8631750365849975,CatBoost_lags_seasonal,7,T2677,0.9944087681597363
142.94011283301097,154.21773194695697,1.5987930933685928,1.2500830879791638,CatBoost_lags_seasonal,14,T2677,0.9944087681597363
84.53612440708237,87.21667158881677,1.5689622751184653,1.0714153644846853,CatBoost_lags_seasonal,7,T3119,0.9913404971990372
107.41162765627789,112.33044075057727,1.9868167760987623,1.3613407167930536,CatBoost_lags_seasonal,14,T3119,0.9913404971990372
49.83929735740224,54.46902650176507,0.3345571750622625,0.2210155999606661,CatBoost_lags_seasonal,7,T3144,0.9895972657438667
65.47646280152847,71.5852463806833,0.4388229772532985,0.29035962536965304,CatBoost_lags_seasonal,14,T3144,0.9895972657438667
105.87234966585518,117.37708287863227,0.7569372697119411,0.5918042270019597,CatBoost_lags_seasonal,7,T2722,0.9932942714897294
234.92051235581832,281.10834483749886,1.7017240954591821,1.313156387483831,CatBoost_lags_seasonal,14,T2722,0.9932942714897294
48.84621573901443,68.65019793254343,0.4516266195702928,0.1757519370491805,CatBoost_lags_seasonal,7,T3220,0.9833305130052408
60.364391753648306,75.42026172972705,0.558707999577895,0.21719510138070988,CatBoost_lags_seasonal,14,T3220,0.9833305130052408
130.37478667661136,134.36316392343946,1.4566417877706956,0.449671392972364,CatBoost_lags_seasonal,7,T2803,0.992997662232929
211.37179761101066,247.00642853022887,2.3353153286528565,0.7290355220490414,CatBoost_lags_seasonal,14,T2803,0.992997662232929
38.68885770123283,40.54614575421452,3.235345825577406,0.8642590549319585,CatBoost_lags_seasonal,7,T514,0.967522934912835
42.23565368140195,45.23121593842312,3.5148840046848955,0.9434898909915034,CatBoost_lags_seasonal,14,T514,0.967522934912835
17.92963378420232,20.59952069938204,1.2950927640390817,0.35989862969972974,CatBoost_lags_seasonal,7,T592,0.9656837149076389
20.575464069880745,23.03031588591865,1.4835962196436097,0.41300795171347404,CatBoost_lags_seasonal,14,T592,0.9656837149076389
117.91592092641478,136.54325293691372,2.9894222241571464,0.26561195222722966,CatBoost_lags_seasonal,7,T886,0.9909266137974043
165.71809296999456,196.06603877927452,4.207796396561121,0.37328891507875633,CatBoost_lags_seasonal,14,T886,0.9909266137974043
73.22590441174543,87.70756101879236,0.5699592869002645,0.44512670182523806,CatBoost_lags_seasonal,7,T1075,0.9896287532756126
69.15394052337486,81.09856234021763,0.5380939532543931,0.4203739880125134,CatBoost_lags_seasonal,14,T1075,0.9896287532756126
32.772774975902976,37.48369779491495,1.151031724429438,0.17225032814738972,CatBoost_lags_seasonal,7,T1214,0.9828554829563935
43.76794653193623,48.217239326863556,1.5345844793707122,0.23003981682987476,CatBoost_lags_seasonal,14,T1214,0.9828554829563935
646.375219021232,665.8808820884858,5.2919967446265925,1.4589424801710151,CatBoost_lags_seasonal,7,T550,0.9814591251284098
672.2624939636662,760.2033105542579,5.453349879679264,1.5173730078242469,CatBoost_lags_seasonal,14,T550,0.9814591251284098
11.604109464920773,13.78157245907468,0.9158409183517127,0.3511411692797203,CatBoost_lags_seasonal,7,T1634,0.9666579180431785
32.08480341768313,40.175610648730284,2.493700685425832,0.9708884100286399,CatBoost_lags_seasonal,14,T1634,0.9666579180431785
67.33611324958527,93.49698587364315,0.44763276560906656,0.34371731733894895,CatBoost_lags_seasonal,7,T2343,0.9924907362654103
90.73232997299121,140.5843378773497,0.6043163194095375,0.46314334981936206,CatBoost_lags_seasonal,14,T2343,0.9924907362654103
7.149884087338331,8.007030079618898,0.6979344039227547,0.228757311869859,CatBoost_lags_seasonal,7,T1402,0.9844934403597341
7.538846561416473,9.059267538302757,0.7314970155400524,0.24120199053897698,CatBoost_lags_seasonal,14,T1402,0.9844934403597341
330.0856818068122,362.9729721820969,4.641201916651137,1.2781455360119482,CatBoost_lags_seasonal,7,T2411,0.9800227799756501
443.9960533124457,495.2840290667325,6.1628840273821,1.719225052240705,CatBoost_lags_seasonal,14,T2411,0.9800227799756501
10.113742671648165,13.593234748773014,0.5717736448808054,0.2586450067178827,CatBoost_lags_seasonal,7,T1013,0.9878931385284161
10.447425911723078,13.059248697442996,0.5901909408938499,0.2671784949301902,CatBoost_lags_seasonal,14,T1013,0.9878931385284161
11.781276399098715,19.85354844283279,0.7885400718810474,0.2507546320702988,CatBoost_lags_seasonal,7,T862,0.9872685504274568
30.429692983812483,40.961900520031094,1.9856072392971638,0.6476706096761967,CatBoost_lags_seasonal,14,T862,0.9872685504274568
222.56895632517197,265.3570133244897,2.7055512443815855,0.8495929357727815,CatBoost_lags_seasonal,7,T3210,0.9840614762896622
257.7226222447709,302.92335943389867,3.136701107453054,0.9837819382506164,CatBoost_lags_seasonal,14,T3210,0.9840614762896622
17.959882234698203,19.69451659037724,1.5064668034180984,0.5193519766809804,CatBoost_lags_seasonal,7,T1517,0.9580746410682769
30.62520404949274,35.03374301561699,2.5438861104956443,0.8855993625968056,CatBoost_lags_seasonal,14,T1517,0.9580746410682769
9.064238750881,15.793892904209502,0.610228167941279,0.15433976857826273,CatBoost_lags_seasonal,7,T2857,0.9570222553073046
31.507354110466945,40.044546816735036,2.098544333062717,0.5364860608344191,CatBoost_lags_seasonal,14,T2857,0.9570222553073046
140.46388794887363,164.45134492764228,1.1360010371344078,0.5232246006118221,CatBoost_lags_seasonal,7,T1465,0.974659853200543
259.6929348235509,302.61423229636677,2.083887386421456,0.9673499295008938,CatBoost_lags_seasonal,14,T1465,0.974659853200543
31.703838959597956,39.065686188269794,0.30442144463089504,0.1195814139407934,CatBoost_lags_seasonal,7,T2389,0.9861918935360825
28.41811055935003,36.23047420245872,0.272286910920593,0.1071882129651078,CatBoost_lags_seasonal,14,T2389,0.9861918935360825
336.7971417293572,343.1796547405934,2.1520818697694235,1.8112686117107344,CatBoost_lags_seasonal,7,T3335,0.9919339785710739
389.22595843763054,400.39682150246057,2.4808418507024124,2.093226675740686,CatBoost_lags_seasonal,14,T3335,0.9919339785710739
142.6869322596662,167.00069999993548,1.0443667970158832,0.6392253515567475,CatBoost_lags_seasonal,7,T3055,0.9880542996164016
129.9010482063582,152.8143155902495,0.951040358450488,0.5819456756992134,CatBoost_lags_seasonal,14,T3055,0.9880542996164016
18.29667410401034,19.91343994982306,1.4452074768931376,0.46354500291391687,CatBoost_lags_seasonal,7,T1524,0.9796490717378195
31.67162117547795,36.290416781905726,2.4767880189988705,0.802398383805585,CatBoost_lags_seasonal,14,T1524,0.9796490717378195
144.95739638577965,148.73804466024927,0.9636359828878205,0.7342239500931745,CatBoost_lags_seasonal,7,T2945,0.991341696008157
258.6706931780119,306.26192388977006,1.705622436138989,1.3101933592477997,CatBoost_lags_seasonal,14,T2945,0.991341696008157
16.16411354107681,17.341637128181,1.6627946844420993,0.4509100754664056,CatBoost_lags_seasonal,7,T756,0.9838351731020025
14.04653828704144,15.29252923465505,1.4441065061131697,0.3918387248985926,CatBoost_lags_seasonal,14,T756,0.9838351731020025
27.551293873873647,28.24176938887961,1.5841899613099903,0.5668044415400307,CatBoost_lags_seasonal,7,T1185,0.9905527575654054
45.21575973020856,49.73442975865357,2.5751505134629533,0.93021015855056,CatBoost_lags_seasonal,14,T1185,0.9905527575654054
107.46710393174986,118.83517516908893,1.1771212170536256,0.6340063822524714,CatBoost_lags_seasonal,7,T3047,0.9947165591557863
207.1182032323273,233.62694944295114,2.2495178405706397,1.2219019395307695,CatBoost_lags_seasonal,14,T3047,0.9947165591557863
254.8418913606781,332.71796561313937,1.8674245620375693,1.1517896114034274,CatBoost_lags_seasonal,7,T2600,0.9835247287046535
156.51853554512087,240.07263926781022,1.143805916289137,0.7074049806740872,CatBoost_lags_seasonal,14,T2600,0.9835247287046535
902.4721078585384,953.2170807881072,4.394872129318461,3.4964059425756773,CatBoost_lags_seasonal,7,T3428,0.9906734232872607
1329.0845760058778,1422.0716054026918,6.38770660918989,5.149210894461285,CatBoost_lags_seasonal,14,T3428,0.9906734232872607
193.1581261437181,327.3203386121667,1.2474877563220872,0.9123651204680244,CatBoost_lags_seasonal,7,T2870,0.9876559670165995
514.0826590993945,639.1802512458327,3.2912575224275216,2.4282234279429784,CatBoost_lags_seasonal,14,T2870,0.9876559670165995
17.830501776553838,20.845227363200586,1.2201106099946837,0.32028150065916133,CatBoost_lags_seasonal,7,T2585,0.9776145302707181
38.96328661653268,62.809587418746005,2.5600782767210895,0.6998804668843147,CatBoost_lags_seasonal,14,T2585,0.9776145302707181
262.55255078360693,310.62713263299037,1.6737783428837143,1.6637016435989453,CatBoost_lags_seasonal,7,T526,0.9858622222921394
442.6969339106402,502.9941670956747,2.8020469635286,2.80521219224556,CatBoost_lags_seasonal,14,T526,0.9858622222921394
59.369767330599124,69.8112191022011,1.3739328989130941,0.1783430323495282,CatBoost_lags_seasonal,7,T824,0.9707549564130614
77.4048005765368,89.00751755564953,1.7880918132282158,0.23251913345658676,CatBoost_lags_seasonal,14,T824,0.9707549564130614
13.893739771472903,15.298690545288952,1.167921905356346,0.8843382384116071,CatBoost_lags_seasonal,7,T256,0.7210170867356794
22.531756339737026,26.62501543993847,1.8805290382150432,1.4341490511226294,CatBoost_lags_seasonal,14,T256,0.7210170867356794
105.15883221557384,115.8228792816958,1.0820648843881864,0.9118283252485491,CatBoost_lags_seasonal,7,T2792,0.9954889068020571
72.48338756649666,89.11121295716453,0.7463362731194298,0.6285007592858376,CatBoost_lags_seasonal,14,T2792,0.9954889068020571
61.63907035840722,75.63232399955295,0.4497636192180768,0.2892394309522733,CatBoost_lags_seasonal,7,T160,0.9904826876104095
3465.676388041746,6391.058762423883,44.17269403172263,16.26257924581436,CatBoost_lags_seasonal,14,T160,0.9904826876104095
129.4120382713871,145.4337315425457,1.3998615520938305,0.6549449372770478,CatBoost_lags_seasonal,7,T463,0.9884453007906575
187.4754756837509,204.76043777017236,2.0327773354010903,0.948799781711087,CatBoost_lags_seasonal,14,T463,0.9884453007906575
79.30189201732226,102.7007002017426,0.5879068409954625,0.3354504221349373,CatBoost_lags_seasonal,7,T2334,0.9922422882343257
222.83918215176305,286.41864641113114,1.6357226242245604,0.9426193476529513,CatBoost_lags_seasonal,14,T2334,0.9922422882343257
93.58519868271625,113.5459176050395,0.5312408290389705,0.3404819160966277,CatBoost_lags_seasonal,7,T3147,0.981935387051658
97.14755807228019,127.74002455693412,0.5519704010191501,0.353442501401316,CatBoost_lags_seasonal,14,T3147,0.981935387051658
48.55759988534461,52.013296769643055,3.509669155249394,1.2987888000312153,CatBoost_lags_seasonal,7,T1541,0.9909768689799645
59.26750196087965,62.293656798335256,4.26278567870782,1.5852506700161482,CatBoost_lags_seasonal,14,T1541,0.9909768689799645
63.408581456635666,88.86212363411826,0.5761036408718292,0.27564469268904046,CatBoost_lags_seasonal,7,T1096,0.9855292737565634
92.13754200546138,113.87741647486524,0.834908027019882,0.40053292263899337,CatBoost_lags_seasonal,14,T1096,0.9855292737565634
9.404151297455362,16.435350230534723,0.7938821669787652,0.2259321562322584,CatBoost_lags_seasonal,7,T852,0.978501444665267
22.705639125866565,30.221155464774956,1.8702816950469225,0.5454967539417039,CatBoost_lags_seasonal,14,T852,0.978501444665267
28.43003658720649,30.78903676933747,0.9927849071052777,0.30949409257182553,CatBoost_lags_seasonal,7,T2676,0.9915102604450652
25.957542208428485,28.380480380895587,0.9060799889933943,0.28257810877414063,CatBoost_lags_seasonal,14,T2676,0.9915102604450652
16.20542467529221,18.541443691303275,1.2470368031037145,0.515553535759428,CatBoost_lags_seasonal,7,T3080,0.9820724245012051
32.76363698483052,37.76250196730704,2.495601909887973,1.042330530073761,CatBoost_lags_seasonal,14,T3080,0.9820724245012051
168.8447642823256,219.93110641789718,1.9507539822213489,0.8506859895167181,CatBoost_lags_seasonal,7,T1122,0.9928648332397148
604.7132845997172,804.0704513028212,7.310460264895421,3.046710515840757,CatBoost_lags_seasonal,14,T1122,0.9928648332397148
222.27608184873992,328.73711132803163,2.351429014016431,0.6533398033287918,CatBoost_lags_seasonal,7,T3457,0.9844462133649299
182.82735566609713,260.58205542786646,1.9218106517910534,0.5373875029671265,CatBoost_lags_seasonal,14,T3457,0.9844462133649299
197.6432523393435,266.13198937441365,2.2663276898970564,1.00749556009246,CatBoost_lags_seasonal,7,T1282,0.9932291110652949
387.72976441011934,471.8552586063832,4.386839201042295,1.9764702894495403,CatBoost_lags_seasonal,14,T1282,0.9932291110652949
34.503251240736645,35.96184311644051,1.9619542448531864,0.7692079700148445,CatBoost_lags_seasonal,7,T1177,0.976576459267932
56.821784812005035,62.26302175290004,3.1972941189273754,1.2667724975511485,CatBoost_lags_seasonal,14,T1177,0.976576459267932
29.461186651925477,48.99314372143485,0.36940585625451916,0.10113125091788384,CatBoost_lags_seasonal,7,T2884,0.9646829732926611
85.61112307667281,120.2845731245803,1.0642823922791105,0.2938768241591851,CatBoost_lags_seasonal,14,T2884,0.9646829732926611
194.33262823763678,228.00026456847417,1.8556425146541407,0.6767439915783977,CatBoost_lags_seasonal,7,T2450,0.9867018068660204
457.46745660877724,540.2314394490747,4.28285635196841,1.5930847815430451,CatBoost_lags_seasonal,14,T2450,0.9867018068660204
18.633811896930492,20.47263716642571,1.9991028688030166,0.3247516928043828,CatBoost_lags_calendar,7,T1321,0.9855413172672572
12.691695270736359,15.760302156984865,1.3610838968482735,0.22119196794124357,CatBoost_lags_calendar,14,T1321,0.9855413172672572
55.40866797506013,74.97174398187066,0.5887298264330754,0.21627127771372875,CatBoost_lags_calendar,7,T2316,0.9445708282737718
109.68687327546078,137.22435514009635,1.158762648551334,0.4281301301519333,CatBoost_lags_calendar,14,T2316,0.9445708282737718
217.00795388157297,220.31979169163458,1.4446013252277083,1.0553937611758752,CatBoost_lags_calendar,7,T2394,0.9861119375223296
417.0615692650855,466.07516685363214,2.7443469800325406,2.0283320051430036,CatBoost_lags_calendar,14,T2394,0.9861119375223296
14.326495478335184,17.205018695424393,0.965554047158564,0.610791373840294,CatBoost_lags_calendar,7,T2998,0.9567561936149641
18.62117179631241,21.09668247611337,1.2433556450089094,0.7938892746788814,CatBoost_lags_calendar,14,T2998,0.9567561936149641
29.021546065854377,31.227150114221647,1.6537394843025564,1.147554246315165,CatBoost_lags_calendar,7,T3564,0.9551428108336908
38.842966643328474,41.212386572488874,2.205555340485044,1.5359075360728083,CatBoost_lags_calendar,14,T3564,0.9551428108336908
111.54757622245286,124.17836032497904,0.9173587554334676,0.5884729526581669,CatBoost_lags_calendar,7,T1487,0.9914996760763503
167.1584415589388,194.425171214395,1.368019822128136,0.8818499244641255,CatBoost_lags_calendar,14,T1487,0.9914996760763503
82.93766917049496,93.94877916269047,1.5636441233135785,0.22653941232132824,CatBoost_lags_calendar,7,T1310,0.9870453035681932
68.5851691020283,78.07052931919162,1.2901139682132066,0.1873363943999017,CatBoost_lags_calendar,14,T1310,0.9870453035681932
82.49503587925521,113.6080986162375,0.48932862697742047,0.4557206790308269,CatBoost_lags_calendar,7,T681,0.9940521375701602
77.25523615301167,102.54051911850308,0.4590640980850264,0.42677487564061684,CatBoost_lags_calendar,14,T681,0.9940521375701602
45.528981270511004,53.59292444198869,0.5142387256354601,0.19409261609471787,CatBoost_lags_calendar,7,T2614,0.9913426358251989
104.0162392760385,142.74192174539323,1.1813387704413516,0.443427097071831,CatBoost_lags_calendar,14,T2614,0.9913426358251989
2114.8228467748672,2315.8894443764175,5.1134302017836895,44.12564073985989,CatBoost_lags_calendar,7,T2194,0.9664462666556688
2247.317566735761,2386.188247118068,5.433191121591592,46.89013442869941,CatBoost_lags_calendar,14,T2194,0.9664462666556688
225.47050254776332,232.87197234952305,1.9819906712260507,0.7531126721550319,CatBoost_lags_calendar,7,T1388,0.9916375250015166
320.4724923870343,351.3492271630366,2.791711885509506,1.0704366751595584,CatBoost_lags_calendar,14,T1388,0.9916375250015166
323.69139139743936,353.5769585782773,2.211351423087924,0.9009150791309228,CatBoost_lags_calendar,7,T1540,0.9901854328675375
414.6393769732246,452.1174417578613,2.8150292403569677,1.1540463448963514,CatBoost_lags_calendar,14,T1540,0.9901854328675375
40.13031770038937,44.03366863292593,0.28676669660732146,0.2903063216874239,CatBoost_lags_calendar,7,T3573,0.9909406137500104
93.84862966802095,113.20886678260453,0.6677896955252923,0.678909414018022,CatBoost_lags_calendar,14,T3573,0.9909406137500104
155.1723319874301,166.87283253637295,1.3331059527255862,0.6630964169810684,CatBoost_lags_calendar,7,T3295,0.9870327214863361
160.09825207679634,167.35200629214668,1.373448860950569,0.6841463033864515,CatBoost_lags_calendar,14,T3295,0.9870327214863361
23.394680019389916,29.784802416550445,2.2889245662562776,0.7546272388213315,CatBoost_lags_calendar,7,T2757,0.9296068130910846
39.386882109239025,44.79147008584033,3.8649070608400704,1.2704774789499962,CatBoost_lags_calendar,14,T2757,0.9296068130910846
66.23610353564871,89.98757214767626,1.7482576725344732,0.300891611857986,CatBoost_lags_calendar,7,T3139,0.9763289142465224
81.11112148059571,99.94398119639894,2.1338451198792803,0.3684645499832289,CatBoost_lags_calendar,14,T3139,0.9763289142465224
109.04975419711498,141.78375198375136,1.9867745202000513,0.43232865173605184,CatBoost_lags_calendar,7,T3604,0.9863441669952303
200.48982373222023,230.3378808967726,3.6551865178731844,0.7948435630975738,CatBoost_lags_calendar,14,T3604,0.9863441669952303
25.3909831728802,31.34378635581414,3.3015930818315455,0.8154617472374643,CatBoost_lags_calendar,7,T2255,0.9906814021884256
33.34114293847549,38.10782835867842,4.339441057656801,1.0707906224183905,CatBoost_lags_calendar,14,T2255,0.9906814021884256
64.80199782121417,92.57348666224087,0.39618122385999494,0.3381677996877723,CatBoost_lags_calendar,7,T3245,0.9897138712829331
149.86363418837132,184.3926422264703,0.9091149101010356,0.7820600773222455,CatBoost_lags_calendar,14,T3245,0.9897138712829331
213.6648900899116,220.31873487188037,2.7356951381152577,0.8120522752652679,CatBoost_lags_calendar,7,T2426,0.8404422151024947
300.01224633351546,320.20294605239474,3.8081541075087486,1.140223024662854,CatBoost_lags_calendar,14,T2426,0.8404422151024947
13.678876666522472,15.52077866107406,1.6940141677254095,0.2173287459090688,CatBoost_lags_calendar,7,T1317,0.9871853456755911
10.27683900083367,12.698520278799151,1.2705025561624386,0.1632774815074337,CatBoost_lags_calendar,14,T1317,0.9871853456755911
21.340077171612133,24.684378194283052,1.2697068755909118,0.7125405196771153,CatBoost_lags_calendar,7,T991,0.9412483512092515
17.914664514835344,20.41023314289255,1.059868892787881,0.5981667386012376,CatBoost_lags_calendar,14,T991,0.9412483512092515
118.20250623909747,137.95477541822854,0.7206837877668424,0.6217990018214715,CatBoost_lags_calendar,7,T3448,0.9918840919112695
169.9642049893173,196.75459034519028,1.0332129221613136,0.894089104963333,CatBoost_lags_calendar,14,T3448,0.9918840919112695
65.11717693712308,81.7481862747634,1.067324070129955,0.321250573691793,CatBoost_lags_calendar,7,T2682,0.9896869164309356
53.802537303810496,68.74825036419472,0.8778512171845807,0.2654306711056083,CatBoost_lags_calendar,14,T2682,0.9896869164309356
210.20094277172626,285.975097319031,1.7981805815530025,0.8427972783102647,CatBoost_lags_calendar,7,T1297,0.992225993260858
446.14408470147737,544.8911582466187,3.765915212343517,1.7888074875523614,CatBoost_lags_calendar,14,T1297,0.992225993260858
139.3455474510543,161.228960550323,1.0985023828380642,0.7134744643727248,CatBoost_lags_calendar,7,T1104,0.9872807888622561
169.46927217295018,186.0574285217502,1.3331382874607554,0.8677133959641012,CatBoost_lags_calendar,14,T1104,0.9872807888622561
3.9566748850810507,5.694920831704875,0.8080882754340905,0.1241255019366843,CatBoost_lags_calendar,7,T3300,0.9857555146310673
7.930124668608114,10.437713351349974,1.6186233259622187,0.24877725198574177,CatBoost_lags_calendar,14,T3300,0.9857555146310673
72.68304250858066,81.54333817841739,0.4141053747242447,0.322530301610558,CatBoost_lags_calendar,7,T2762,0.9910089008443232
68.70643036314998,100.6456146535014,0.3899971540270698,0.3048841234872007,CatBoost_lags_calendar,14,T2762,0.9910089008443232
77.31900281688364,89.1143914846097,1.026304024764102,0.30649647486313586,CatBoost_lags_calendar,7,T578,0.967263386538526
94.14487383397727,104.15466119363904,1.2445402049693886,0.3731950866578923,CatBoost_lags_calendar,14,T578,0.967263386538526
29.23493864102732,33.47663929446599,0.20384610997462596,0.14230635477018733,CatBoost_lags_calendar,7,T2943,0.9901732182311477
237.51275270387018,327.4343675334518,1.6276215401704213,1.1561363088098822,CatBoost_lags_calendar,14,T2943,0.9901732182311477
134.21921523235739,176.70057705700611,0.9014403580886301,0.611347973586212,CatBoost_lags_calendar,7,T1590,0.9894955138108565
179.92152369843566,211.57707097031545,1.1998016789619603,0.8195149906603305,CatBoost_lags_calendar,14,T1590,0.9894955138108565
100.22730878739354,126.95846340615306,1.1022692359738544,0.4750118555116937,CatBoost_lags_calendar,7,T2863,0.9940733736107484
115.55125153653924,143.35236760988835,1.2799796428505792,0.5476373162478221,CatBoost_lags_calendar,14,T2863,0.9940733736107484
24.543385505066258,28.289471532831335,1.2794954479199163,0.7278885625511992,CatBoost_lags_calendar,7,T988,0.9843675547513313
27.591282064843053,29.796273273974514,1.426697984449257,0.8182806987641404,CatBoost_lags_calendar,14,T988,0.9843675547513313
36.60951281579504,45.0638989695882,0.3083787008430927,0.19429457693534927,CatBoost_lags_calendar,7,T1439,0.9888638008513436
103.2686404253366,135.53574671364223,0.863375176683148,0.5480689377945699,CatBoost_lags_calendar,14,T1439,0.9888638008513436
79.84820414438165,108.80955359677247,1.0182644704251917,0.48014354675561693,CatBoost_lags_calendar,7,T2025,0.9925239805466876
90.84450165038399,114.20429608892056,1.166497965406546,0.5462665277579819,CatBoost_lags_calendar,14,T2025,0.9925239805466876
28.136003000278283,36.81228307652145,2.4591785111580453,0.773439485870318,CatBoost_lags_calendar,7,T2531,0.9588530527407483
42.70960539858835,48.672445239418686,3.708657915905795,1.1740578518164648,CatBoost_lags_calendar,14,T2531,0.9588530527407483
97.94975531132046,122.30609344850572,0.6283010442915017,0.6727665735094978,CatBoost_lags_calendar,7,T726,0.992252809881977
195.30997143512482,230.29306808779728,1.2466966424609827,1.3414839050594403,CatBoost_lags_calendar,14,T726,0.992252809881977
111.33075231059931,134.29633280958504,1.332609655524415,0.4894618337964898,CatBoost_lags_calendar,7,T507,0.9825207264540511
181.47020742940873,204.34523599240566,2.173547305822542,0.7978275423849028,CatBoost_lags_calendar,14,T507,0.9825207264540511
58.16329409188126,76.10086611412648,3.151580931263594,1.1368854979365266,CatBoost_lags_calendar,7,T3622,0.8980760193261496
70.97092001561728,81.31723971236892,3.8406265432615667,1.3872290247782064,CatBoost_lags_calendar,14,T3622,0.8980760193261496
23.24481697367852,23.783447911737095,2.4772774669260444,0.7340996523858481,CatBoost_lags_calendar,7,T943,0.9848839931992289
28.87886742335648,29.95381129913398,3.0547022809937543,0.9120298327489073,CatBoost_lags_calendar,14,T943,0.9848839931992289
358.595771192007,377.41153296389444,1.5679281918469838,1.6673659147652997,CatBoost_lags_calendar,7,T3130,0.9917610355503985
550.837444692347,603.1917946719783,2.392747702882997,2.5612337167374473,CatBoost_lags_calendar,14,T3130,0.9917610355503985
453.59640543259803,502.81213159871544,2.3385354413488177,2.4347695524088495,CatBoost_lags_calendar,7,T2700,0.9916197815119512
502.90327075811416,530.2085092649337,2.5904506466697184,2.699434027218338,CatBoost_lags_calendar,14,T2700,0.9916197815119512
59.07613448358071,67.91200782022608,1.325936484012088,0.6079487169442938,CatBoost_lags_calendar,7,T2701,0.98243995367443
146.8287908494615,173.2109605698764,3.3385523907717873,1.5110056842365307,CatBoost_lags_calendar,14,T2701,0.98243995367443
19.669899276018572,21.24313743565419,1.659103168154898,0.5388943742681286,CatBoost_lags_calendar,7,T1510,0.9605669847160367
37.842738087850925,43.89476865302658,3.15167734838089,1.0367739242726282,CatBoost_lags_calendar,14,T1510,0.9605669847160367
18.050828834075933,21.387290427076767,0.5172257953003462,0.1422188603823236,CatBoost_lags_calendar,7,T3115,0.9123346074488864
17.130388496699034,20.750925432506754,0.48999275055788366,0.13496689555373098,CatBoost_lags_calendar,14,T3115,0.9123346074488864
304.3434908529577,325.3085503551368,2.2728511431837073,0.7813901256627638,CatBoost_lags_calendar,7,T1529,0.9880596016483135
402.36969876001996,429.6971397586959,2.9838122756922414,1.0330686179481499,CatBoost_lags_calendar,14,T1529,0.9880596016483135
247.00769695327705,252.99151030308408,1.6274977945127298,1.633515741722478,CatBoost_lags_calendar,7,T1229,0.9924984169040324
223.05607436721908,238.23601093870323,1.4691734973506816,1.475118440679984,CatBoost_lags_calendar,14,T1229,0.9924984169040324
122.56763666364428,134.0376437186247,0.819887727909322,0.570299481129455,CatBoost_lags_calendar,7,T3036,0.9920928026579291
171.21383640162796,198.36294179242736,1.150908988972581,0.7966471796302041,CatBoost_lags_calendar,14,T3036,0.9920928026579291
25.054858197438275,35.68522585568783,1.2505388041091121,0.705021291344951,CatBoost_lags_calendar,7,T562,0.9811050424751666
40.099570119278724,47.759736541826165,1.9651527121056531,1.1283660232713613,CatBoost_lags_calendar,14,T562,0.9811050424751666
24.09958196701229,26.878458993246216,1.3827271955143716,0.7882947809612139,CatBoost_lags_calendar,7,T1689,0.9410332665498291
18.65974668476159,22.37317227145158,1.0747194082544291,0.6103583433849682,CatBoost_lags_calendar,14,T1689,0.9410332665498291
53.65292511078786,62.649618612347545,15.480374445485277,0.20430185189734296,CatBoost_lags_calendar,7,T3621,0.932605933025207
96.33643426415316,108.07051090639325,28.986076560330204,0.36683390299247226,CatBoost_lags_calendar,14,T3621,0.932605933025207
18.84312917439505,20.841773937736953,1.242397282686668,0.6330429473075811,CatBoost_lags_calendar,7,T1583,0.9909471043512691
15.630620924290108,17.770503548909637,1.0243021678822353,0.5251173648804447,CatBoost_lags_calendar,14,T1583,0.9909471043512691
11.403927852728787,13.236590086169164,0.7514092196896701,0.26706776221349904,CatBoost_lags_calendar,7,T2717,0.9900228500638971
19.451815349661615,22.13332073770795,1.2821590311095377,0.45554065787791226,CatBoost_lags_calendar,14,T2717,0.9900228500638971
26.336250099166914,28.360444303827194,0.2524959775893522,0.1264984084259328,CatBoost_lags_calendar,7,T782,0.9782571802814759
68.15741090135518,87.84940443474773,0.6538830165423161,0.32737401752296097,CatBoost_lags_calendar,14,T782,0.9782571802814759
152.78933794268855,182.44639714169932,1.1500583856699254,0.6061921681008127,CatBoost_lags_calendar,7,T1472,0.9751398722763266
265.86863220728435,309.2169309647228,1.987042819960368,1.0548346158040514,CatBoost_lags_calendar,14,T1472,0.9751398722763266
1.1393205473035874,1.499198648990569,0.18536833063762545,0.03364153563874978,CatBoost_lags_calendar,7,T30,0.9479964712367461
5.981037903217441,9.201169605718507,0.970914216325941,0.17660639953699295,CatBoost_lags_calendar,14,T30,0.9479964712367461
61.67528721240017,71.74062474839029,1.3495897213799128,0.26687859304606726,CatBoost_lags_calendar,7,T3064,0.9805762512277086
46.719211413843695,57.54199596003843,1.0203872622750996,0.20216131896409778,CatBoost_lags_calendar,14,T3064,0.9805762512277086
174.6583362443454,202.83736274893096,3.12591721777038,0.7599209910414104,CatBoost_lags_calendar,7,T3118,0.982747966765492
225.41991980926787,245.4582082705093,4.032735760669605,0.9807795754007705,CatBoost_lags_calendar,14,T3118,0.982747966765492
33.812757333677055,50.127554307820624,6.125743758169845,0.8592851421204332,CatBoost_lags_calendar,7,T3010,0.9788156464417721
70.36327210833808,84.21687394934183,13.011827960545293,1.7881450387795657,CatBoost_lags_calendar,14,T3010,0.9788156464417721
250.4198794246318,262.58145145064606,2.8570349004898503,1.2955022791491693,CatBoost_lags_calendar,7,T777,0.9870489075657523
368.4231468992254,408.0309033566601,4.235307878212083,1.9059709939797542,CatBoost_lags_calendar,14,T777,0.9870489075657523
9.00494811720645,11.115458501528277,1.4893785409580171,0.09692764000498019,CatBoost_lags_calendar,7,T2993,0.9923676123917884
22.967315428583756,29.862327878485548,3.6230807458117624,0.2472160475293448,CatBoost_lags_calendar,14,T2993,0.9923676123917884
96.23709546117347,114.225201695319,1.0590512751818533,0.4954481160430994,CatBoost_lags_calendar,7,T2663,0.9946132647734681
229.2388942005951,270.7709655116835,2.550121092178908,1.1801683925644875,CatBoost_lags_calendar,14,T2663,0.9946132647734681
84.22043367726214,98.03319832848325,1.1085340617473611,0.4367674208951714,CatBoost_lags_calendar,7,T3043,0.9931707928420241
67.75526970231711,78.59823925678852,0.8927645632403749,0.3513790312852236,CatBoost_lags_calendar,14,T3043,0.9931707928420241
148.73535558529562,181.79618594485635,1.151270828752879,0.7397685401211982,CatBoost_lags_calendar,7,T1582,0.991856878906407
121.43768518400988,151.8123113659801,0.9357172778762375,0.6039974741093371,CatBoost_lags_calendar,14,T1582,0.991856878906407
149.25902669326283,163.7213780947556,1.0521735870613473,0.4378033349780398,CatBoost_lags_calendar,7,T3526,0.9882638280771082
223.47990370538395,246.28279909768727,1.5664827846025666,0.6555063992468373,CatBoost_lags_calendar,14,T3526,0.9882638280771082
216.77291523133292,222.20915196877678,1.6569936535759957,1.5785385880446585,CatBoost_lags_calendar,7,T2423,0.9947686328434874
219.52996573714037,225.1558129876669,1.6757516929441834,1.5986154071802996,CatBoost_lags_calendar,14,T2423,0.9947686328434874
69.35123317470243,118.46519575177294,1.0488439982725644,0.3716402708844301,CatBoost_lags_calendar,7,T2895,0.9905645908098547
263.8742118973478,340.1923815220931,3.910222671951051,1.4140524847180067,CatBoost_lags_calendar,14,T2895,0.9905645908098547
282.68896267862954,319.9110259649633,2.492224280291361,1.3586596983535473,CatBoost_lags_calendar,7,T2894,0.9820599858334874
354.4942794019756,396.23633761316626,3.1308962297885072,1.7037704130949312,CatBoost_lags_calendar,14,T2894,0.9820599858334874
18.864525178847448,19.8935388038232,2.5296210930586143,0.38589035094649576,CatBoost_lags_calendar,7,T3401,0.9864263890272276
17.130229586081573,18.206346458463937,2.287988899184026,0.35041381874690436,CatBoost_lags_calendar,14,T3401,0.9864263890272276
15.98105701789817,20.093655732086262,0.858487097425534,0.22382960995329865,CatBoost_lags_calendar,7,T589,0.9829974754318335
20.07095402301614,24.673115113302682,1.0822882646038157,0.28111243238359607,CatBoost_lags_calendar,14,T589,0.9829974754318335
56.28748158450071,66.4903783624026,0.3484920760275232,0.2663965358002479,CatBoost_lags_calendar,7,T3056,0.9892632936034444
88.89207544850031,103.80501245744405,0.5504823141237456,0.4207070611966304,CatBoost_lags_calendar,14,T3056,0.9892632936034444
11.463029634285606,13.366499116811008,0.877133367364735,0.2546008765868711,CatBoost_lags_calendar,7,T607,0.9616401869002167
15.93852420752572,19.61927196497041,1.2148727934391492,0.35400433953340393,CatBoost_lags_calendar,14,T607,0.9616401869002167
30.09101862038577,30.72302908921093,3.4069294513092117,0.8725327015896238,CatBoost_lags_calendar,7,T2732,0.987085015074015
37.62886009040184,40.96227261666768,4.276930831657858,1.0911033410538422,CatBoost_lags_calendar,14,T2732,0.987085015074015
558.1721850687057,606.0497744206649,2.7270911321103797,3.5782364939348796,CatBoost_lags_calendar,7,T2698,0.99133707936169
663.3665645032399,693.8757721345502,3.2337791172427113,4.252598953259416,CatBoost_lags_calendar,14,T2698,0.99133707936169
62.34825590602304,75.68101170726904,0.505381993383446,0.1324720139216649,CatBoost_lags_calendar,7,T594,0.9548617765057353
103.28965750781208,127.78946737501185,0.8351112157257337,0.21946065288439065,CatBoost_lags_calendar,14,T594,0.9548617765057353
183.56047963945977,197.09293660403972,1.9042197972018469,0.4848920570781921,CatBoost_lags_calendar,7,T953,0.987041814228793
178.50291379692877,191.95575643189116,1.8542053288204103,0.47153202713051445,CatBoost_lags_calendar,14,T953,0.987041814228793
180.48777089148578,188.35517817893296,3.675210937747074,0.6778611804457825,CatBoost_lags_calendar,7,T2937,0.9798309941631791
191.43205313165248,202.0555393165162,3.872648501302721,0.7189648188906915,CatBoost_lags_calendar,14,T2937,0.9798309941631791
49.54854503277953,69.93037786754037,0.8466324263017327,0.7606675091645281,CatBoost_lags_calendar,7,T2036,0.9926066790683152
83.80716889565416,99.38200418650644,1.4353751991213346,1.2866046898413237,CatBoost_lags_calendar,14,T2036,0.9926066790683152
805.3369577592815,808.9968603727165,9.26273484107782,1.8643901073778129,CatBoost_lags_calendar,7,T448,0.9861766762242584
750.9254622986301,770.2386059043982,8.663941237288117,1.738425127269706,CatBoost_lags_calendar,14,T448,0.9861766762242584
98.03904712804511,107.4250409910834,2.192818436363154,0.5372294652857607,CatBoost_lags_calendar,7,T2257,0.9804243066664171
287.6973648098219,359.68557322392365,6.639599042117886,1.576509625384656,CatBoost_lags_calendar,14,T2257,0.9804243066664171
64.3472415515324,88.02042932490554,0.42283242593689235,0.5037256859349514,CatBoost_lags_calendar,7,T693,0.9935422203472173
56.3816709801926,73.99058621631255,0.37052358648510836,0.4413692833423394,CatBoost_lags_calendar,14,T693,0.9935422203472173
111.34451169580072,130.3903491104478,0.7135021016064647,0.59781468486909,CatBoost_lags_calendar,7,T723,0.9896556489333471
205.43887306520915,242.29137948762383,1.3090669624100684,1.1030123828363858,CatBoost_lags_calendar,14,T723,0.9896556489333471
205.74186393641997,246.16989641852237,1.9186889462783903,0.5752557812248966,CatBoost_lags_calendar,7,T871,0.9933697571257217
289.7603174745883,339.35033825921965,2.677710972226598,0.810172001981712,CatBoost_lags_calendar,14,T871,0.9933697571257217
37.60854931756948,50.54307453962071,1.8885762466789795,0.9888306203504242,CatBoost_lags_calendar,7,T570,0.9885309591858066
30.217807765906773,41.35734714540836,1.5011624271749833,0.7945080079127746,CatBoost_lags_calendar,14,T570,0.9885309591858066
144.14126823474595,167.77490416565732,1.1166869080697828,0.7151672936762639,CatBoost_lags_calendar,7,T2968,0.9894231674209679
186.677053982334,205.34187356710234,1.4419883460973333,0.9262116611224703,CatBoost_lags_calendar,14,T2968,0.9894231674209679
107.927292093065,122.83584469723365,0.6074180057440804,0.8550041552866116,CatBoost_lags_calendar,7,T1707,0.8789197260834398
368.5424162344061,485.9268360088029,2.1177658551489573,2.9196071833996533,CatBoost_lags_calendar,14,T1707,0.8789197260834398
15.68301411301614,22.394684927495067,1.2328668399841947,0.4459578358198594,CatBoost_lags_calendar,7,T2549,0.9889205186960606
25.68737977907053,31.251725487943467,2.0085119491328114,0.7304392007560341,CatBoost_lags_calendar,14,T2549,0.9889205186960606
59.45908578288462,68.65148319670529,0.4965850074562045,0.2913141334595552,CatBoost_lags_calendar,7,T1598,0.9920069220158335
54.38757365271366,61.259235794305674,0.4534632993271957,0.26646674231524586,CatBoost_lags_calendar,14,T1598,0.9920069220158335
6.542465960700448,9.807480689050207,0.4025646561714507,0.12701437627315224,CatBoost_lags_calendar,7,T3224,0.9763859535479923
10.42417295102119,14.390353734128531,0.640333134635423,0.20237320812834142,CatBoost_lags_calendar,14,T3224,0.9763859535479923
12.184794022334959,14.617331383331612,0.9383749030218994,0.4093262010477028,CatBoost_lags_calendar,7,T3312,0.9890195702344717
12.304666133153319,14.875073056403446,0.9456936061806756,0.413353088629299,CatBoost_lags_calendar,14,T3312,0.9890195702344717
70.75045411834915,75.0447182041502,2.3499765728554998,2.3292937337353923,CatBoost_lags_calendar,7,T3006,0.9810816887185236
71.77572402720064,75.6804213065715,2.384186991856483,2.363048354872953,CatBoost_lags_calendar,14,T3006,0.9810816887185236
724.924658917935,775.5538631564707,7.232324960510447,3.1318628512464812,CatBoost_lags_calendar,7,T2932,0.9709139950962835
1019.5066099506869,1152.00036787527,9.90823275707147,4.404533407748585,CatBoost_lags_calendar,14,T2932,0.9709139950962835
121.82896995410427,144.74548484876885,0.7497028180945474,0.3314700102333204,CatBoost_lags_calendar,7,T1515,0.9827781727864349
365.6111239083631,473.10121096235144,2.216115909714887,0.9947479899811644,CatBoost_lags_calendar,14,T1515,0.9827781727864349
71.19208047133932,83.0289955809979,0.5164256229388988,0.3388645253058402,CatBoost_lags_calendar,7,T934,0.9917286485667808
205.60129804838314,261.4629001424393,1.4756829578966772,0.9786339408001742,CatBoost_lags_calendar,14,T934,0.9917286485667808
38.61174185615899,49.44608264483369,6.145726550257661,0.8764290872840552,CatBoost_lags_calendar,7,T2572,0.9741155104968089
58.1272547006828,65.64307022147716,9.332663442360152,1.319402190489913,CatBoost_lags_calendar,14,T2572,0.9741155104968089
12.39493727415733,14.321876672575101,0.9604818405278628,0.4551883626694434,CatBoost_lags_calendar,7,T657,0.9781953922059554
8.721417934557198,10.807967905825818,0.6765537930747556,0.3202830205574318,CatBoost_lags_calendar,14,T657,0.9781953922059554
18.346314597809233,20.110145675656987,1.981247477517987,0.3132681271523467,CatBoost_lags_calendar,7,T1333,0.985720969344191
12.66133482090763,15.55010460971331,1.3667941790156635,0.21619560841217456,CatBoost_lags_calendar,14,T1333,0.985720969344191
86.5443092209233,94.97834607328893,0.9705335612059209,0.7568734568182759,CatBoost_lags_calendar,7,T2677,0.9944087681597363
126.27878954661057,136.49056274569443,1.4109263187431145,1.1043714465729841,CatBoost_lags_calendar,14,T2677,0.9944087681597363
74.72842357786223,77.27668490555995,1.3856166579376854,0.9471120393394024,CatBoost_lags_calendar,7,T3119,0.9913404971990372
92.84085677245405,97.3995456114263,1.7148207900317618,1.1766699868913757,CatBoost_lags_calendar,14,T3119,0.9913404971990372
28.650015267149033,33.05449031938418,0.19222733674183126,0.1270503528118205,CatBoost_lags_calendar,7,T3144,0.9895972657438667
33.67277032225515,39.479126075479584,0.22544560874725575,0.14932408620735904,CatBoost_lags_calendar,14,T3144,0.9895972657438667
105.74588669996021,114.56118703178109,0.7559360549361716,0.5910973255492947,CatBoost_lags_calendar,7,T2722,0.9932942714897294
255.4758608824368,307.24463828736447,1.8487391392608583,1.4280564740876005,CatBoost_lags_calendar,14,T2722,0.9932942714897294
48.744138257328814,61.42654152076323,0.45090323329904736,0.17538465547242119,CatBoost_lags_calendar,7,T3220,0.9833305130052408
74.19085501297377,95.57526106436916,0.6859824552191794,0.2669436369346088,CatBoost_lags_calendar,14,T3220,0.9833305130052408
146.85021727451178,148.86573142410856,1.642428708471365,0.5064962593106224,CatBoost_lags_calendar,7,T2803,0.992997662232929
243.26156579719412,282.5608471196416,2.6940667245167584,0.8390254736906606,CatBoost_lags_calendar,14,T2803,0.992997662232929
37.89782819403714,39.92866777561069,3.168041158356964,0.8465884785714046,CatBoost_lags_calendar,7,T514,0.967522934912835
41.578072948258296,44.56054204044503,3.4593942506938293,0.9288003876891071,CatBoost_lags_calendar,14,T514,0.967522934912835
19.120353026862794,21.76295754246909,1.3818687414180761,0.3837997438523338,CatBoost_lags_calendar,7,T592,0.9656837149076389
21.25968219942987,23.36826333565609,1.5333427798351849,0.4267421512071308,CatBoost_lags_calendar,14,T592,0.9656837149076389
89.94738010792636,104.90228730760437,2.29035337445784,0.2026113101648097,CatBoost_lags_calendar,7,T886,0.9909266137974043
114.97996014640633,141.54099537488824,2.946943253396541,0.2589985427036143,CatBoost_lags_calendar,14,T886,0.9909266137974043
89.6719079649052,106.50221394145086,0.6985656283805315,0.5450989094563116,CatBoost_lags_calendar,7,T1075,0.9896287532756126
92.13044432363507,109.09567413564686,0.7177392794523085,0.5600438963358908,CatBoost_lags_calendar,14,T1075,0.9896287532756126
48.530583738029755,59.55106099485617,1.6967747510447952,0.2550717472111065,CatBoost_lags_calendar,7,T1214,0.9828554829563935
68.76789800407298,76.33231458634529,2.3974622980273033,0.36143698560519677,CatBoost_lags_calendar,14,T1214,0.9828554829563935
583.61923879763,606.861512486109,4.765615921551918,1.3172950859970476,CatBoost_lags_calendar,7,T550,0.9814591251284098
600.1953463791214,683.2545324693222,4.851159898470909,1.3547092485374095,CatBoost_lags_calendar,14,T550,0.9814591251284098
9.098294221782194,11.145343571719653,0.7170535135640574,0.27531502362549753,CatBoost_lags_calendar,7,T1634,0.9666579180431785
29.343281354764468,37.89535813416091,2.2765267243857887,0.8879297594152916,CatBoost_lags_calendar,14,T1634,0.9666579180431785
65.0965676841297,89.13874293144484,0.43279822696306575,0.332285552767633,CatBoost_lags_calendar,7,T2343,0.9924907362654103
82.05555569185591,133.7577869782917,0.5468804781547099,0.4188527391033392,CatBoost_lags_calendar,14,T2343,0.9924907362654103
5.891715899296871,6.785433610497962,0.5752514276305016,0.18850278899077832,CatBoost_lags_calendar,7,T1402,0.9844934403597341
7.366567821464433,8.297305962904593,0.7135812214260071,0.23569001007015428,CatBoost_lags_calendar,14,T1402,0.9844934403597341
331.2276158579306,361.2078988629594,4.657961948557995,1.2825672906965733,CatBoost_lags_calendar,7,T2411,0.9800227799756501
440.25534862780427,489.1162769043493,6.10933043395569,1.7047404342832024,CatBoost_lags_calendar,14,T2411,0.9800227799756501
10.762211500675514,14.76580119026091,0.608261036806682,0.27522870180341164,CatBoost_lags_calendar,7,T1013,0.9878931385284161
11.312674523325493,14.226418628030533,0.638845357415986,0.2893060336887055,CatBoost_lags_calendar,14,T1013,0.9878931385284161
10.754743921558461,17.40903546316648,0.7204837476998048,0.2289057453288324,CatBoost_lags_calendar,7,T862,0.9872685504274568
28.94657727539275,39.0172446232092,1.8876837063523981,0.6161037300628026,CatBoost_lags_calendar,14,T862,0.9872685504274568
245.1896067112319,294.41212971286484,2.9745764892208513,0.9359407584336582,CatBoost_lags_calendar,7,T3210,0.9840614762896622
290.00014293157665,336.55066588836036,3.5198686471713327,1.1069920840523764,CatBoost_lags_calendar,14,T3210,0.9840614762896622
22.67140801753622,24.956163216274522,1.9063084530995806,0.6555967580511433,CatBoost_lags_calendar,7,T1517,0.9580746410682769
36.79908389275503,41.2082638533865,3.0671120459636225,1.06413152992886,CatBoost_lags_calendar,14,T1517,0.9580746410682769
9.14348480959289,15.998958395074588,0.6156063599575835,0.15568911723273673,CatBoost_lags_calendar,7,T2857,0.9570222553073046
33.76438771105485,43.041174572430826,2.251530227738403,0.5749173128305387,CatBoost_lags_calendar,14,T2857,0.9570222553073046
153.90775019928125,184.91634243199388,1.2457096336561684,0.5733026638020577,CatBoost_lags_calendar,7,T1465,0.974659853200543
273.5121164445701,316.2484625128837,2.1965556673327304,1.0188260483099632,CatBoost_lags_calendar,14,T1465,0.974659853200543
57.52319032158812,62.72888157312526,0.5512726091611025,0.2169675553111029,CatBoost_lags_calendar,7,T2389,0.9861918935360825
57.68560361568091,65.08908158708074,0.55144504314621,0.21758015025189695,CatBoost_lags_calendar,14,T2389,0.9861918935360825
314.67969140198977,321.0936192270936,2.0093039410903075,1.692322698620938,CatBoost_lags_calendar,7,T3335,0.9919339785710739
361.58674098511375,372.7573979983119,2.3025526003115715,1.9445851321487873,CatBoost_lags_calendar,14,T3335,0.9919339785710739
148.12860055298293,168.8113475430941,1.0845158067502827,0.6636035638622753,CatBoost_lags_calendar,7,T3055,0.9880542996164016
136.22733578857645,157.6103655691995,0.9976754315597717,0.6102869073715944,CatBoost_lags_calendar,14,T3055,0.9880542996164016
16.056754206628998,17.92423767522086,1.2669242065802726,0.40679678356781207,CatBoost_lags_calendar,7,T1524,0.9796490717378195
29.65186972253699,34.638947681546426,2.316374100491951,0.751228117132163,CatBoost_lags_calendar,14,T1524,0.9796490717378195
118.15342614299776,125.23194150335608,0.7848004137707402,0.5984591157313603,CatBoost_lags_calendar,7,T2945,0.991341696008157
222.38180375152024,272.9570217201576,1.4637781038898128,1.126386444916197,CatBoost_lags_calendar,14,T2945,0.991341696008157
12.073496295776652,13.301466442072323,1.2392120095349999,0.3367992381417874,CatBoost_lags_calendar,7,T756,0.9838351731020025
9.237735890731626,10.801159528037875,0.94722367959586,0.25769357391874853,CatBoost_lags_calendar,14,T756,0.9838351731020025
21.682726006540342,22.49710348902673,1.2447406350461432,0.4460721685690718,CatBoost_lags_calendar,7,T1185,0.9905527575654054
37.935215445814165,42.73797117341644,2.1549134119824944,0.780429721518641,CatBoost_lags_calendar,14,T1185,0.9905527575654054
121.90277589178784,135.08420501101577,1.336559924668266,0.7191701935019079,CatBoost_lags_calendar,7,T3047,0.9947165591557863
234.16150288620364,263.60353927442657,2.547979548989929,1.3814449433937237,CatBoost_lags_calendar,14,T3047,0.9947165591557863
242.97268197520603,315.11707817054923,1.781765749415102,1.0981452439379136,CatBoost_lags_calendar,7,T2600,0.9835247287046535
139.71617021162248,226.28977767537054,1.0225717389800506,0.6314646015833572,CatBoost_lags_calendar,14,T2600,0.9835247287046535
868.573267180799,916.5332330505845,4.225939941897699,3.3650732321683514,CatBoost_lags_calendar,7,T3428,0.9906734232872607
1285.1041754918203,1376.466681436295,6.168888088019172,4.978819663114429,CatBoost_lags_calendar,14,T3428,0.9906734232872607
168.99549776384578,300.1163134623632,1.0888515994919699,0.7982351079609463,CatBoost_lags_calendar,7,T2870,0.9876559670165995
479.2347063133208,602.610581691651,3.062745290955968,2.263622241979547,CatBoost_lags_calendar,14,T2870,0.9876559670165995
16.589808023128267,19.63643801864526,1.1357456991300898,0.2979954617026968,CatBoost_lags_calendar,7,T2585,0.9776145302707181
39.54816987183629,65.66126004205728,2.599346182007137,0.7103864688503044,CatBoost_lags_calendar,14,T2585,0.9776145302707181
255.9821401463227,305.45837144648226,1.6314029792339484,1.6220673005169801,CatBoost_lags_calendar,7,T526,0.9858622222921394
439.4110171077474,501.11012911696577,2.780854080897561,2.7843905122832586,CatBoost_lags_calendar,14,T526,0.9858622222921394
67.07862490881573,77.55151399972517,1.5534733194215475,0.2014999537636569,CatBoost_lags_calendar,7,T824,0.9707549564130614
88.99385608326968,99.9245801775014,2.0567037805797046,0.2673319244454525,CatBoost_lags_calendar,14,T824,0.9707549564130614
13.516288330083464,14.683159285013053,1.1360087720660104,0.8603134079300677,CatBoost_lags_calendar,7,T256,0.7210170867356794
20.93048885178663,24.798824296513807,1.7453440969870757,1.332228179362289,CatBoost_lags_calendar,14,T256,0.7210170867356794
89.5160979735491,100.99908739323241,0.9202152332324363,0.7761907580970459,CatBoost_lags_calendar,7,T2792,0.9954889068020571
57.57686690383629,75.1052584561034,0.5921989710662818,0.4992468727149717,CatBoost_lags_calendar,14,T2792,0.9954889068020571
62.99572105383491,76.29178596954316,0.4596289730616996,0.2956054723747814,CatBoost_lags_calendar,7,T160,0.9904826876104095
3476.0867908700616,6404.636107705985,44.21735821490989,16.311429739057324,CatBoost_lags_calendar,14,T160,0.9904826876104095
154.9473370641234,173.25827921901632,1.673364524053279,0.784177231965795,CatBoost_lags_calendar,7,T463,0.9884453007906575
227.02988656884074,246.5503344239602,2.455511428131818,1.1489817856591196,CatBoost_lags_calendar,14,T463,0.9884453007906575
81.7416038134535,107.07521171021422,0.6060937253300427,0.3457705082146117,CatBoost_lags_calendar,7,T2334,0.9922422882343257
233.38908825605708,300.93593420168,1.7142507722952245,0.9872459053067882,CatBoost_lags_calendar,14,T2334,0.9922422882343257
102.26328761078912,121.67449715581166,0.5807233087637089,0.3720545620692528,CatBoost_lags_calendar,7,T3147,0.981935387051658
110.85490139744901,134.89406928967108,0.6301414687825487,0.40331259395484864,CatBoost_lags_calendar,14,T3147,0.981935387051658
43.4722599743266,47.01598513910995,3.1356020149493666,1.1627692575419386,CatBoost_lags_calendar,7,T1541,0.9909768689799645
52.644930598369356,55.6242248360492,3.776633173543096,1.408114206654172,CatBoost_lags_calendar,14,T1541,0.9909768689799645
59.328464721192304,74.75545451831151,0.5390621032901053,0.2579079369086602,CatBoost_lags_calendar,7,T1096,0.9855292737565634
69.32827983958019,86.6237527763113,0.6275091054125106,0.3013783300626265,CatBoost_lags_calendar,14,T1096,0.9855292737565634
8.83194016664366,15.331852137582988,0.7460940078873021,0.21218494071910854,CatBoost_lags_calendar,7,T852,0.978501444665267
21.280760267473006,28.347082194125345,1.751886068265458,0.5112644300813122,CatBoost_lags_calendar,14,T852,0.978501444665267
20.2247275531181,23.98914360958442,0.7052247439376504,0.22016973781811547,CatBoost_lags_calendar,7,T2676,0.9915102604450652
18.069848589769954,22.051318784954557,0.6299504572260936,0.1967113680999539,CatBoost_lags_calendar,14,T2676,0.9915102604450652
16.32139439765342,18.689905967229137,1.2560525701711847,0.5192429546794713,CatBoost_lags_calendar,7,T3080,0.9820724245012051
33.78011595431714,39.02078813470524,2.574321736768494,1.0746684253924148,CatBoost_lags_calendar,14,T3080,0.9820724245012051
185.64430203433636,243.66522835646387,2.1412999916971662,0.9353266442431893,CatBoost_lags_calendar,7,T1122,0.9928648332397148
631.3086947516219,831.4526473295224,7.610737577272865,3.180705448392209,CatBoost_lags_calendar,14,T1122,0.9928648332397148
224.43590815230633,331.1200477859194,2.3741669827764236,0.6596882168902504,CatBoost_lags_calendar,7,T3457,0.9844462133649299
196.18122368577107,268.0074135440428,2.062305873844963,0.5766387504836702,CatBoost_lags_calendar,14,T3457,0.9844462133649299
163.88683935125223,230.85696947043493,1.8723436593557736,0.8354206938493316,CatBoost_lags_calendar,7,T1282,0.9932291110652949
335.5849431192429,419.54179458065016,3.7798900477731787,1.710659666974194,CatBoost_lags_calendar,14,T1282,0.9932291110652949
29.55645327543461,31.43142749966472,1.6782206888587332,0.6589251333507162,CatBoost_lags_calendar,7,T1177,0.976576459267932
50.38331271446355,55.925313753497704,2.828761000280117,1.1232346025976476,CatBoost_lags_calendar,14,T1177,0.976576459267932
42.83495914993364,69.52353396029389,0.5382789045440329,0.14703932509677517,CatBoost_lags_calendar,7,T2884,0.9646829732926611
101.74910247837117,136.30048866852388,1.2676680675635876,0.34927357594189484,CatBoost_lags_calendar,14,T2884,0.9646829732926611
152.34890726551774,177.81011598970147,1.4511032020943262,0.5305398715103974,CatBoost_lags_calendar,7,T2450,0.9867018068660204
391.5759155032947,470.36982205041284,3.6499332977743757,1.3636240628599836,CatBoost_lags_calendar,14,T2450,0.9867018068660204
26.679215389668816,27.557791088705226,2.8739228914391246,0.46496768392917565,CatBoost_lags_fourier,7,T1321,0.9855413172672572
19.551166450952298,22.043428689331247,2.106081971707004,0.34073942767947113,CatBoost_lags_fourier,14,T1321,0.9855413172672572
73.44368537854955,99.0797817171608,0.7814962868429713,0.2866656113078447,CatBoost_lags_fourier,7,T2316,0.9445708282737718
132.26523003910668,165.87327384809572,1.3999550519586068,0.5162580394557268,CatBoost_lags_fourier,14,T2316,0.9445708282737718
242.35273933324606,246.77421239065472,1.6146958443268615,1.1786552728651396,CatBoost_lags_fourier,7,T2394,0.9861119375223296
453.6934397911496,503.97519974411523,2.9898719463299908,2.2064869848195037,CatBoost_lags_fourier,14,T2394,0.9861119375223296
14.519417230119123,16.9785748557266,0.9784987316528039,0.6190163400920882,CatBoost_lags_fourier,7,T2998,0.9567561936149641
20.15619603410315,22.45860618639829,1.3461592241094877,0.8593330229072029,CatBoost_lags_fourier,14,T2998,0.9567561936149641
28.735334760134656,30.72517671172574,1.6372830673323104,1.1362370339765533,CatBoost_lags_fourier,7,T3564,0.9551428108336908
38.14548468277394,40.43688433252894,2.165455174609777,1.5083280823887644,CatBoost_lags_fourier,14,T3564,0.9551428108336908
132.58736018633968,146.68048803396132,1.0915407409672977,0.6994690335396289,CatBoost_lags_fourier,7,T1487,0.9914996760763503
195.3942998043975,221.91593651430986,1.6015315194594422,1.030809134831961,CatBoost_lags_fourier,14,T1487,0.9914996760763503
125.68566518843623,134.60305846129813,2.3809737690117823,0.3433030734258051,CatBoost_lags_fourier,7,T1310,0.9870453035681932
102.16910368101331,115.24983175817827,1.9333787542429797,0.2790689554792498,CatBoost_lags_fourier,14,T1310,0.9870453035681932
76.14685403603445,112.04802752091602,0.45162037072529426,0.42065192962827985,CatBoost_lags_fourier,7,T681,0.9940521375701602
60.02350687400576,91.97282360080277,0.3566816133665141,0.3315830221647559,CatBoost_lags_fourier,14,T681,0.9940521375701602
32.24411095552854,41.3918453897433,0.36449835422542726,0.1374584643531306,CatBoost_lags_fourier,7,T2614,0.9913426358251989
74.1350579703142,113.77871884924465,0.8447938720232042,0.3160419351423443,CatBoost_lags_fourier,14,T2614,0.9913426358251989
2110.3029360763767,2310.9453831033356,5.102836617272956,44.03133309798719,CatBoost_lags_fourier,7,T2194,0.9664462666556688
2240.3036194689703,2378.861096878356,5.416753100793305,46.74378887652481,CatBoost_lags_fourier,14,T2194,0.9664462666556688
255.47245521970373,260.3129823797136,2.2486187825979824,0.8533246754606411,CatBoost_lags_fourier,7,T1388,0.9916375250015166
362.6285305670929,392.19636399994783,3.1656915078524466,1.2112455446236603,CatBoost_lags_fourier,14,T1388,0.9916375250015166
370.60664649007987,397.60786552987247,2.5364084902467168,1.0314921098383512,CatBoost_lags_fourier,7,T1540,0.9901854328675375
479.976734597999,516.3795659829362,3.2669039420615955,1.3358967501870331,CatBoost_lags_fourier,14,T1540,0.9901854328675375
52.664763041043315,56.9807695856785,0.37652367254530883,0.3809816247937835,CatBoost_lags_fourier,7,T3573,0.9909406137500104
111.8401461475062,131.14027757404324,0.7965414726913167,0.8090616597523576,CatBoost_lags_fourier,14,T3573,0.9909406137500104
180.40311078874817,193.28746022741365,1.551719595239016,0.7709148586227856,CatBoost_lags_fourier,7,T3295,0.9870327214863361
196.16769038211987,204.04739395029952,1.6855423896062827,0.8382814832632173,CatBoost_lags_fourier,14,T3295,0.9870327214863361
23.5283394322328,30.157265717271162,2.3017669732406243,0.7589386050623961,CatBoost_lags_fourier,7,T2757,0.9296068130910846
38.154182367736105,43.29146874208336,3.747099506674233,1.230715071366087,CatBoost_lags_fourier,14,T2757,0.9296068130910846
55.95493247839347,67.92297761964672,1.4803568927567299,0.2541872019353786,CatBoost_lags_fourier,7,T3139,0.9763289142465224
61.17714868745338,75.2033875440781,1.615709124913053,0.2779102316538952,CatBoost_lags_fourier,14,T3139,0.9763289142465224
80.34213661763988,103.43326690722242,1.4702352538353392,0.3185170645934098,CatBoost_lags_fourier,7,T3604,0.9863441669952303
142.01751721661321,162.05999316893164,2.607653892465029,0.5630296206828522,CatBoost_lags_fourier,14,T3604,0.9863441669952303
23.02358007220268,27.6167051940055,3.0001179744827824,0.7394297694385167,CatBoost_lags_fourier,7,T2255,0.9906814021884256
27.490046219404007,31.757765767761004,3.5960380809564034,0.8828756637378757,CatBoost_lags_fourier,14,T2255,0.9906814021884256
62.66674030738899,86.26178026267822,0.3831126102660979,0.32702500533736945,CatBoost_lags_fourier,7,T3245,0.9897138712829331
157.41390005461653,198.88390461564808,0.9550671523554198,0.8214609736046433,CatBoost_lags_fourier,14,T3245,0.9897138712829331
214.88903852327076,220.30219224427358,2.751581025274172,0.8167047594434284,CatBoost_lags_fourier,7,T2426,0.8404422151024947
299.089645654816,317.92129628104993,3.7961931431755005,1.1367165993442914,CatBoost_lags_fourier,14,T2426,0.8404422151024947
19.71148866948217,21.210107291866642,2.4518955465281302,0.3131743356545996,CatBoost_lags_fourier,7,T1317,0.9871853456755911
15.899555026522924,18.0626193906924,1.9751808901745098,0.25261068132028996,CatBoost_lags_fourier,14,T1317,0.9871853456755911
20.747290960608684,24.24508811364234,1.2347041791053084,0.6927475174564998,CatBoost_lags_fourier,7,T991,0.9412483512092515
18.641386195364216,20.91380188157141,1.1026861582487693,0.6224318169203312,CatBoost_lags_fourier,14,T991,0.9412483512092515
134.94177967371434,155.08708022623205,0.8232806783643715,0.7098552016773986,CatBoost_lags_fourier,7,T3448,0.9918840919112695
193.75614860541918,219.943011270374,1.1789411378203811,1.0192455611383002,CatBoost_lags_fourier,14,T3448,0.9918840919112695
45.59156852086705,56.661609643177194,0.7492866169078992,0.2249224894528162,CatBoost_lags_fourier,7,T2682,0.9896869164309356
48.112426653882075,60.50718642032772,0.7849289198937116,0.23735894876383123,CatBoost_lags_fourier,14,T2682,0.9896869164309356
243.8685781031319,324.16003221448926,2.091630980935997,0.9777871173200061,CatBoost_lags_fourier,7,T1297,0.992225993260858
493.79876223503624,593.5315937365659,4.180549819656707,1.979878145915931,CatBoost_lags_fourier,14,T1297,0.992225993260858
158.26104301662366,184.82323216951653,1.2488140623728627,0.8103252307865543,CatBoost_lags_fourier,7,T1104,0.9872807888622561
199.17644910942923,218.59569373510269,1.5689618111177424,1.0198195273797828,CatBoost_lags_fourier,14,T1104,0.9872807888622561
3.2017889630097978,3.975537041690787,0.6566473334815344,0.10044385087777714,CatBoost_lags_fourier,7,T3300,0.9857555146310673
4.9385950092585995,6.528874388907015,1.0147566321606838,0.15492948048312302,CatBoost_lags_fourier,14,T3300,0.9857555146310673
71.71526947149323,77.35466036326473,0.40864844405111256,0.3182358180725921,CatBoost_lags_fourier,7,T2762,0.9910089008443232
80.07293483636828,111.37213517782403,0.454738832045731,0.35532287769279214,CatBoost_lags_fourier,14,T2762,0.9910089008443232
66.71339699603739,79.41205274663339,0.8847323387379518,0.264455311896048,CatBoost_lags_fourier,7,T578,0.967263386538526
90.84935157781729,103.54521741451144,1.2003291865221772,0.3601314681741128,CatBoost_lags_fourier,14,T578,0.967263386538526
60.67180041556172,65.99192692202536,0.42346525656958844,0.2953309688964521,CatBoost_lags_fourier,7,T2943,0.9901732182311477
283.5483774214942,370.8918781428011,1.9487924383207593,1.3802230436436518,CatBoost_lags_fourier,14,T2943,0.9901732182311477
141.21528574616448,188.34327580863624,0.9483249742493964,0.6432140035304186,CatBoost_lags_fourier,7,T1590,0.9894955138108565
208.41617052092286,244.09315658328265,1.3909201658711439,0.9493037438043939,CatBoost_lags_fourier,14,T1590,0.9894955138108565
113.70655121425261,138.26669013069917,1.2515785657742102,0.5388946438808414,CatBoost_lags_fourier,7,T2863,0.9940733736107484
110.25948938574766,131.3412427427663,1.221803780737758,0.5225578265499982,CatBoost_lags_fourier,14,T2863,0.9940733736107484
25.614392787665338,29.347641826431996,1.3351321625221577,0.7596516602400649,CatBoost_lags_fourier,7,T988,0.9843675547513313
29.960767047931654,32.235789677849716,1.549578981001257,0.8885530341748765,CatBoost_lags_fourier,14,T988,0.9843675547513313
54.858337382895115,63.732415492000655,0.4625008314343972,0.2911450230659069,CatBoost_lags_fourier,7,T1439,0.9888638008513436
130.96780238558378,162.61778681113475,1.0970535600894196,0.6950743618112476,CatBoost_lags_fourier,14,T1439,0.9888638008513436
93.79179940172591,117.48144547319588,1.1975489254704779,0.5639892306144585,CatBoost_lags_fourier,7,T2025,0.9925239805466876
85.80868041044356,104.6400149374979,1.102267448023762,0.5159851069435551,CatBoost_lags_fourier,14,T2025,0.9925239805466876
28.00174403198548,35.85956993799663,2.447176198529836,0.7697487986249109,CatBoost_lags_fourier,7,T2531,0.9588530527407483
44.02803110982453,49.83699241682258,3.825606313041359,1.210300473209654,CatBoost_lags_fourier,14,T2531,0.9588530527407483
115.71345303775446,141.98695246894184,0.7428545257410304,0.79477629180116,CatBoost_lags_fourier,7,T726,0.992252809881977
220.18462317365942,256.01462625133155,1.40700875972546,1.5123351150924467,CatBoost_lags_fourier,14,T726,0.992252809881977
89.01554851622937,103.97072198152246,1.0675878612586671,0.39135380574452433,CatBoost_lags_fourier,7,T507,0.9825207264540511
138.85931197178783,155.50414008060704,1.6686474442788268,0.6104902020944968,CatBoost_lags_fourier,14,T507,0.9825207264540511
60.70603709640035,79.44931550644394,3.2855237140141305,1.1865870784943722,CatBoost_lags_fourier,7,T3622,0.8980760193261496
76.43344566924391,87.32302828420268,4.128282942806707,1.4940019697201472,CatBoost_lags_fourier,14,T3622,0.8980760193261496
27.91917568062786,28.471227770554094,2.9825847062444915,0.8817215977762505,CatBoost_lags_fourier,7,T943,0.9848839931992289
35.32262544066394,36.55929364114368,3.749480455933724,1.1155315650241235,CatBoost_lags_fourier,14,T943,0.9848839931992289
382.41302615092303,401.47681651601073,1.6730210236390257,1.7781092148599007,CatBoost_lags_fourier,7,T3130,0.9917610355503985
582.2779245898398,634.4507922884122,2.5313773915794897,2.7074227929518284,CatBoost_lags_fourier,14,T3130,0.9917610355503985
473.56815790297645,524.5425281998757,2.4430327471529463,2.5419719337344864,CatBoost_lags_fourier,7,T2700,0.9916197815119512
532.1927600061236,560.7924342751792,2.7435885929807964,2.8566512268534363,CatBoost_lags_fourier,14,T2700,0.9916197815119512
51.755489794429714,56.4629729926836,1.1627845147375766,0.532612431236376,CatBoost_lags_fourier,7,T2701,0.98243995367443
131.95472375244384,155.83398099277042,3.0074440665824955,1.3579376122236522,CatBoost_lags_fourier,14,T2701,0.98243995367443
14.997606081994522,16.21501411352641,1.2620186204412942,0.410887998543541,CatBoost_lags_fourier,7,T1510,0.9605669847160367
31.826591475699484,38.14398545921339,2.64110530450297,0.8719501232675368,CatBoost_lags_fourier,14,T1510,0.9605669847160367
23.99642523528525,26.02561461321651,0.6880276935767988,0.18906302206851583,CatBoost_lags_fourier,7,T3115,0.9123346074488864
23.479489491638105,27.337026241822475,0.6720170480470029,0.1849901890131383,CatBoost_lags_fourier,14,T3115,0.9123346074488864
352.2547601898911,371.86190881424005,2.635703342006589,0.904400454100958,CatBoost_lags_fourier,7,T1529,0.9880596016483135
467.97264231595807,496.0370073720782,3.479682087468814,1.2015016347521414,CatBoost_lags_fourier,14,T1529,0.9880596016483135
259.7016996018891,266.17262824833244,1.7118780270334013,1.7174639482267349,CatBoost_lags_fourier,7,T1229,0.9924984169040324
241.17946117558378,254.8343546145216,1.5895746962089083,1.5949723481085818,CatBoost_lags_fourier,14,T1229,0.9924984169040324
125.44922599169902,139.20246214823345,0.8391310323665092,0.5837073344857827,CatBoost_lags_fourier,7,T3036,0.9920928026579291
179.44544300203194,208.25256614482518,1.205856527968506,0.8349483258451303,CatBoost_lags_fourier,14,T3036,0.9920928026579291
24.890248258077268,34.88138418826552,1.2422534383603434,0.700389314939338,CatBoost_lags_fourier,7,T562,0.9811050424751666
42.72631821260352,50.752730203760194,2.0947369203643484,1.202280364282602,CatBoost_lags_fourier,14,T562,0.9811050424751666
19.181694173753254,20.873088202601096,1.0989095179968533,0.6274311906265151,CatBoost_lags_fourier,7,T1689,0.9410332665498291
16.50078733012856,20.507104021307946,0.9501200236053725,0.5397390109046712,CatBoost_lags_fourier,14,T1689,0.9410332665498291
47.459985060376816,54.50304310471265,13.874733095137298,0.1807201157967365,CatBoost_lags_fourier,7,T3621,0.932605933025207
83.9966451545778,93.59379441687118,25.90442353335895,0.31984593799516386,CatBoost_lags_fourier,14,T3621,0.932605933025207
16.784903335877743,19.23846465158611,1.1073539351776616,0.5638959739476512,CatBoost_lags_fourier,7,T1583,0.9909471043512691
17.167441707465173,19.58171320661196,1.1245212637428132,0.5767475134115431,CatBoost_lags_fourier,14,T1583,0.9909471043512691
6.251409333183184,7.500710980080473,0.4129551127802834,0.14640130338024868,CatBoost_lags_fourier,7,T2717,0.9900228500638971
12.132379525596352,14.555308575955605,0.8022298349135666,0.28412731929469087,CatBoost_lags_fourier,14,T2717,0.9900228500638971
34.63585023853817,40.81889124687029,0.3321396818288321,0.16636308939793362,CatBoost_lags_fourier,7,T782,0.9782571802814759
44.39403074291762,56.290855873671454,0.42684104183793026,0.21323363088690642,CatBoost_lags_fourier,14,T782,0.9782571802814759
140.17398383399475,162.96197197122706,1.0543701839067303,0.5561407118835137,CatBoost_lags_fourier,7,T1472,0.9751398722763266
258.3648138879502,303.456879794884,1.9300883168014655,1.0250631935485404,CatBoost_lags_fourier,14,T1472,0.9751398722763266
3.70972829328915,4.547240122437014,0.603885792145375,0.10953981027036673,CatBoost_lags_fourier,7,T30,0.9479964712367461
4.942816999891363,5.81161208926981,0.8050229332297824,0.1459501056583288,CatBoost_lags_fourier,14,T30,0.9479964712367461
61.76590578626513,73.85346054105935,1.3512356043581522,0.2672707137574575,CatBoost_lags_fourier,7,T3064,0.9805762512277086
67.70186159241504,75.75266837562393,1.4814732927257601,0.2929565209183265,CatBoost_lags_fourier,14,T3064,0.9805762512277086
146.79869130339844,173.94423932971557,2.6364575269625163,0.6387064561453032,CatBoost_lags_fourier,7,T3118,0.982747966765492
186.21014893984167,205.48605472275642,3.3455967513775,0.810181775271058,CatBoost_lags_fourier,14,T3118,0.982747966765492
34.22923519248559,50.451700187919656,6.196407667136993,0.8698691129147899,CatBoost_lags_fourier,7,T3010,0.9788156464417721
70.24655102160968,83.93884113741166,12.99270408251047,1.7851788004864828,CatBoost_lags_fourier,14,T3010,0.9788156464417721
225.36752612864595,238.31785684537255,2.5754553357855974,1.1658984279390745,CatBoost_lags_fourier,7,T777,0.9870489075657523
334.22305086258723,374.4430247191563,3.851587108713026,1.7290429383302428,CatBoost_lags_fourier,14,T777,0.9870489075657523
17.43027020083694,18.87958214292653,2.906889748219191,0.18761628975829928,CatBoost_lags_fourier,7,T2993,0.9923676123917884
36.92203701747321,44.471266052221026,5.93228891843311,0.39742215787362184,CatBoost_lags_fourier,14,T2993,0.9923676123917884
86.68262918909853,102.11837638503305,0.9543743235794284,0.4462597828789229,CatBoost_lags_fourier,7,T2663,0.9946132647734681
206.43371333414467,244.22269599429237,2.300415071507001,1.062762689055247,CatBoost_lags_fourier,14,T2663,0.9946132647734681
97.47879654939763,112.32479348883896,1.2845417771058238,0.5055253303966316,CatBoost_lags_fourier,7,T3043,0.9931707928420241
70.40790606586727,89.29758584252919,0.9281868965174689,0.36513561139878986,CatBoost_lags_fourier,14,T3043,0.9931707928420241
158.02262704137476,188.1838992668128,1.2227796408125722,0.7859608608356428,CatBoost_lags_fourier,7,T1582,0.991856878906407
151.71578026333606,174.4831171089694,1.1689846773243802,0.754592348517923,CatBoost_lags_fourier,14,T1582,0.991856878906407
190.48168130663205,205.7489332082407,1.3449374498093156,0.5587167300752057,CatBoost_lags_fourier,7,T3526,0.9882638280771082
280.5701773025227,304.7346945146585,1.9713168506467766,0.8229623496799127,CatBoost_lags_fourier,14,T3526,0.9882638280771082
231.34061727208012,236.15338200491334,1.7693178241321998,1.6846204746397442,CatBoost_lags_fourier,7,T2423,0.9947686328434874
243.8041142683807,248.99392116593043,1.8627513447079775,1.775379557386053,CatBoost_lags_fourier,14,T2423,0.9947686328434874
69.02752932896874,136.3936351620636,1.0433238934695692,0.3699056025965317,CatBoost_lags_fourier,7,T2895,0.9905645908098547
283.9548156822067,370.66289361774085,4.2179028509185255,1.5216606798214516,CatBoost_lags_fourier,14,T2895,0.9905645908098547
260.2236853077229,294.25338461137693,2.2971515428758593,1.2506870817824363,CatBoost_lags_fourier,7,T2894,0.9820599858334874
321.08123698524275,361.17982768196873,2.8411208505681373,1.543180647931014,CatBoost_lags_fourier,14,T2894,0.9820599858334874
25.915275914583617,26.870315040787716,3.4912245672908515,0.5301196199079171,CatBoost_lags_fourier,7,T3401,0.9864263890272276
26.562651293483984,27.22996333894591,3.5685769267686283,0.5433622491174823,CatBoost_lags_fourier,14,T3401,0.9864263890272276
13.908469967173849,18.05825716879776,0.7464392572902908,0.19480109509108867,CatBoost_lags_fourier,7,T589,0.9829974754318335
19.004383032231285,23.858855147190962,1.0246310574370625,0.26617411080777614,CatBoost_lags_fourier,14,T589,0.9829974754318335
60.9793399806401,72.83211111562177,0.3775796635393173,0.28860209177845336,CatBoost_lags_fourier,7,T3056,0.9892632936034444
86.99624732215918,99.4174636494913,0.538768754584315,0.4117345147064883,CatBoost_lags_fourier,14,T3056,0.9892632936034444
10.340312129876663,12.594447791255293,0.7907324485378819,0.22966463635183,CatBoost_lags_fourier,7,T607,0.9616401869002167
15.435467060945532,19.661324834356762,1.176268544488013,0.34283113362023715,CatBoost_lags_fourier,14,T607,0.9616401869002167
25.69670375565709,26.188331080616976,2.9172808208380663,0.7451131725624605,CatBoost_lags_fourier,7,T2732,0.987085015074015
31.818617630281796,35.336670497401705,3.631161306657456,0.9226269390225477,CatBoost_lags_fourier,14,T2732,0.987085015074015
571.4592417262465,619.5740197828455,2.7930709848360795,3.6634149250728276,CatBoost_lags_fourier,7,T2698,0.99133707936169
681.1743773398877,712.3400228996788,3.3221570017786335,4.366758288808198,CatBoost_lags_fourier,14,T2698,0.99133707936169
59.026625016618446,73.21026819354915,0.4783489631914194,0.125414508831433,CatBoost_lags_fourier,7,T594,0.9548617765057353
103.91191786582021,127.20192625552748,0.8402807384122581,0.22078277619980788,CatBoost_lags_fourier,14,T594,0.9548617765057353
172.8931719591853,185.1939307398182,1.79254056292262,0.4567133730023288,CatBoost_lags_fourier,7,T953,0.987041814228793
171.13677794254883,185.39494161362342,1.7771148171783202,0.4520736950638124,CatBoost_lags_fourier,14,T953,0.987041814228793
222.6817198569306,232.6546808532435,4.554663868637697,0.8363297565277689,CatBoost_lags_fourier,7,T2937,0.9798309941631791
246.48463607019792,257.54156060391693,5.015603897750919,0.9257267987909717,CatBoost_lags_fourier,14,T2937,0.9798309941631791
48.960795350282105,68.22815150414466,0.8366734664866432,0.7516443968470667,CatBoost_lags_fourier,7,T2036,0.9926066790683152
84.63392882676388,99.89229552800093,1.4494095594290641,1.2992970790337453,CatBoost_lags_fourier,14,T2036,0.9926066790683152
803.2981650675281,809.1813827714927,9.23796639061311,1.8596702135633338,CatBoost_lags_fourier,7,T448,0.9861766762242584
716.3910358865658,738.5960052555395,8.248001891214411,1.6584764271060348,CatBoost_lags_fourier,14,T448,0.9861766762242584
84.6365749574956,90.1094372372774,1.8960801574113082,0.463787268848583,CatBoost_lags_fourier,7,T2257,0.9804243066664171
255.21946438813353,322.6616784502546,5.92504777669897,1.3985388516136754,CatBoost_lags_fourier,14,T2257,0.9804243066664171
78.31694882376567,98.75045362608715,0.5150028909045762,0.6130839149490216,CatBoost_lags_fourier,7,T693,0.9935422203472173
76.27216593391884,90.03403533926303,0.5016817485877856,0.5970768626039531,CatBoost_lags_fourier,14,T693,0.9935422203472173
132.30912432892754,155.3421304696231,0.8485884146725335,0.7103748201087681,CatBoost_lags_fourier,7,T723,0.9896556489333471
236.65788274366136,275.0081383730174,1.510051515210663,1.2706289285341013,CatBoost_lags_fourier,14,T723,0.9896556489333471
250.40825528446243,277.577644952849,2.3409730391937558,0.700143343521676,CatBoost_lags_fourier,7,T871,0.9933697571257217
348.2586297892337,390.18287906056867,3.229421349466894,0.9737337181392879,CatBoost_lags_fourier,14,T871,0.9933697571257217
36.385967161060435,47.02339432329616,1.8280655139718005,0.9566856242209026,CatBoost_lags_fourier,7,T570,0.9885309591858066
32.61719810256414,41.45849605835907,1.6193953973441575,0.8575944783593047,CatBoost_lags_fourier,14,T570,0.9885309591858066
168.51658540530713,198.92333424507842,1.3071311330673874,0.8361071870659949,CatBoost_lags_fourier,7,T2968,0.9894231674209679
225.89111177329883,248.17222934872186,1.747992142411274,1.1207750358442465,CatBoost_lags_fourier,14,T2968,0.9894231674209679
102.3364347343304,116.70210862953736,0.5758289627158487,0.8107131684506694,CatBoost_lags_fourier,7,T1707,0.8789197260834398
367.26414537812605,486.78698415432194,2.1105385846527493,2.9094806725560494,CatBoost_lags_fourier,14,T1707,0.8789197260834398
18.03385229203182,25.65029225715423,1.4199033196921527,0.5128056177016874,CatBoost_lags_fourier,7,T2549,0.9889205186960606
30.147002664237593,36.07881146915046,2.3628233489412453,0.8572517991577158,CatBoost_lags_fourier,14,T2549,0.9889205186960606
63.08032792791346,78.53346796250966,0.526791260221739,0.3090560648000124,CatBoost_lags_fourier,7,T1598,0.9920069220158335
62.011078820851644,79.08930123883283,0.5172788825276782,0.30381738053544916,CatBoost_lags_fourier,14,T1598,0.9920069220158335
7.844171658473442,11.519771151213572,0.4823419063763848,0.15228548020964777,CatBoost_lags_fourier,7,T3224,0.9763859535479923
8.158018467606391,10.9716747916323,0.5019848371232558,0.15837845141451024,CatBoost_lags_fourier,14,T3224,0.9763859535479923
15.51694003133103,18.316531978554046,1.1970031263686467,0.521263642476627,CatBoost_lags_fourier,7,T3312,0.9890195702344717
16.366411375525008,19.384823332997854,1.2605295750784804,0.5498001017372798,CatBoost_lags_fourier,14,T3312,0.9890195702344717
69.32037513092077,73.64677631580862,2.301854558667781,2.2822117175748815,CatBoost_lags_fourier,7,T3006,0.9810816887185236
69.16946339911581,73.19560022120982,2.296499156695823,2.277243300684547,CatBoost_lags_fourier,14,T3006,0.9810816887185236
717.6586552662554,769.7776872638693,7.156736750195323,3.1004718278707784,CatBoost_lags_fourier,7,T2932,0.9709139950962835
1038.2330808381928,1182.5324549920165,10.1007270365201,4.485436626843202,CatBoost_lags_fourier,14,T2932,0.9709139950962835
140.3720610085181,161.37458817710257,0.8644613997590108,0.3819217097254811,CatBoost_lags_fourier,7,T1515,0.9827781727864349
387.12824779823274,493.3762355527677,2.3490659947179973,1.0532913830563386,CatBoost_lags_fourier,14,T1515,0.9827781727864349
101.36574267092328,113.98942170990453,0.7362947832492394,0.48248701323295046,CatBoost_lags_fourier,7,T934,0.9917286485667808
247.41312509653952,301.4027458986464,1.779991946886558,1.1776524949853888,CatBoost_lags_fourier,14,T934,0.9917286485667808
33.18845528054812,43.122576287635425,5.320436471630089,0.7533285516685055,CatBoost_lags_fourier,7,T2572,0.9741155104968089
52.77438735146247,60.322313230331,8.519681566434546,1.1979000665322117,CatBoost_lags_fourier,14,T2572,0.9741155104968089
13.784917597637689,15.012807262896288,1.068790747445052,0.5062336284576708,CatBoost_lags_fourier,7,T657,0.9781953922059554
8.283737687112989,11.121343460483564,0.6425729189825763,0.30420976816411294,CatBoost_lags_fourier,14,T657,0.9781953922059554
26.425971404973115,27.306553242000007,2.8656609516269427,0.45123038341476696,CatBoost_lags_fourier,7,T1333,0.985720969344191
19.269919432371353,21.790548033405642,2.0895712437307283,0.3290389216195188,CatBoost_lags_fourier,14,T1333,0.985720969344191
99.08695282290111,109.36350576266845,1.1120958914788504,0.8665651755011893,CatBoost_lags_fourier,7,T2677,0.9944087681597363
144.69654317006461,156.19847190864144,1.61861504135045,1.2654439535615871,CatBoost_lags_fourier,14,T2677,0.9944087681597363
84.11261736957893,86.82740588015572,1.5610342336237175,1.0660478136283964,CatBoost_lags_fourier,7,T3119,0.9913404971990372
107.90789009741118,113.00933087597679,1.9960823965639944,1.3676303735282795,CatBoost_lags_fourier,14,T3119,0.9913404971990372
48.46776366841784,52.99539017109199,0.32533324674808445,0.21493344476968546,CatBoost_lags_fourier,7,T3144,0.9895972657438667
66.88642820101761,73.300195905247,0.4482820959814284,0.2966122084760557,CatBoost_lags_fourier,14,T3144,0.9895972657438667
105.49848912299292,116.37901485288505,0.7542498887273054,0.5897144249878037,CatBoost_lags_fourier,7,T2722,0.9932942714897294
235.35945246239342,282.00262833648327,1.7048666211768315,1.3156099706081472,CatBoost_lags_fourier,14,T2722,0.9932942714897294
48.224031811291105,68.07131524831081,0.4458764937733584,0.17351327784408466,CatBoost_lags_fourier,7,T3220,0.9833305130052408
58.69582924525561,73.26317898361978,0.5433019425291077,0.21119150236078768,CatBoost_lags_fourier,14,T3220,0.9833305130052408
136.84946282508696,140.57371419814578,1.5295262632075044,0.4720029857361685,CatBoost_lags_fourier,7,T2803,0.992997662232929
225.93541679478963,263.33153170471917,2.498882295448131,0.7792664224556748,CatBoost_lags_fourier,14,T2803,0.992997662232929
40.28797774613739,42.2070126144242,3.371506680935924,0.8999813290141921,CatBoost_lags_fourier,7,T514,0.967522934912835
45.295365456419304,48.32934034829942,3.7747821916855564,1.0118398957257198,CatBoost_lags_fourier,14,T514,0.967522934912835
18.51312548181204,21.226496740986654,1.3375992863280028,0.3716109638688713,CatBoost_lags_fourier,7,T592,0.9656837149076389
21.144038841273545,23.976831080465193,1.5250134812486498,0.424420860843074,CatBoost_lags_fourier,14,T592,0.9656837149076389
104.99627842763142,122.42126673594164,2.667945921348978,0.23650976280938824,CatBoost_lags_fourier,7,T886,0.9909266137974043
141.11482670421012,169.99438994143603,3.599464318106259,0.3178687348971551,CatBoost_lags_fourier,14,T886,0.9909266137974043
75.05350611105185,89.54943459766311,0.5842389124003434,0.45623635384248207,CatBoost_lags_fourier,7,T1075,0.9896287532756126
72.19833773469911,85.59311173728298,0.5618617280119044,0.4388803144363268,CatBoost_lags_fourier,14,T1075,0.9896287532756126
31.20327008147894,35.637282393613766,1.0962941518789566,0.16400117215458002,CatBoost_lags_fourier,7,T1214,0.9828554829563935
39.78827682815144,43.7865693009138,1.3963702463768966,0.20912308295856888,CatBoost_lags_fourier,14,T1214,0.9828554829563935
634.1960816997317,653.7464278327146,5.189554723849117,1.431452780245515,CatBoost_lags_fourier,7,T550,0.9814591251284098
665.0666748629263,753.6444749325442,5.392863811248705,1.5011312246358501,CatBoost_lags_fourier,14,T550,0.9814591251284098
11.82056352247004,14.021077486708988,0.933034037123834,0.3576910842984432,CatBoost_lags_fourier,7,T1634,0.9666579180431785
32.62388040013999,40.78823445177767,2.536431690230657,0.9872009174661054,CatBoost_lags_fourier,14,T1634,0.9666579180431785
66.37375666025166,92.51219452147383,0.44126047921051964,0.33880496630996754,CatBoost_lags_fourier,7,T2343,0.9924907362654103
86.46249912177414,136.60036013533082,0.5760692328843043,0.44134799016990306,CatBoost_lags_fourier,14,T2343,0.9924907362654103
7.117166089428322,7.99551183339826,0.6947331962819661,0.22771051430499895,CatBoost_lags_fourier,7,T1402,0.9844934403597341
8.970051923240208,10.029851417619955,0.8706813043157102,0.28699275963470455,CatBoost_lags_fourier,14,T1402,0.9844934403597341
335.50494071771806,369.0531306019775,4.719548715650105,1.2991297893959564,CatBoost_lags_fourier,7,T2411,0.9800227799756501
455.1548089432539,507.67128075626897,6.323723970716324,1.7624335719768414,CatBoost_lags_fourier,14,T2411,0.9800227799756501
9.804314192982051,13.103604582596311,0.5543402386120202,0.2507318005446967,CatBoost_lags_fourier,7,T1013,0.9878931385284161
9.965880909861767,12.119316886435582,0.563051336789034,0.25486364628464075,CatBoost_lags_fourier,14,T1013,0.9878931385284161
11.60844542017214,18.842824985958647,0.7771195474928305,0.24707606897891776,CatBoost_lags_fourier,7,T862,0.9872685504274568
31.924242784536627,43.00555887444925,2.08433113018324,0.6794808543980666,CatBoost_lags_fourier,14,T862,0.9872685504274568
222.67345345210782,264.8723466546959,2.7068087281831406,0.849991823480749,CatBoost_lags_fourier,7,T3210,0.9840614762896622
255.07554783789348,300.6364576648838,3.1052283522185307,0.9736774935262484,CatBoost_lags_fourier,14,T3210,0.9840614762896622
18.120344584874765,19.8786213807233,1.5200476064095083,0.523992120622797,CatBoost_lags_fourier,7,T1517,0.9580746410682769
30.968642009009255,35.416096646344776,2.572892642501295,0.8955306739946937,CatBoost_lags_fourier,14,T1517,0.9580746410682769
9.411831012149085,16.22291858685149,0.6338503471706269,0.16025833610920923,CatBoost_lags_fourier,7,T2857,0.9570222553073046
33.21935138898967,42.17488328658533,2.214551967688392,0.5656368004647198,CatBoost_lags_fourier,14,T2857,0.9570222553073046
143.28521453116159,167.79952869151532,1.1589981155886921,0.5337339742007864,CatBoost_lags_fourier,7,T1465,0.974659853200543
268.59633815494675,313.4413587022891,2.1563584459634346,1.0005148925400145,CatBoost_lags_fourier,14,T1465,0.974659853200543
32.170435833620495,39.554521645574916,0.3088916651046619,0.12134133689545747,CatBoost_lags_fourier,7,T2389,0.9861918935360825
28.690283609566514,35.91740832400122,0.2748947910607997,0.10821480278039616,CatBoost_lags_fourier,14,T2389,0.9861918935360825
334.82989345447123,341.28516226056746,2.139373689579988,1.8006889047884995,CatBoost_lags_fourier,7,T3335,0.9919339785710739
387.87081507816737,399.15095208355456,2.472088497961449,2.085938821043462,CatBoost_lags_fourier,14,T3335,0.9919339785710739
146.55340842895046,169.99773292514826,1.0728690648394992,0.6565468367793657,CatBoost_lags_fourier,7,T3055,0.9880542996164016
135.93158857177903,157.89522901728532,0.995466856993406,0.6089619849303072,CatBoost_lags_fourier,14,T3055,0.9880542996164016
18.209913088888925,19.856634755566446,1.4382879940903526,0.46134691845448744,CatBoost_lags_fourier,7,T1524,0.9796490717378195
32.225802809044644,37.04232086922038,2.520776516941699,0.8164385380700263,CatBoost_lags_fourier,14,T1524,0.9796490717378195
146.60533320435857,150.35738120174244,0.9746466639016232,0.7425709176202465,CatBoost_lags_fourier,7,T2945,0.991341696008157
262.623598466837,311.0123616846463,1.7319988855687578,1.3302152264161458,CatBoost_lags_fourier,14,T2945,0.991341696008157
16.319536713572365,17.503089835739623,1.6789369643055565,0.4552457214800954,CatBoost_lags_fourier,7,T756,0.9838351731020025
14.667440391502355,15.78995609217869,1.5083734062539655,0.4091592549770438,CatBoost_lags_fourier,14,T756,0.9838351731020025
27.482814724984205,28.157892225885245,1.5802235933322157,0.5653956407076233,CatBoost_lags_fourier,7,T1185,0.9905527575654054
45.69383025878775,50.41741048493933,2.6027647690337807,0.9400453590390943,CatBoost_lags_fourier,14,T1185,0.9905527575654054
110.66481184146038,122.11552087033425,1.2124054530692412,0.6528713851153308,CatBoost_lags_fourier,7,T3047,0.9947165591557863
214.13939419906117,241.4720519446715,2.3268875713800274,1.2633237302096152,CatBoost_lags_fourier,14,T3047,0.9947165591557863
251.4014392682384,328.68760953091805,1.8426111729843677,1.1362400604350003,CatBoost_lags_fourier,7,T2600,0.9835247287046535
150.8872580208881,236.5353463788431,1.1032088684045867,0.6819537217907461,CatBoost_lags_fourier,14,T2600,0.9835247287046535
907.1666235350848,957.723962511305,4.418298958818325,3.5145936875110193,CatBoost_lags_fourier,7,T3428,0.9906734232872607
1336.7395276618686,1430.0400155683435,6.425839520492548,5.178868119573367,CatBoost_lags_fourier,14,T3428,0.9906734232872607
191.79584359115714,326.2932034266742,1.238529547706062,0.9059305007603659,CatBoost_lags_fourier,7,T2870,0.9876559670165995
515.0171605955237,641.0551917814034,3.297378856222968,2.4326374621185796,CatBoost_lags_fourier,14,T2870,0.9876559670165995
17.058354771153486,20.210274354570526,1.167662821887225,0.30641176189811903,CatBoost_lags_fourier,7,T2585,0.9776145302707181
39.49043570699704,65.1249211441176,2.5955212065791615,0.7093494153121738,CatBoost_lags_fourier,14,T2585,0.9776145302707181
263.57410685904296,312.53926531460286,1.6803644151132853,1.6701748792108597,CatBoost_lags_fourier,7,T526,0.9858622222921394
448.4309220454265,510.1008672344126,2.8389922711794378,2.841546424976299,CatBoost_lags_fourier,14,T526,0.9858622222921394
66.26800554154723,77.83364732428323,1.5343854039298441,0.19906490436831573,CatBoost_lags_fourier,7,T824,0.9707549564130614
85.57519996923027,98.03144179442323,1.9771346715618237,0.2570624973388415,CatBoost_lags_fourier,14,T824,0.9707549564130614
13.893745504929225,15.310503029585096,1.167920581595215,0.8843386033468044,CatBoost_lags_fourier,7,T256,0.7210170867356794
22.837337404022037,26.99407213148087,1.9063554916797822,1.453599323297484,CatBoost_lags_fourier,14,T256,0.7210170867356794
104.24823406628586,114.87967875215462,1.072635590964271,0.903932562544209,CatBoost_lags_fourier,7,T2792,0.9954889068020571
72.33483003087647,88.53527085000465,0.7447941182537956,0.6272126224165547,CatBoost_lags_fourier,14,T2792,0.9954889068020571
62.50668865718113,76.04597736115439,0.45607569708634504,0.2933107029809066,CatBoost_lags_fourier,7,T160,0.9904826876104095
3463.729335589801,6387.58980836478,44.166462155619044,16.253442762412515,CatBoost_lags_fourier,14,T160,0.9904826876104095
127.53122912028344,143.3098184233687,1.3796721380265353,0.6454262986097822,CatBoost_lags_fourier,7,T463,0.9884453007906575
182.4843107760866,198.91942479103437,1.979300371040151,0.9235398582058689,CatBoost_lags_fourier,14,T463,0.9884453007906575
83.12649355529096,105.79912159102167,0.6164000805062789,0.351628651528623,CatBoost_lags_fourier,7,T2334,0.9922422882343257
231.72683884898666,295.5758480760315,1.7018623607446377,0.980214518651177,CatBoost_lags_fourier,14,T2334,0.9922422882343257
94.55294464925828,115.08129131246537,0.5367546265507402,0.3440027720185147,CatBoost_lags_fourier,7,T3147,0.981935387051658
98.95094374371183,127.3113359489873,0.5622511665296624,0.36000358389633713,CatBoost_lags_fourier,14,T3147,0.981935387051658
48.08300084017651,51.54407512586937,3.4746821756320747,1.2860945168330074,CatBoost_lags_fourier,7,T1541,0.9909768689799645
59.09347241483259,62.171576116649106,4.249936903188691,1.5805958348139524,CatBoost_lags_fourier,14,T1541,0.9909768689799645
63.12087287610744,87.93189093957595,0.5734800257136092,0.2743939890548969,CatBoost_lags_fourier,7,T1096,0.9855292737565634
93.18790384818332,115.05197228628793,0.8444717209855799,0.4050989712825415,CatBoost_lags_fourier,14,T1096,0.9855292737565634
8.230666005170665,15.380463611073607,0.6958930391248688,0.197739493863623,CatBoost_lags_fourier,7,T852,0.978501444665267
23.529484428282736,31.972328842635765,1.9386919033664705,0.5652894114276663,CatBoost_lags_fourier,14,T852,0.978501444665267
28.749888067074608,31.120225804144653,1.0040188869682776,0.31297604881960905,CatBoost_lags_fourier,7,T2676,0.9915102604450652
26.749895487542453,29.05261797070582,0.933856867084249,0.2912037979590093,CatBoost_lags_fourier,14,T2676,0.9915102604450652
16.69230627423391,19.16823105407381,1.2848123571278478,0.5310430113430767,CatBoost_lags_fourier,7,T3080,0.9820724245012051
34.125015003380476,39.37707283888097,2.6010539792193708,1.085640919343516,CatBoost_lags_fourier,14,T3080,0.9820724245012051
171.45660278817326,222.44042211324037,1.9804471480815569,0.863845144514795,CatBoost_lags_fourier,7,T1122,0.9928648332397148
605.4570814064924,803.2441701537434,7.318999138376922,3.0504579670884184,CatBoost_lags_fourier,14,T1122,0.9928648332397148
223.28852445025117,329.9976099211357,2.3620844998259805,0.6563156927931525,CatBoost_lags_fourier,7,T3457,0.9844462133649299
192.9219151427789,266.425914354174,2.0279703357224674,0.5670586103950237,CatBoost_lags_fourier,14,T3457,0.9844462133649299
195.28118658160358,263.59031461126335,2.238689724319667,0.9954548213604164,CatBoost_lags_fourier,7,T1282,0.9932291110652949
385.7722594750898,469.912319477169,4.363958049467605,1.9664918180999835,CatBoost_lags_fourier,14,T1282,0.9932291110652949
34.24871567474218,35.69772207019225,1.9473315960196382,0.7635334095321495,CatBoost_lags_fourier,7,T1177,0.976576459267932
56.990080328982536,62.60691723304946,3.206910051306732,1.2705244411599879,CatBoost_lags_fourier,14,T1177,0.976576459267932
30.923013326062055,51.90562343428532,0.3878157884223685,0.10614925517980314,CatBoost_lags_fourier,7,T2884,0.9646829732926611
95.83483091558044,132.2665638198281,1.192764162212572,0.32897168897177165,CatBoost_lags_fourier,14,T2884,0.9646829732926611
195.69739368259303,229.40490202955291,1.8688385664780105,0.6814966510940121,CatBoost_lags_fourier,7,T2450,0.9867018068660204
461.6739196079946,545.2881636396285,4.323396907357738,1.607733369308946,CatBoost_lags_fourier,14,T2450,0.9867018068660204
20.939854592688594,22.830248907378465,2.249399456001864,0.36494160527473407,CatBoost_lags_seasonal_calendar,7,T1321,0.9855413172672572
14.33493748083222,17.303509410170204,1.5385079197672393,0.2498305359577079,CatBoost_lags_seasonal_calendar,14,T1321,0.9855413172672572
58.9789244329391,80.2026279105227,0.6268054552240949,0.2302067133437411,CatBoost_lags_seasonal_calendar,7,T2316,0.9445708282737718
114.0745657943058,142.46746561637232,1.2055476742959699,0.4452561846474628,CatBoost_lags_seasonal_calendar,14,T2316,0.9445708282737718
223.68728858965758,227.2257535874096,1.4894052979778412,1.0878779538224037,CatBoost_lags_seasonal_calendar,7,T2394,0.9861119375223296
420.88432650138355,468.18517358469353,2.7699806572765695,2.0469235547406774,CatBoost_lags_seasonal_calendar,14,T2394,0.9861119375223296
14.277800984797361,17.162571787850432,0.9622886236835052,0.608715347874879,CatBoost_lags_seasonal_calendar,7,T2998,0.9567561936149641
17.740706807689417,20.167880376389856,1.1844795442887748,0.7563518028782893,CatBoost_lags_seasonal_calendar,14,T2998,0.9567561936149641
28.60104460415469,30.77536777357146,1.6295505494005973,1.1309270054073157,CatBoost_lags_seasonal_calendar,7,T3564,0.9551428108336908
38.6434156222964,41.0878250863014,2.194058108018046,1.5280169977457925,CatBoost_lags_seasonal_calendar,14,T3564,0.9551428108336908
119.32572978183791,131.80155366613076,0.9817309774063668,0.6295068607566435,CatBoost_lags_seasonal_calendar,7,T1487,0.9914996760763503
173.08707546846173,198.9521523737804,1.4170443972498827,0.913126630064691,CatBoost_lags_seasonal_calendar,14,T1487,0.9914996760763503
91.92592520722506,102.64409042004347,1.735071889328357,0.2510903101307261,CatBoost_lags_seasonal_calendar,7,T1310,0.9870453035681932
74.32134217528119,83.94034353758745,1.3988214558424203,0.2030044170244201,CatBoost_lags_seasonal_calendar,14,T1310,0.9870453035681932
81.26643945230742,114.75368114024452,0.4820470430455919,0.4489336427931193,CatBoost_lags_seasonal_calendar,7,T681,0.9940521375701602
75.47699559450432,102.68087392693886,0.44851048805746674,0.41695148461877096,CatBoost_lags_seasonal_calendar,14,T681,0.9940521375701602
45.47497008271499,53.715802771890125,0.513673707258183,0.19386236335360282,CatBoost_lags_seasonal_calendar,7,T2614,0.9913426358251989
107.55438665690612,146.78112202274824,1.2210807207578722,0.4585104189937748,CatBoost_lags_seasonal_calendar,14,T2614,0.9913426358251989
2117.810781334794,2319.3070872051762,5.120430719069812,44.1879837995382,CatBoost_lags_seasonal_calendar,7,T2194,0.9664462666556688
2252.423779242947,2391.4597945993587,5.445155772816084,46.9966752195638,CatBoost_lags_seasonal_calendar,14,T2194,0.9664462666556688
235.90534369936177,243.04740858391074,2.0746874020093102,0.7879669480553964,CatBoost_lags_seasonal_calendar,7,T1388,0.9916375250015166
326.86916231440927,355.20937681418326,2.8484975705279583,1.0918027213938262,CatBoost_lags_seasonal_calendar,14,T1388,0.9916375250015166
340.553169770693,369.4921232693586,2.3281145311131732,0.9478456766109646,CatBoost_lags_seasonal_calendar,7,T1540,0.9901854328675375
425.5251472099421,460.5962669351435,2.89035092092228,1.1843441990094126,CatBoost_lags_seasonal_calendar,14,T1540,0.9901854328675375
42.59839503778598,46.05888064623446,0.3044392179659902,0.3081606147635225,CatBoost_lags_seasonal_calendar,7,T3573,0.9909406137500104
93.26957277756121,111.2185966766009,0.663670446399638,0.6747204644768751,CatBoost_lags_seasonal_calendar,14,T3573,0.9909406137500104
160.62341487120207,171.97394981512966,1.380352914872023,0.6863904764477317,CatBoost_lags_seasonal_calendar,7,T3295,0.9870327214863361
157.72737749089862,164.99669637887104,1.3531147313797054,0.6740148680791083,CatBoost_lags_seasonal_calendar,14,T3295,0.9870327214863361
23.302037496019206,29.64974881904883,2.2800432438798235,0.7516389281647747,CatBoost_lags_seasonal_calendar,7,T2757,0.9296068130910846
39.048669001653,44.3922622776165,3.832564795456006,1.2595679549343102,CatBoost_lags_seasonal_calendar,14,T2757,0.9296068130910846
64.45550731162724,85.32405098599624,1.7019539657411547,0.29280287415580963,CatBoost_lags_seasonal_calendar,7,T3139,0.9763289142465224
81.33152726537762,98.5269590455337,2.1392661754595537,0.3694657902178716,CatBoost_lags_seasonal_calendar,14,T3139,0.9763289142465224
105.89350669928743,136.9695052632425,1.9302764622329245,0.419815682446689,CatBoost_lags_seasonal_calendar,7,T3604,0.9863441669952303
206.30240099045048,238.12828656881425,3.757938558663078,0.8178875736748007,CatBoost_lags_seasonal_calendar,14,T3604,0.9863441669952303
24.70137522033016,30.357939070630295,3.2139862344429693,0.7933141642917222,CatBoost_lags_seasonal_calendar,7,T2255,0.9906814021884256
33.26967994502449,37.9621122268379,4.3301267226174955,1.068495503040555,CatBoost_lags_seasonal_calendar,14,T2255,0.9906814021884256
57.98263735163918,86.73498373775027,0.3546177781655472,0.30258111713461483,CatBoost_lags_seasonal_calendar,7,T3245,0.9897138712829331
145.17858144508085,180.93931449114964,0.8805761801476708,0.7576112326741097,CatBoost_lags_seasonal_calendar,14,T3245,0.9897138712829331
213.64321015585534,219.66871206785643,2.7353971224768965,0.8119698787621711,CatBoost_lags_seasonal_calendar,7,T2426,0.8404422151024947
301.38844019841264,321.75538992371577,3.8259777050265447,1.1454533709248234,CatBoost_lags_seasonal_calendar,14,T2426,0.8404422151024947
15.589831545985103,17.260575970501,1.9326197077573308,0.24768982288689137,CatBoost_lags_seasonal_calendar,7,T1317,0.9871853456755911
12.915088449365141,14.454709419508717,1.5956315186111216,0.20519374831959747,CatBoost_lags_seasonal_calendar,14,T1317,0.9871853456755911
21.308223708315122,24.748489926419047,1.2678435829396302,0.7114769394890661,CatBoost_lags_seasonal_calendar,7,T991,0.9412483512092515
18.806497771883755,21.106701132441618,1.112455698818327,0.6279448564277255,CatBoost_lags_seasonal_calendar,14,T991,0.9412483512092515
125.33869873314688,145.99241953369142,0.7644161272724626,0.6593386235333003,CatBoost_lags_seasonal_calendar,7,T3448,0.9918840919112695
175.3501045553508,201.57311020801612,1.0662019358471901,0.9224213889446572,CatBoost_lags_seasonal_calendar,14,T3448,0.9918840919112695
59.65907547360543,76.42740627164615,0.9784733795273689,0.2943234507897029,CatBoost_lags_seasonal_calendar,7,T2682,0.9896869164309356
50.838464318125844,65.09424999040377,0.8296146883379161,0.2508076454785147,CatBoost_lags_seasonal_calendar,14,T2682,0.9896869164309356
222.5002025414347,296.9853051602836,1.9052988358112695,0.8921109613149991,CatBoost_lags_seasonal_calendar,7,T1297,0.992225993260858
453.15543296799996,549.1625751637391,3.8269494616729474,1.8169193749606298,CatBoost_lags_seasonal_calendar,14,T1297,0.992225993260858
141.7348156811227,162.7071238381994,1.11750518984839,0.7257079508520082,CatBoost_lags_seasonal_calendar,7,T1104,0.9872807888622561
164.92763713461605,180.97219628688148,1.2972153504549848,0.8444594012321202,CatBoost_lags_seasonal_calendar,14,T1104,0.9872807888622561
3.636814752201149,5.004622822513473,0.7438371022353356,0.11409111682888715,CatBoost_lags_seasonal_calendar,7,T3300,0.9857555146310673
8.049887744569219,10.670044411774928,1.642643600975769,0.25253435924092854,CatBoost_lags_seasonal_calendar,14,T3300,0.9857555146310673
75.3085357644985,82.8487207438448,0.4290875317295091,0.3341809026652359,CatBoost_lags_seasonal_calendar,7,T2762,0.9910089008443232
67.80275502105438,98.29930927378884,0.384890411714803,0.3008740728538675,CatBoost_lags_seasonal_calendar,14,T2762,0.9910089008443232
76.1925699110734,88.25880719059943,1.011267941880327,0.3020312373119179,CatBoost_lags_seasonal_calendar,7,T578,0.967263386538526
92.18694662385393,102.61214745225442,1.218463060080494,0.3654337632305501,CatBoost_lags_seasonal_calendar,14,T578,0.967263386538526
37.22142939079562,41.65486847290335,0.2596218332803719,0.18118204388863077,CatBoost_lags_seasonal_calendar,7,T2943,0.9901732182311477
242.31625289850152,328.43876158172606,1.661150569235465,1.179518215344024,CatBoost_lags_seasonal_calendar,14,T2943,0.9901732182311477
131.50867219646872,173.41094081917402,0.8832019421637431,0.599001865099137,CatBoost_lags_seasonal_calendar,7,T1590,0.9894955138108565
175.92587665557429,207.41501878639323,1.173001829261261,0.8013154301980655,CatBoost_lags_seasonal_calendar,14,T1590,0.9894955138108565
101.04386147098921,130.44256541917534,1.1113445912684574,0.47888178088483335,CatBoost_lags_seasonal_calendar,7,T2863,0.9940733736107484
118.8872115842665,148.53150814562235,1.31677160085275,0.5634475838421079,CatBoost_lags_seasonal_calendar,14,T2863,0.9940733736107484
24.814415008348792,28.544675859278712,1.2935583072586774,0.7359265439255522,CatBoost_lags_seasonal_calendar,7,T988,0.9843675547513313
27.959476127933595,30.171251890037396,1.4457935042659684,0.8292003107821132,CatBoost_lags_seasonal_calendar,14,T988,0.9843675547513313
42.13719179822355,50.571945306656325,0.3550559620476357,0.22363116097374697,CatBoost_lags_seasonal_calendar,7,T1439,0.9888638008513436
108.3075605223994,139.48681478341058,0.905863609312695,0.57481157305978,CatBoost_lags_seasonal_calendar,14,T1439,0.9888638008513436
82.4740630651252,112.26571958877452,1.0520813994000293,0.49593337232521795,CatBoost_lags_seasonal_calendar,7,T2025,0.9925239805466876
94.18241455984109,118.32610800307425,1.2093057535248812,0.5663380792760364,CatBoost_lags_seasonal_calendar,14,T2025,0.9925239805466876
28.10211984539254,36.80169811056627,2.456153643354043,0.7725080611084485,CatBoost_lags_seasonal_calendar,7,T2531,0.9588530527407483
43.22483533777912,49.26021578760365,3.754344824159366,1.1882211705817054,CatBoost_lags_seasonal_calendar,14,T2531,0.9588530527407483
102.89907892143025,125.31890506762205,0.6602174216316954,0.7067609359842184,CatBoost_lags_seasonal_calendar,7,T726,0.992252809881977
193.46064572045165,225.40994543814986,1.2348384682556783,1.328781836326249,CatBoost_lags_seasonal_calendar,14,T726,0.992252809881977
106.09967069006701,127.97061251339193,1.2705643953912604,0.46646356288225393,CatBoost_lags_seasonal_calendar,7,T507,0.9825207264540511
182.28907760502923,206.57547758532107,2.1830157730303035,0.8014276770240928,CatBoost_lags_seasonal_calendar,14,T507,0.9825207264540511
58.12250131965636,75.93901731986472,3.1494151931906718,1.1360881443497461,CatBoost_lags_seasonal_calendar,7,T3622,0.8980760193261496
69.6937804569795,79.93076523291221,3.7732000825526373,1.3622654895155255,CatBoost_lags_seasonal_calendar,14,T3622,0.8980760193261496
24.596642268637797,25.13754127264947,2.623258028805196,0.7767919428968779,CatBoost_lags_seasonal_calendar,7,T943,0.9848839931992289
29.084314300239708,29.92860591417717,3.07734641533754,0.9185180955334462,CatBoost_lags_seasonal_calendar,14,T943,0.9848839931992289
370.8213001414998,389.1036452622016,1.621870690996214,1.7242110643681543,CatBoost_lags_seasonal_calendar,7,T3130,0.9917610355503985
562.1744421425129,612.984335386032,2.44272860424051,2.6139474536043172,CatBoost_lags_seasonal_calendar,14,T3130,0.9917610355503985
458.56065709116126,507.32118129076423,2.364508867314277,2.461416167426086,CatBoost_lags_seasonal_calendar,7,T2700,0.9916197815119512
503.5231176700394,530.409113144872,2.593718528806711,2.702761179660983,CatBoost_lags_seasonal_calendar,14,T2700,0.9916197815119512
58.061231349123126,66.229707537854,1.3033778688037079,0.5975044137783898,CatBoost_lags_seasonal_calendar,7,T2701,0.98243995367443
148.30130134444067,175.4468633440579,3.371181881334902,1.526159195446009,CatBoost_lags_seasonal_calendar,14,T2701,0.98243995367443
19.081897614602894,20.544000394356598,1.6089807516457646,0.5227849482385022,CatBoost_lags_seasonal_calendar,7,T1510,0.9605669847160367
37.38768045426465,43.536902631452826,3.1128728053262757,1.0243067532278636,CatBoost_lags_seasonal_calendar,14,T1510,0.9605669847160367
20.18061096873011,22.881844460609667,0.5783646724120686,0.15899898670435436,CatBoost_lags_seasonal_calendar,7,T3115,0.9123346074488864
17.59327798737289,20.83505307318685,0.5033233190771396,0.13861390902063145,CatBoost_lags_seasonal_calendar,14,T3115,0.9123346074488864
324.45932053091775,345.12319408572574,2.4250899462000786,0.8330367392828533,CatBoost_lags_seasonal_calendar,7,T1529,0.9880596016483135
420.39752516850956,446.04282244114995,3.119959492121485,1.0793543640414092,CatBoost_lags_seasonal_calendar,14,T1529,0.9880596016483135
248.9508882437445,254.59655417658203,1.6404209898913753,1.6463664892955667,CatBoost_lags_seasonal_calendar,7,T1229,0.9924984169040324
222.84370136253543,237.55411144148752,1.4677748639574797,1.4737139717077752,CatBoost_lags_seasonal_calendar,14,T1229,0.9924984169040324
125.722355765579,138.26464134995481,0.840954387605572,0.5849781900930603,CatBoost_lags_seasonal_calendar,7,T3036,0.9920928026579291
179.55944712053977,207.79522924140457,1.206615075127283,0.8354787798165165,CatBoost_lags_seasonal_calendar,14,T3036,0.9920928026579291
24.653786518921738,35.25434237229442,1.2306588414481106,0.6937354931783292,CatBoost_lags_seasonal_calendar,7,T562,0.9811050424751666
39.66027719646502,47.504282566096244,1.943443746044654,1.116004713489433,CatBoost_lags_seasonal_calendar,14,T562,0.9811050424751666
23.405694420943,25.87367865003639,1.3425810892412804,0.7655977926114107,CatBoost_lags_seasonal_calendar,7,T1689,0.9410332665498291
18.217055909961704,21.80514523179266,1.0491268974120953,0.5958779748942574,CatBoost_lags_seasonal_calendar,14,T1689,0.9410332665498291
45.49459219062269,53.02756009008372,13.34429883457991,0.1732362106383975,CatBoost_lags_seasonal_calendar,7,T3621,0.932605933025207
85.07209342222625,95.97798056355147,26.15370490904209,0.32394107488186064,CatBoost_lags_seasonal_calendar,14,T3621,0.932605933025207
17.706745193576776,19.751834514472012,1.1679532537527546,0.5948656436425482,CatBoost_lags_seasonal_calendar,7,T1583,0.9909471043512691
15.124463001215986,17.04436082849183,0.9911361813085969,0.5081127739518144,CatBoost_lags_seasonal_calendar,14,T1583,0.9909471043512691
10.35371610738808,12.378153193162174,0.6823747274790137,0.24247292924887606,CatBoost_lags_seasonal_calendar,7,T2717,0.9900228500638971
19.946064825906724,23.176272250213522,1.3141592205726134,0.4671154506423535,CatBoost_lags_seasonal_calendar,14,T2717,0.9900228500638971
23.037939749873267,27.179490420342837,0.22090155450524884,0.11065594763104436,CatBoost_lags_seasonal_calendar,7,T782,0.9782571802814759
65.3485152524246,85.35958320028041,0.6270221914450608,0.313882315868917,CatBoost_lags_seasonal_calendar,14,T782,0.9782571802814759
144.14958601862185,172.55342401699394,1.0845293107995961,0.5719139257756336,CatBoost_lags_seasonal_calendar,7,T1472,0.9751398722763266
254.7121822837762,298.02592843803546,1.9025602217195174,1.010571366427473,CatBoost_lags_seasonal_calendar,14,T1472,0.9751398722763266
1.3861371847313129,1.8322962693387155,0.2254830106862042,0.04092946766447554,CatBoost_lags_seasonal_calendar,7,T30,0.9479964712367461
5.893835294737089,8.667201546966558,0.9573174191014986,0.17403150551974145,CatBoost_lags_seasonal_calendar,14,T30,0.9479964712367461
65.47996385902869,75.14324409241095,1.4337230305509718,0.28334202266822067,CatBoost_lags_seasonal_calendar,7,T3064,0.9805762512277086
50.681256868219926,61.93032062316981,1.107603194109172,0.2193057079769454,CatBoost_lags_seasonal_calendar,14,T3064,0.9805762512277086
165.22985793997708,192.66956787946398,2.960371349551553,0.7188986228502673,CatBoost_lags_seasonal_calendar,7,T3118,0.982747966765492
221.12430339374683,241.90685441608503,3.957236383240327,0.9620897770561343,CatBoost_lags_seasonal_calendar,14,T3118,0.982747966765492
35.27177894266583,51.38520478795249,6.3724803353709465,0.8963633247207035,CatBoost_lags_seasonal_calendar,7,T3010,0.9788156464417721
71.37069925327292,84.98126443461575,13.181531847687236,1.8137468306969944,CatBoost_lags_seasonal_calendar,14,T3010,0.9788156464417721
240.78569660814563,252.76531831158718,2.748815715520597,1.245661564325832,CatBoost_lags_seasonal_calendar,7,T777,0.9870489075657523
360.7926779703149,401.7406901316528,4.149724968275477,1.866496133153637,CatBoost_lags_seasonal_calendar,14,T777,0.9870489075657523
9.855489249451109,13.521702844040258,1.6357639030920703,0.10608271159480005,CatBoost_lags_seasonal_calendar,7,T2993,0.9923676123917884
21.560609816428535,27.722486855582776,3.401868729022516,0.23207452162677633,CatBoost_lags_seasonal_calendar,14,T2993,0.9923676123917884
95.78277033815617,113.38679992884039,1.0541537688857663,0.49310915802289623,CatBoost_lags_seasonal_calendar,7,T2663,0.9946132647734681
231.49204630766104,274.0532139413514,2.5747329624017135,1.191768077293696,CatBoost_lags_seasonal_calendar,14,T2663,0.9946132647734681
91.5879641579469,104.75588273122928,1.20616962933089,0.4749754559991751,CatBoost_lags_seasonal_calendar,7,T3043,0.9931707928420241
70.54982370721389,82.87536328604993,0.929845362781002,0.3658715967111906,CatBoost_lags_seasonal_calendar,14,T3043,0.9931707928420241
147.788268497768,178.27611541853472,1.1439074489271301,0.7350579907743339,CatBoost_lags_seasonal_calendar,7,T1582,0.991856878906407
118.5028291730831,148.72528490334238,0.913110990699197,0.5894003116651719,CatBoost_lags_seasonal_calendar,14,T1582,0.991856878906407
164.88764078069264,179.14033366822989,1.1631144875132882,0.4836448463435322,CatBoost_lags_seasonal_calendar,7,T3526,0.9882638280771082
236.00910590095776,256.83502210291414,1.6552855411441505,0.6922567829747783,CatBoost_lags_seasonal_calendar,14,T3526,0.9882638280771082
223.0131693321104,228.15317443351194,1.705087221592166,1.6239800671462754,CatBoost_lags_seasonal_calendar,7,T2423,0.9947686328434874
225.2904135302402,230.76116170990736,1.720110428480736,1.6405629406907516,CatBoost_lags_seasonal_calendar,14,T2423,0.9947686328434874
65.73839480478611,119.13327479760821,0.9930636849533504,0.3522797466515728,CatBoost_lags_seasonal_calendar,7,T2895,0.9905645908098547
260.7207177915606,338.260967701991,3.8617412406969907,1.3971535003732742,CatBoost_lags_seasonal_calendar,14,T2895,0.9905645908098547
277.10778964138524,314.7212200166246,2.4438001358106662,1.3318354643849157,CatBoost_lags_seasonal_calendar,7,T2894,0.9820599858334874
352.690880383491,395.57332171005066,3.115208669525248,1.6951029166944762,CatBoost_lags_seasonal_calendar,14,T2894,0.9820599858334874
20.303878327951598,21.534703236165495,2.7261163034912834,0.415333577668499,CatBoost_lags_seasonal_calendar,7,T3401,0.9864263890272276
16.811503246802253,18.212825583535878,2.2468914861102394,0.343893992896302,CatBoost_lags_seasonal_calendar,14,T3401,0.9864263890272276
16.763786755846045,20.895025897766125,0.9008078569298827,0.23479247002866824,CatBoost_lags_seasonal_calendar,7,T589,0.9829974754318335
20.75239714744831,24.830388595405775,1.1191572175540818,0.29065667896103997,CatBoost_lags_seasonal_calendar,14,T589,0.9829974754318335
57.15954194577249,68.08902948941085,0.35390402838492735,0.2705238097999339,CatBoost_lags_seasonal_calendar,7,T3056,0.9892632936034444
88.09211161849024,103.21327760618546,0.5455219025497274,0.41692100456234565,CatBoost_lags_seasonal_calendar,14,T3056,0.9892632936034444
11.705607052138832,13.821005457998735,0.8958157299716875,0.2599886689241505,CatBoost_lags_seasonal_calendar,7,T607,0.9616401869002167
16.22802672681699,19.94426046268708,1.2371341038765453,0.3604343669814014,CatBoost_lags_seasonal_calendar,14,T607,0.9616401869002167
28.997102097883303,29.661864333946934,3.285026284481482,0.8408130063963886,CatBoost_lags_seasonal_calendar,7,T2732,0.987085015074015
37.711149862207435,41.287104110933235,4.2854595475066235,1.0934894522657135,CatBoost_lags_seasonal_calendar,14,T2732,0.987085015074015
563.8881579903266,611.0376729153974,2.7554788368797496,3.61487949309108,CatBoost_lags_seasonal_calendar,7,T2698,0.99133707936169
665.4325073071541,695.1684432628617,3.2440475357390217,4.265842952392834,CatBoost_lags_seasonal_calendar,14,T2698,0.99133707936169
65.5354754578236,81.06318587565939,0.5313210323253821,0.13924393378858035,CatBoost_lags_seasonal_calendar,7,T594,0.9548617765057353
107.15645389572403,130.6566471772006,0.8665397455906572,0.22767647700790444,CatBoost_lags_seasonal_calendar,14,T594,0.9548617765057353
179.83748695051665,192.85393444054347,1.8652289183802684,0.47505742607823787,CatBoost_lags_seasonal_calendar,7,T953,0.987041814228793
176.80362446617787,190.68419335496023,1.8363738149949789,0.46704319652396326,CatBoost_lags_seasonal_calendar,14,T953,0.987041814228793
192.76320252915113,200.55108145108207,3.9309424040798735,0.723964240721219,CatBoost_lags_seasonal_calendar,7,T2937,0.9798309941631791
193.73450494337507,204.02496240040668,3.9217106786745908,0.7276121787384242,CatBoost_lags_seasonal_calendar,14,T2937,0.9798309941631791
48.226344328521655,67.98892215490906,0.8242121642066623,0.7403691307629413,CatBoost_lags_seasonal_calendar,7,T2036,0.9926066790683152
82.44739046602224,97.81080656551259,1.4123198007233297,1.2657294195301676,CatBoost_lags_seasonal_calendar,14,T2036,0.9926066790683152
828.8812415986405,832.715447197402,9.546546733500094,1.9188961491687284,CatBoost_lags_seasonal_calendar,7,T448,0.9861766762242584
773.4855565801192,793.0173232592919,8.936401088957746,1.7906527273999004,CatBoost_lags_seasonal_calendar,14,T448,0.9861766762242584
92.37819024713437,99.88860773138647,2.0677265547104398,0.5062093849781775,CatBoost_lags_seasonal_calendar,7,T2257,0.9804243066664171
278.61003853383625,350.60451451033305,6.440154173440097,1.5267133495217455,CatBoost_lags_seasonal_calendar,14,T2257,0.9804243066664171
67.55752972651342,91.81640887033534,0.44401140392478805,0.5288565940205159,CatBoost_lags_seasonal_calendar,7,T693,0.9935422203472173
58.62592927186103,76.88321103246867,0.3853224486675885,0.45893787711773115,CatBoost_lags_seasonal_calendar,14,T693,0.9935422203472173
116.537896941384,134.0977663683116,0.7469705889659619,0.6256982501809961,CatBoost_lags_seasonal_calendar,7,T723,0.9896556489333471
201.8724521788611,235.235491282281,1.286215039914587,1.0838640768641292,CatBoost_lags_seasonal_calendar,14,T723,0.9896556489333471
215.97336604034535,255.66990245410196,2.0153652784149436,0.6038631371770943,CatBoost_lags_seasonal_calendar,7,T871,0.9933697571257217
292.50920875514515,339.0165334268336,2.7038474267679127,0.8178579224397269,CatBoost_lags_seasonal_calendar,14,T871,0.9933697571257217
36.69210740205449,49.65810268545352,1.843326456329061,0.9647348803052089,CatBoost_lags_seasonal_calendar,7,T570,0.9885309591858066
28.86751709493168,40.53018721422339,1.4346216549444475,0.7590052090528908,CatBoost_lags_seasonal_calendar,14,T570,0.9885309591858066
148.58175309526138,173.9824248767213,1.151366216018647,0.7371990794319807,CatBoost_lags_seasonal_calendar,7,T2968,0.9894231674209679
184.9981017314094,203.07436201992687,1.4289912604464021,0.9178814184916789,CatBoost_lags_seasonal_calendar,14,T2968,0.9894231674209679
78.7649325269631,99.40245216164293,0.44282782499140094,0.6239788221810703,CatBoost_lags_seasonal_calendar,7,T1707,0.8789197260834398
381.81238067862614,520.3741860255066,2.1924696047846597,3.0247323516520934,CatBoost_lags_seasonal_calendar,14,T1707,0.8789197260834398
15.789909402558383,22.27780354679861,1.2413621174519107,0.4489974805998786,CatBoost_lags_seasonal_calendar,7,T2549,0.9889205186960606
24.88473643256969,30.17811628984608,1.9449947919672317,0.7076154573632607,CatBoost_lags_seasonal_calendar,14,T2549,0.9889205186960606
59.33859805486931,68.80583820214878,0.4955419853006117,0.2907238153001496,CatBoost_lags_seasonal_calendar,7,T1598,0.9920069220158335
55.58322362188054,62.33321456084881,0.4634029928122757,0.2723247155770725,CatBoost_lags_seasonal_calendar,14,T1598,0.9920069220158335
6.286511269198464,9.333328305648447,0.38683275487677415,0.12204531327907729,CatBoost_lags_seasonal_calendar,7,T3224,0.9763859535479923
10.967525168644345,14.864793800553395,0.6734194259096808,0.21292176022362058,CatBoost_lags_seasonal_calendar,14,T3224,0.9763859535479923
13.110195810528142,15.58244700373834,1.0101512160947745,0.44041340676570956,CatBoost_lags_seasonal_calendar,7,T3312,0.9890195702344717
12.430134793036927,14.913495305899893,0.9555609698874904,0.4175679821930773,CatBoost_lags_seasonal_calendar,14,T3312,0.9890195702344717
70.84009938481742,75.07938030025217,2.352992127373222,2.3322450951089078,CatBoost_lags_seasonal_calendar,7,T3006,0.9810816887185236
72.10494677332768,76.01504431266592,2.3952629384696853,2.373887246143871,CatBoost_lags_seasonal_calendar,14,T3006,0.9810816887185236
721.2929690589039,771.759724697178,7.194612142746062,3.116173007596073,CatBoost_lags_seasonal_calendar,7,T2932,0.9709139950962835
1012.7763320461441,1144.7868995882172,9.838814162190811,4.37545685877415,CatBoost_lags_seasonal_calendar,14,T2932,0.9709139950962835
122.53356955881463,144.10017828291532,0.7540612307047481,0.33338707181786575,CatBoost_lags_seasonal_calendar,7,T1515,0.9827781727864349
366.7099166468189,473.4282562653536,2.2228940616930797,0.9977375649599026,CatBoost_lags_seasonal_calendar,14,T1515,0.9827781727864349
80.51331164501529,91.50948932415268,0.5843256379045217,0.3832323054861837,CatBoost_lags_seasonal_calendar,7,T934,0.9917286485667808
207.44736133250066,258.3164412156588,1.4892174038494996,0.9874209484886047,CatBoost_lags_seasonal_calendar,14,T934,0.9917286485667808
38.22097758103468,48.88904547667028,6.086737476621329,0.8675593196815924,CatBoost_lags_seasonal_calendar,7,T2572,0.9741155104968089
59.17617257743511,67.09129462752655,9.490271096952917,1.343211065540996,CatBoost_lags_seasonal_calendar,14,T2572,0.9741155104968089
12.439474694034061,14.330612000134106,0.9639504496814875,0.4568239429699164,CatBoost_lags_seasonal_calendar,7,T657,0.9781953922059554
8.92058215008441,10.922823991708505,0.6920132418891274,0.3275970739618964,CatBoost_lags_seasonal_calendar,14,T657,0.9781953922059554
20.64584469522351,22.445191571546577,2.232410746115195,0.35253320587466647,CatBoost_lags_seasonal_calendar,7,T1333,0.985720969344191
14.441200920387457,17.133060706970554,1.5599864773940983,0.24658728825574264,CatBoost_lags_seasonal_calendar,14,T1333,0.985720969344191
89.064627294886,97.60097663346143,0.9989842329312949,0.7789149043737964,CatBoost_lags_seasonal_calendar,7,T2677,0.9944087681597363
125.33959498566881,134.7968580022016,1.4003990701378566,1.0961577183641158,CatBoost_lags_seasonal_calendar,14,T2677,0.9944087681597363
77.34443381718731,79.93039543399631,1.4344815407191254,0.9802674931021648,CatBoost_lags_seasonal_calendar,7,T3119,0.9913404971990372
94.43104544313194,98.71779348742916,1.744514255111234,1.196824123198706,CatBoost_lags_seasonal_calendar,14,T3119,0.9913404971990372
26.159253708026622,29.290650022470725,0.17550545510784818,0.11600490896455401,CatBoost_lags_seasonal_calendar,7,T3144,0.9895972657438667
27.75932753598824,32.22397225596055,0.1858414711164863,0.12310054023985675,CatBoost_lags_seasonal_calendar,14,T3144,0.9895972657438667
108.20837984597165,117.19543483935813,0.7736214595271612,0.6048621457065158,CatBoost_lags_seasonal_calendar,7,T2722,0.9932942714897294
252.2338455477528,302.06910397979954,1.8256172485361242,1.409934288407141,CatBoost_lags_seasonal_calendar,14,T2722,0.9932942714897294
42.55906209178075,57.827445871318645,0.39371561742810096,0.1531303395454752,CatBoost_lags_seasonal_calendar,7,T3220,0.9833305130052408
71.21107788664709,94.1175991287591,0.6584385358505891,0.2562222004015333,CatBoost_lags_seasonal_calendar,14,T3220,0.9833305130052408
152.40106182885341,155.01717654375716,1.704952444020306,0.5256414948776437,CatBoost_lags_seasonal_calendar,7,T2803,0.992997662232929
252.31014967101586,290.8767579403175,2.796078136148058,0.8702346470184865,CatBoost_lags_seasonal_calendar,14,T2803,0.992997662232929
37.29726074173901,39.22827681994194,3.1169344963365133,0.8331725782428319,CatBoost_lags_seasonal_calendar,7,T514,0.967522934912835
40.66789772917449,43.72886018262855,3.3820390807559475,0.908468250184753,CatBoost_lags_seasonal_calendar,14,T514,0.967522934912835
19.209104774995662,21.973652469254475,1.3883349617835428,0.38558124329180465,CatBoost_lags_seasonal_calendar,7,T592,0.9656837149076389
21.543787626990383,23.793856082830118,1.5540197395689503,0.4324449533557935,CatBoost_lags_seasonal_calendar,14,T592,0.9656837149076389
85.16658179291848,99.66684339141764,2.17137236029191,0.1918423048966718,CatBoost_lags_seasonal_calendar,7,T886,0.9909266137974043
108.65453735420468,137.06474729252545,2.7889304081254775,0.24475018774612078,CatBoost_lags_seasonal_calendar,14,T886,0.9909266137974043
87.51833871704366,103.9169493899602,0.6817108429142624,0.5320077611235762,CatBoost_lags_seasonal_calendar,7,T1075,0.9896287532756126
87.33960376281357,104.07766593879242,0.6802395146188625,0.5309212644620946,CatBoost_lags_seasonal_calendar,14,T1075,0.9896287532756126
44.86866189444384,55.360087818193676,1.5700084339607814,0.23582506335014092,CatBoost_lags_seasonal_calendar,7,T1214,0.9828554829563935
69.65060809552185,78.06696031566955,2.4269683884032522,0.3660764188854996,CatBoost_lags_seasonal_calendar,14,T1214,0.9828554829563935
599.7967397408868,622.9798809405515,4.901067692346961,1.353809547960585,CatBoost_lags_seasonal_calendar,7,T550,0.9814591251284098
601.3942978997038,682.3761927076853,4.8617688705234645,1.357415418658987,CatBoost_lags_seasonal_calendar,14,T550,0.9814591251284098
9.404953930228235,11.429277697717621,0.7413631064721123,0.28459456799038313,CatBoost_lags_seasonal_calendar,7,T1634,0.9666579180431785
28.962159163084948,37.100156522982005,2.246491540655755,0.8763969750659748,CatBoost_lags_seasonal_calendar,14,T1634,0.9666579180431785
64.29028046361132,87.71333300236473,0.42745637680360526,0.32816985812671967,CatBoost_lags_seasonal_calendar,7,T2343,0.9924907362654103
81.3389482691981,131.20232547365185,0.5421452400725674,0.4151948151600881,CatBoost_lags_seasonal_calendar,14,T2343,0.9924907362654103
5.96831793740835,6.828395393011337,0.5827579775757851,0.19095363660006562,CatBoost_lags_seasonal_calendar,7,T1402,0.9844934403597341
6.835897981221129,7.743415962418149,0.6628227851585172,0.2187114682278547,CatBoost_lags_seasonal_calendar,14,T1402,0.9844934403597341
333.9834334779113,364.6853559138188,4.697724739033428,1.2932382654863948,CatBoost_lags_seasonal_calendar,7,T2411,0.9800227799756501
445.11533384492895,493.87721380204283,6.179300286643956,1.723559088810567,CatBoost_lags_seasonal_calendar,14,T2411,0.9800227799756501
10.504538805439877,14.370626385581458,0.5937528551206855,0.26863907834215195,CatBoost_lags_seasonal_calendar,7,T1013,0.9878931385284161
11.310942044348362,14.163103556600028,0.6387191710458268,0.28926172793056765,CatBoost_lags_seasonal_calendar,14,T1013,0.9878931385284161
10.786800152084457,17.616914483358936,0.7226195536772188,0.229588035432112,CatBoost_lags_seasonal_calendar,7,T862,0.9872685504274568
29.991226663595253,40.52576570310913,1.9565349244405612,0.6383382201220648,CatBoost_lags_seasonal_calendar,14,T862,0.9872685504274568
238.08742783734473,285.6950385882839,2.8902007319917318,0.9088302345785989,CatBoost_lags_seasonal_calendar,7,T3210,0.9840614762896622
288.5032688796363,332.98737662350334,3.50194427028261,1.1012781981571123,CatBoost_lags_seasonal_calendar,14,T3210,0.9840614762896622
21.926056266693745,24.06179072698419,1.8428774026689128,0.6340431698892567,CatBoost_lags_seasonal_calendar,7,T1517,0.9580746410682769
36.07269210294185,40.521096715297126,3.005318325679193,1.0431262133597201,CatBoost_lags_seasonal_calendar,14,T1517,0.9580746410682769
8.748873728133017,15.07390766248324,0.5888360804753157,0.148969944816298,CatBoost_lags_seasonal_calendar,7,T2857,0.9570222553073046
32.11429038735184,40.91198344172568,2.1396177477538054,0.5468205640498229,CatBoost_lags_seasonal_calendar,14,T2857,0.9570222553073046
146.32981363167553,176.55366048303802,1.1838572691087383,0.5450750325443326,CatBoost_lags_seasonal_calendar,7,T1465,0.974659853200543
266.9185173387262,310.7699989728166,2.1427777385160556,0.9942650503970664,CatBoost_lags_seasonal_calendar,14,T1465,0.974659853200543
53.51839843821602,58.72674800443406,0.5130345637773945,0.20186217086341704,CatBoost_lags_seasonal_calendar,7,T2389,0.9861918935360825
56.925065237763064,64.55573693710512,0.5441232213964357,0.2147115306281488,CatBoost_lags_seasonal_calendar,14,T2389,0.9861918935360825
320.4889379172881,326.8540842629009,2.046803769076148,1.7235643707349646,CatBoost_lags_seasonal_calendar,7,T3335,0.9919339785710739
362.079632792577,372.5931615093448,2.3057727553595826,1.9472358656296105,CatBoost_lags_seasonal_calendar,14,T3335,0.9919339785710739
145.10352802833455,165.55898198308893,1.0622057832402076,0.6500514955864362,CatBoost_lags_seasonal_calendar,7,T3055,0.9880542996164016
134.0676628899446,155.1005623890694,0.981749522452122,0.6006117560034003,CatBoost_lags_seasonal_calendar,14,T3055,0.9880542996164016
16.039256960204575,17.956894569303824,1.2655283908847623,0.40635349201117793,CatBoost_lags_seasonal_calendar,7,T1524,0.9796490717378195
29.65792647814804,34.5995239864106,2.316831834664813,0.7513815646265771,CatBoost_lags_seasonal_calendar,14,T1524,0.9796490717378195
125.07308903530793,131.11215130250665,0.8309559687438033,0.6335079117830225,CatBoost_lags_seasonal_calendar,7,T2945,0.991341696008157
224.80036671934405,273.2544665333986,1.4799298240687597,1.138636712236526,CatBoost_lags_seasonal_calendar,14,T2945,0.991341696008157
12.788828534195805,13.95778406019973,1.3132609931821653,0.35675396765970724,CatBoost_lags_seasonal_calendar,7,T756,0.9838351731020025
9.466740970827052,11.108089432752136,0.9710015471080731,0.2640818424548244,CatBoost_lags_seasonal_calendar,14,T756,0.9838351731020025
23.248873115642905,24.067409795779188,1.3352902245222922,0.478292039679597,CatBoost_lags_seasonal_calendar,7,T1185,0.9905527575654054
37.6347732706663,41.67279928181541,2.1379887940808917,0.7742488154574109,CatBoost_lags_seasonal_calendar,14,T1185,0.9905527575654054
121.41725217402096,134.5938030619379,1.3311865587584857,0.7163058273420582,CatBoost_lags_seasonal_calendar,7,T3047,0.9947165591557863
231.36773789843014,260.150347140038,2.5170903604020283,1.364963017595418,CatBoost_lags_seasonal_calendar,14,T3047,0.9947165591557863
240.7836252241424,311.5238415956743,1.7659549152773562,1.0882515297954487,CatBoost_lags_seasonal_calendar,7,T2600,0.9835247287046535
139.03663208618374,223.74000575768954,1.0176634271765188,0.6283933445413775,CatBoost_lags_seasonal_calendar,14,T2600,0.9835247287046535
879.253473135346,927.0976974833329,4.279149082494397,3.406451060072661,CatBoost_lags_seasonal_calendar,7,T3428,0.9906734232872607
1293.8831194797967,1384.3163900193372,6.212569493143688,5.0128315197267455,CatBoost_lags_seasonal_calendar,14,T3428,0.9906734232872607
173.39910702755463,301.0970038685356,1.1177560975003415,0.819035162178642,CatBoost_lags_seasonal_calendar,7,T2870,0.9876559670165995
480.9318350273114,602.1533209097404,3.0738910837921387,2.2716384775607392,CatBoost_lags_seasonal_calendar,14,T2870,0.9876559670165995
17.63545226918638,20.66042013803766,1.206788172237475,0.31677791171335695,CatBoost_lags_seasonal_calendar,7,T2585,0.9776145302707181
39.62584641232143,64.39406728208054,2.6047565850781074,0.7117817385552381,CatBoost_lags_seasonal_calendar,14,T2585,0.9776145302707181
253.23521379576985,301.31395242995393,1.6137028049783837,1.6046610103452779,CatBoost_lags_seasonal_calendar,7,T526,0.9858622222921394
433.2360031908126,494.0156747253052,2.7410837126179195,2.745261656851502,CatBoost_lags_seasonal_calendar,14,T526,0.9858622222921394
68.1379186445864,78.40061001709209,1.5781432388420356,0.20468200526024133,CatBoost_lags_seasonal_calendar,7,T824,0.9707549564130614
88.57296108722026,99.75088169159085,2.0469375392620646,0.26606758245337087,CatBoost_lags_seasonal_calendar,14,T824,0.9707549564130614
13.460578821057393,14.650709349083236,1.1312912902352266,0.8567674908562467,CatBoost_lags_seasonal_calendar,7,T256,0.7210170867356794
20.838996100864556,24.7715551576455,1.737628003388474,1.3264046545584065,CatBoost_lags_seasonal_calendar,14,T256,0.7210170867356794
94.36515543014814,106.0252213614419,0.9703779428890875,0.8182367550573456,CatBoost_lags_seasonal_calendar,7,T2792,0.9954889068020571
59.93008391418802,78.46485139857626,0.6165440959337581,0.519651529939547,CatBoost_lags_seasonal_calendar,14,T2792,0.9954889068020571
64.30184720382022,78.28543246238326,0.46912352409965286,0.30173442893069585,CatBoost_lags_seasonal_calendar,7,T160,0.9904826876104095
3473.9249805751024,6401.3171317982205,44.20924833365867,16.30128551112032,CatBoost_lags_seasonal_calendar,14,T160,0.9904826876104095
146.4716430700394,164.25143525391962,1.5826601548269463,0.7412823595452427,CatBoost_lags_seasonal_calendar,7,T463,0.9884453007906575
223.7555857452258,245.01242857459522,2.420406556937773,1.1324107867304765,CatBoost_lags_seasonal_calendar,14,T463,0.9884453007906575
86.3544747914979,109.99622918247128,0.6404663194433109,0.36528315132407235,CatBoost_lags_seasonal_calendar,7,T2334,0.9922422882343257
241.32764519920016,307.3608254253378,1.7733862599748291,1.020826343427204,CatBoost_lags_seasonal_calendar,14,T2334,0.9922422882343257
102.62827863644738,121.25109091824862,0.5828012079129674,0.37338247337919744,CatBoost_lags_seasonal_calendar,7,T3147,0.981935387051658
107.66704512518767,132.25470591943647,0.611950702509468,0.39171452687695446,CatBoost_lags_seasonal_calendar,14,T3147,0.981935387051658
45.5874568904024,49.0885150692728,3.2910688642182153,1.219345242989048,CatBoost_lags_seasonal_calendar,7,T1541,0.9909768689799645
54.23955970731429,57.0642184469418,3.8936680467839846,1.450766364746659,CatBoost_lags_seasonal_calendar,14,T1541,0.9909768689799645
56.54369906970351,71.7017316086509,0.5137238605877827,0.24580222732516194,CatBoost_lags_seasonal_calendar,7,T1096,0.9855292737565634
63.058939272888374,79.0074748445471,0.570631892865456,0.2741247562691403,CatBoost_lags_seasonal_calendar,14,T1096,0.9855292737565634
8.450193551622728,14.50277251460771,0.7141942955075851,0.20301358297102737,CatBoost_lags_seasonal_calendar,7,T852,0.978501444665267
22.4145279597814,29.9543231127395,1.8459032802984232,0.5385028880013819,CatBoost_lags_seasonal_calendar,14,T852,0.978501444665267
21.647458800004706,25.44754422918255,0.7551043450815935,0.23565782608976052,CatBoost_lags_seasonal_calendar,7,T2676,0.9915102604450652
19.484379530166343,23.420962005705245,0.6793357511195265,0.21211018647536733,CatBoost_lags_seasonal_calendar,14,T2676,0.9915102604450652
15.734556466449508,18.166595651530706,1.2105116923324994,0.5005735043927901,CatBoost_lags_seasonal_calendar,7,T3080,0.9820724245012051
33.01985969392511,38.29029114571911,2.515389371965653,1.0504819069282647,CatBoost_lags_seasonal_calendar,14,T3080,0.9820724245012051
183.7079841598214,241.28339189921348,2.1193615296685375,0.9255709464926426,CatBoost_lags_seasonal_calendar,7,T1122,0.9928648332397148
632.5140067162608,833.8660913686319,7.624209786385543,3.186778138923499,CatBoost_lags_seasonal_calendar,14,T1122,0.9928648332397148
225.4934201129194,331.20758421994157,2.3853474038237685,0.6627965794752764,CatBoost_lags_seasonal_calendar,7,T3457,0.9844462133649299
201.73830116910372,271.8651031110609,2.120898001821372,0.5929727612321325,CatBoost_lags_seasonal_calendar,14,T3457,0.9844462133649299
171.95749039112187,239.2878311338252,1.9663281163724695,0.8765612083545448,CatBoost_lags_seasonal_calendar,7,T1282,0.9932291110652949
344.96696618587276,427.7072566189721,3.8888206001771897,1.7584849606406099,CatBoost_lags_seasonal_calendar,14,T1282,0.9932291110652949
29.911244944674763,31.84748996363471,1.6986420849975106,0.6668347815682206,CatBoost_lags_seasonal_calendar,7,T1177,0.976576459267932
48.801126375191934,53.77107567938547,2.73871993462041,1.0879616848738987,CatBoost_lags_seasonal_calendar,14,T1177,0.976576459267932
38.16059073330663,60.76669093466994,0.4790807308213567,0.13099364673325134,CatBoost_lags_seasonal_calendar,7,T2884,0.9646829732926611
91.99676157182304,125.17583504444508,1.1447996863108365,0.3157967697660512,CatBoost_lags_seasonal_calendar,14,T2884,0.9646829732926611
165.01794712195883,194.03770007943976,1.5728812242779968,0.5746585389707558,CatBoost_lags_seasonal_calendar,7,T2450,0.9867018068660204
405.2646258463489,483.204562446949,3.781107851313765,1.4112936310695534,CatBoost_lags_seasonal_calendar,14,T2450,0.9867018068660204
20.751641884518204,22.608522306104426,2.229279754132458,0.36166141784321343,CatBoost_lags_seasonal_fourier,7,T1321,0.9855413172672572
12.955421025119806,16.880769988532943,1.3907995979657097,0.2257882033033836,CatBoost_lags_seasonal_fourier,14,T1321,0.9855413172672572
70.04281631913311,92.93820697818951,0.7451036048898332,0.27339132907553876,CatBoost_lags_seasonal_fourier,7,T2316,0.9445708282737718
121.65032730248264,149.09659314068978,1.2865116028932724,0.47482591950853825,CatBoost_lags_seasonal_fourier,14,T2316,0.9445708282737718
226.94130040827335,231.16824552996982,1.511213120415766,1.1037034740889733,CatBoost_lags_seasonal_fourier,7,T2394,0.9861119375223296
434.1967274955822,484.53800533728156,2.859095107746248,2.111666918770625,CatBoost_lags_seasonal_fourier,14,T2394,0.9861119375223296
14.236469729233866,16.782896781171782,0.9595053402225453,0.6069532439181684,CatBoost_lags_seasonal_fourier,7,T2998,0.9567561936149641
18.21368136127317,20.550616937718267,1.2160869829576826,0.776516453599171,CatBoost_lags_seasonal_fourier,14,T2998,0.9567561936149641
28.321291006537486,30.120778912437732,1.6134957665602305,1.1198651402627402,CatBoost_lags_seasonal_fourier,7,T3564,0.9551428108336908
30.931975774062202,32.37598923395062,1.7430274973450086,1.2230954224801363,CatBoost_lags_seasonal_fourier,14,T3564,0.9551428108336908
132.04272498228056,144.60167054664268,1.087048014288529,0.6965957923854231,CatBoost_lags_seasonal_fourier,7,T1487,0.9914996760763503
189.7995995714764,215.20312215355094,1.555258025939036,1.0012941074615884,CatBoost_lags_seasonal_fourier,14,T1487,0.9914996760763503
97.68854551498953,111.09303098117547,1.8453564148769401,0.2668305718357938,CatBoost_lags_seasonal_fourier,7,T1310,0.9870453035681932
68.18438503099371,88.2142431016872,1.2859948449364473,0.1862416760550531,CatBoost_lags_seasonal_fourier,14,T1310,0.9870453035681932
80.13390865556514,115.1989706007905,0.4753641359079901,0.4426772941751232,CatBoost_lags_seasonal_fourier,7,T681,0.9940521375701602
64.36573223820726,95.25174498723486,0.38252215052729865,0.3555704278357485,CatBoost_lags_seasonal_fourier,14,T681,0.9940521375701602
35.534382314884816,43.41651063120163,0.40165999039749667,0.15148507680915352,CatBoost_lags_seasonal_fourier,7,T2614,0.9913426358251989
85.12895101173424,126.09988463866384,0.9687900462005886,0.3629095215000652,CatBoost_lags_seasonal_fourier,14,T2614,0.9913426358251989
2142.336877847082,2346.5161954090277,5.177880396329822,44.69971920333468,CatBoost_lags_seasonal_fourier,7,T2194,0.9664462666556688
2284.160056178863,2423.800232548414,5.51948753397326,47.65885056755124,CatBoost_lags_seasonal_fourier,14,T2194,0.9664462666556688
253.49624539072414,258.55507558430946,2.2310322199970503,0.8467237735766947,CatBoost_lags_seasonal_fourier,7,T1388,0.9916375250015166
354.95889830425494,383.08617583064637,3.0976043111920886,1.1856275716176847,CatBoost_lags_seasonal_fourier,14,T1388,0.9916375250015166
366.50110041725173,393.2674525499535,2.5079485918253095,1.0200653358697591,CatBoost_lags_seasonal_fourier,7,T1540,0.9901854328675375
466.38536163913716,501.62293565629807,3.1728023021691913,1.2980685188217558,CatBoost_lags_seasonal_fourier,14,T1540,0.9901854328675375
48.79959892668818,52.8407006178296,0.348836126302406,0.35302068052381624,CatBoost_lags_seasonal_fourier,7,T3573,0.9909406137500104
105.32556202430455,124.06754056386731,0.7499034167417771,0.7619345732376247,CatBoost_lags_seasonal_fourier,14,T3573,0.9909406137500104
177.00014940928926,189.68070566272567,1.5221965424425137,0.7563730168592234,CatBoost_lags_seasonal_fourier,7,T3295,0.9870327214863361
186.73483652610918,194.54089025521915,1.603853607488142,0.7979721606300211,CatBoost_lags_seasonal_fourier,14,T3295,0.9870327214863361
24.369711977245807,30.879808575904878,2.382514227797246,0.7860782214169265,CatBoost_lags_seasonal_fourier,7,T2757,0.9296068130910846
39.87214761875759,45.13636182448435,3.9115454438777744,1.2861303782946212,CatBoost_lags_seasonal_fourier,14,T2757,0.9296068130910846
58.88376836674973,76.73410217748855,1.556890094541753,0.26749206294431055,CatBoost_lags_seasonal_fourier,7,T3139,0.9763289142465224
70.0476993889505,85.68470745037924,1.846864646790514,0.3182065980789665,CatBoost_lags_seasonal_fourier,14,T3139,0.9763289142465224
84.55988798005066,108.86756030276003,1.5464441208368045,0.3352383747265159,CatBoost_lags_seasonal_fourier,7,T3604,0.9863441669952303
146.12630816199044,166.47201086175562,2.681801946493129,0.5793189563421456,CatBoost_lags_seasonal_fourier,14,T3604,0.9863441669952303
24.346132684408126,29.370884364490465,3.1691087810319436,0.7819051260097599,CatBoost_lags_seasonal_fourier,7,T2255,0.9906814021884256
30.008062694425558,34.32496818410596,3.9171572594865864,0.9637447699206938,CatBoost_lags_seasonal_fourier,14,T2255,0.9906814021884256
61.3651006865496,86.44159062020293,0.3751780843379428,0.3202324276180821,CatBoost_lags_seasonal_fourier,7,T3245,0.9897138712829331
154.9449433575103,194.6660332988577,0.9400134875194079,0.8085767774092064,CatBoost_lags_seasonal_fourier,14,T3245,0.9897138712829331
204.1762780675581,209.158727566788,2.6125606790919824,0.7759899677021529,CatBoost_lags_seasonal_fourier,7,T2426,0.8404422151024947
275.1219334156984,290.52318631360197,3.486326201131735,1.0456251933183012,CatBoost_lags_seasonal_fourier,14,T2426,0.8404422151024947
15.9546692206796,18.309305961948162,1.979906224608827,0.2534863306144439,CatBoost_lags_seasonal_fourier,7,T1317,0.9871853456755911
11.393353910257417,14.567591300544361,1.4115043958782778,0.18101656863932528,CatBoost_lags_seasonal_fourier,14,T1317,0.9871853456755911
21.107619381561953,24.470727542240297,1.2560094330645668,0.7047788047970169,CatBoost_lags_seasonal_fourier,7,T991,0.9412483512092515
16.341544125442038,19.2837362149003,0.967246105194364,0.545640592104257,CatBoost_lags_seasonal_fourier,14,T991,0.9412483512092515
135.84599976956218,155.78380019915858,0.8288364644948778,0.7146118110836984,CatBoost_lags_seasonal_fourier,7,T3448,0.9918840919112695
190.7695960401283,216.4977330152842,1.1606502895436628,1.0035349348320453,CatBoost_lags_seasonal_fourier,14,T3448,0.9918840919112695
52.18747235043702,64.62167240594302,0.8569564150373986,0.25746287263483414,CatBoost_lags_seasonal_fourier,7,T2682,0.9896869164309356
46.84500334858363,59.28386771678911,0.7645487642646321,0.2311062135703104,CatBoost_lags_seasonal_fourier,14,T2682,0.9896869164309356
231.21309534047214,310.3216977187231,1.9811828423289386,0.9270451639898768,CatBoost_lags_seasonal_fourier,7,T1297,0.992225993260858
470.3763613058249,569.3142240722976,3.9765650916482342,1.885966408440668,CatBoost_lags_seasonal_fourier,14,T1297,0.992225993260858
155.42514534803325,181.8350866590832,1.2262494102660817,0.7958049206142891,CatBoost_lags_seasonal_fourier,7,T1104,0.9872807888622561
193.11039059837407,212.06310936622765,1.520763765829924,0.9887602081105473,CatBoost_lags_seasonal_fourier,14,T1104,0.9872807888622561
2.7743823714782088,4.255806232839883,0.569350548702791,0.08703560803605598,CatBoost_lags_seasonal_fourier,7,T3300,0.9857555146310673
5.777214438776334,8.435443667397054,1.1843182607771026,0.18123794924694273,CatBoost_lags_seasonal_fourier,14,T3300,0.9857555146310673
72.36314740708258,78.0694639422088,0.41234949338215343,0.3211107701764173,CatBoost_lags_seasonal_fourier,7,T2762,0.9910089008443232
80.95587197294974,111.5173177343152,0.45977909763029795,0.3592409027387465,CatBoost_lags_seasonal_fourier,14,T2762,0.9910089008443232
62.26136973155774,76.83920986036875,0.8254427263317574,0.24680724851130376,CatBoost_lags_seasonal_fourier,7,T578,0.967263386538526
73.27311622492016,85.8910338323638,0.9670118120005023,0.29045837384067863,CatBoost_lags_seasonal_fourier,14,T578,0.967263386538526
45.84699006630789,51.636790160497924,0.3198492550505114,0.22316852152941613,CatBoost_lags_seasonal_fourier,7,T2943,0.9901732182311477
256.39323617087695,342.0116860189699,1.7592582410655124,1.2480404790727178,CatBoost_lags_seasonal_fourier,14,T2943,0.9901732182311477
139.05720198242255,183.84707908739296,0.9338383988730214,0.633384262434787,CatBoost_lags_seasonal_fourier,7,T1590,0.9894955138108565
195.06165342297416,228.79188562756246,1.3012698316473639,0.8884759632819137,CatBoost_lags_seasonal_fourier,14,T1590,0.9894955138108565
106.51920853472932,132.44616580496327,1.1718770373791554,0.5048313429331842,CatBoost_lags_seasonal_fourier,7,T2863,0.9940733736107484
112.92009075033093,137.73063356090225,1.2510866124850972,0.5351673359367911,CatBoost_lags_seasonal_fourier,14,T2863,0.9940733736107484
25.046199060619625,28.82870404717307,1.3056291101016413,0.7428006143586994,CatBoost_lags_seasonal_fourier,7,T988,0.9843675547513313
28.764010762774838,31.047464759126385,1.48749986182013,0.8530605707595464,CatBoost_lags_seasonal_fourier,14,T988,0.9843675547513313
54.552232959663215,63.38680175846853,0.4599146281287334,0.2895204609006267,CatBoost_lags_seasonal_fourier,7,T1439,0.9888638008513436
128.01039364496475,158.3171059088999,1.0720928845521025,0.6793787560550418,CatBoost_lags_seasonal_fourier,14,T1439,0.9888638008513436
87.30328827125673,112.96633590704464,1.1140439924304786,0.5249724890267146,CatBoost_lags_seasonal_fourier,7,T2025,0.9925239805466876
86.99674295181707,108.28105158802815,1.1173909947714016,0.5231291694618693,CatBoost_lags_seasonal_fourier,14,T2025,0.9925239805466876
29.98941209712952,38.29915466915332,2.624558252702423,0.8243884347655045,CatBoost_lags_seasonal_fourier,7,T2531,0.9588530527407483
47.19865170045974,53.3292782051554,4.108289067152306,1.2974586654904299,CatBoost_lags_seasonal_fourier,14,T2531,0.9588530527407483
106.63294613274282,131.8504296396395,0.6842747014270403,0.7324069525741537,CatBoost_lags_seasonal_fourier,7,T726,0.992252809881977
204.49416881922323,238.79351648675038,1.3058627824295348,1.4045654409437944,CatBoost_lags_seasonal_fourier,14,T726,0.992252809881977
95.50898630928506,112.76883158143771,1.1448524599047605,0.41990198227139647,CatBoost_lags_seasonal_fourier,7,T507,0.9825207264540511
150.6921511710616,169.22879773083923,1.8092018636381015,0.6625128737579139,CatBoost_lags_seasonal_fourier,14,T507,0.9825207264540511
61.457519645207086,80.99028036886949,3.324920992096973,1.2012758891098976,CatBoost_lags_seasonal_fourier,7,T3622,0.8980760193261496
81.04815932479458,92.59496358611214,4.370130870867292,1.5842032059815843,CatBoost_lags_seasonal_fourier,14,T3622,0.8980760193261496
24.89296749745373,25.348669147401072,2.6550787753018965,0.7861502548041412,CatBoost_lags_seasonal_fourier,7,T943,0.9848839931992289
30.866556354498016,31.91444327255146,3.2685274561132482,0.9748034719242338,CatBoost_lags_seasonal_fourier,14,T943,0.9848839931992289
397.0892610278388,416.3584209131178,1.737859097541198,1.8463494333920831,CatBoost_lags_seasonal_fourier,7,T3130,0.9917610355503985
591.8269349310239,642.0198999744555,2.5735535801680056,2.7518229104147487,CatBoost_lags_seasonal_fourier,14,T3130,0.9917610355503985
478.5490726848506,528.8219687628795,2.469121030667751,2.5687079914033837,CatBoost_lags_seasonal_fourier,7,T2700,0.9916197815119512
535.9802003324847,564.1618776629138,2.7634215910288633,2.8769810713534048,CatBoost_lags_seasonal_fourier,14,T2700,0.9916197815119512
54.83574248953183,60.78786656524353,1.2315539600874492,0.5643111144732084,CatBoost_lags_seasonal_fourier,7,T2701,0.98243995367443
138.16541343676857,162.9255118545997,3.1459035016530823,1.4218514220544867,CatBoost_lags_seasonal_fourier,14,T2701,0.98243995367443
15.83310807533014,17.394945633861077,1.332876763149719,0.4337781678108189,CatBoost_lags_seasonal_fourier,7,T1510,0.9605669847160367
20.218301752524912,27.553355370481178,1.6805906067128327,0.5539189051656653,CatBoost_lags_seasonal_fourier,14,T1510,0.9605669847160367
20.985412737903776,23.19517896421361,0.6014281945308199,0.16533985844479687,CatBoost_lags_seasonal_fourier,7,T3115,0.9123346074488864
17.725846607547414,20.47233190705748,0.5071343888217528,0.13965839059302806,CatBoost_lags_seasonal_fourier,14,T3115,0.9123346074488864
349.6551128118421,368.6397029320582,2.616011860889393,0.897725960141125,CatBoost_lags_seasonal_fourier,7,T1529,0.9880596016483135
459.4614388549061,486.1838798999327,3.415262708680829,1.1796494495014112,CatBoost_lags_seasonal_fourier,14,T1529,0.9880596016483135
284.68954637087154,291.0474956064102,1.8782409993735574,1.8827140256629977,CatBoost_lags_seasonal_fourier,7,T1229,0.9924984169040324
267.7756670499085,281.13212495352997,1.7665845820266919,1.7708588548922926,CatBoost_lags_seasonal_fourier,14,T1229,0.9924984169040324
118.1341082921933,129.97537111321242,0.7902588298341453,0.5496705533093824,CatBoost_lags_seasonal_fourier,7,T3036,0.9920928026579291
172.06861321921315,201.68539132537592,1.156598157565324,0.800624402238225,CatBoost_lags_seasonal_fourier,14,T3036,0.9920928026579291
25.251940194971375,35.58390835376474,1.260174784077955,0.7105670024125089,CatBoost_lags_seasonal_fourier,7,T562,0.9811050424751666
40.26802982785249,47.907693569257674,1.9734145501718565,1.133106328737964,CatBoost_lags_seasonal_fourier,14,T562,0.9811050424751666
19.38086280824934,21.326748178589188,1.110364654477189,0.6339459756264932,CatBoost_lags_seasonal_fourier,7,T1689,0.9410332665498291
16.594346483205836,20.88009391973492,0.9555016101945578,0.542799320920958,CatBoost_lags_seasonal_fourier,14,T1689,0.9410332665498291
53.618799311139924,61.37343810308322,15.490328835252148,0.2041719062503693,CatBoost_lags_seasonal_fourier,7,T3621,0.932605933025207
94.69317199621885,105.46295050400767,28.60596267375805,0.3605766202106151,CatBoost_lags_seasonal_fourier,14,T3621,0.932605933025207
17.59675295180588,19.764646747055394,1.1606438297088881,0.5911704074497065,CatBoost_lags_seasonal_fourier,7,T1583,0.9909471043512691
16.396378756603035,18.523747463881072,1.0741383670587,0.5508433252878038,CatBoost_lags_seasonal_fourier,14,T1583,0.9909471043512691
8.504933022514608,10.390294164261908,0.5611423781211592,0.19917641179702456,CatBoost_lags_seasonal_fourier,7,T2717,0.9900228500638971
15.827423515975088,18.685618352995704,1.0447805730460618,0.37066128746204946,CatBoost_lags_seasonal_fourier,14,T2717,0.9900228500638971
27.203882660905947,30.59523696290491,0.26082283455023125,0.13066582549348163,CatBoost_lags_seasonal_fourier,7,T782,0.9782571802814759
50.81548406366424,65.88362964303691,0.48828678691636906,0.24407718764981717,CatBoost_lags_seasonal_fourier,14,T782,0.9782571802814759
164.33212528039232,191.20276871874148,1.2376101208494288,0.6519882123561644,CatBoost_lags_seasonal_fourier,7,T1472,0.9751398722763266
293.3301117278288,340.08798969651195,2.1951992167062984,1.1637881202433416,CatBoost_lags_seasonal_fourier,14,T1472,0.9751398722763266
3.2049288006625796,3.90283964420467,0.5214346815766469,0.0946342332913408,CatBoost_lags_seasonal_fourier,7,T30,0.9479964712367461
5.12223102202239,5.943783553845182,0.8340263462340214,0.15124779227856675,CatBoost_lags_seasonal_fourier,14,T30,0.9479964712367461
58.40792569896985,70.36235232114846,1.277091495892006,0.25274020986068935,CatBoost_lags_seasonal_fourier,7,T3064,0.9805762512277086
60.45940792566379,68.26954886640412,1.3218514179687861,0.2616172936176502,CatBoost_lags_seasonal_fourier,14,T3064,0.9805762512277086
159.57056777338116,187.79743764338477,2.861254145723107,0.6942756161019724,CatBoost_lags_seasonal_fourier,7,T3118,0.982747966765492
206.21663308893963,226.0389581935724,3.696839565756312,0.8972279912648222,CatBoost_lags_seasonal_fourier,14,T3118,0.982747966765492
34.36394162200679,50.358622635438174,6.2193407877844,0.8732924135434071,CatBoost_lags_seasonal_fourier,7,T3010,0.9788156464417721
70.24614873285721,83.74301118448292,12.992998777021656,1.7851685771040942,CatBoost_lags_seasonal_fourier,14,T3010,0.9788156464417721
240.10457087968567,252.37959592871024,2.741274303267812,1.2421378826770968,CatBoost_lags_seasonal_fourier,7,T777,0.9870489075657523
352.72323327462516,392.7350503087283,4.059398411039166,1.8247503100234865,CatBoost_lags_seasonal_fourier,14,T777,0.9870489075657523
14.213118598962442,16.06977766038435,2.3641041864458106,0.1529874492309344,CatBoost_lags_seasonal_fourier,7,T2993,0.9923676123917884
32.41829782151501,39.84017585440069,5.1806005360800444,0.3489447201604572,CatBoost_lags_seasonal_fourier,14,T2993,0.9923676123917884
82.58250796049781,98.89939332512125,0.9093035236393928,0.425151525937834,CatBoost_lags_seasonal_fourier,7,T2663,0.9946132647734681
202.09070571787484,240.47322491841913,2.252706492240553,1.0404040036530071,CatBoost_lags_seasonal_fourier,14,T2663,0.9946132647734681
88.9917127318752,103.1431364654673,1.1718741450731107,0.46151128833998034,CatBoost_lags_seasonal_fourier,7,T3043,0.9931707928420241
67.613388715819,80.43723448481236,0.8910585130772553,0.3506432360649768,CatBoost_lags_seasonal_fourier,14,T3043,0.9931707928420241
155.78825154470073,186.61619743884413,1.2055825677074217,0.7748476948183725,CatBoost_lags_seasonal_fourier,7,T1582,0.991856878906407
136.57683333939946,162.96826488494958,1.052257859731758,0.679295411748438,CatBoost_lags_seasonal_fourier,14,T1582,0.991856878906407
183.78985790478302,198.179517037408,1.297359118263517,0.5390884190288371,CatBoost_lags_seasonal_fourier,7,T3526,0.9882638280771082
265.93037222402444,288.3121885136688,1.8673805494058642,0.7800211914210782,CatBoost_lags_seasonal_fourier,14,T3526,0.9882638280771082
237.2568078970731,242.77610432581523,1.8150190452115638,1.7277021261727008,CatBoost_lags_seasonal_fourier,7,T2423,0.9947686328434874
243.03096126814086,248.53311528099889,1.856842959705993,1.7697494635893318,CatBoost_lags_seasonal_fourier,14,T2423,0.9947686328434874
69.03554468143128,132.83421578664758,1.043491435833409,0.3699485553693095,CatBoost_lags_seasonal_fourier,7,T2895,0.9905645908098547
276.79117948819925,359.8413345713095,4.107906381672375,1.4832720950222187,CatBoost_lags_seasonal_fourier,14,T2895,0.9905645908098547
276.2740937437993,312.02349234308275,2.4366140212325536,1.327828555144457,CatBoost_lags_seasonal_fourier,7,T2894,0.9820599858334874
344.59812736965836,386.00312865311804,3.0451896978369706,1.6562075269897023,CatBoost_lags_seasonal_fourier,14,T2894,0.9820599858334874
23.03630102913431,23.91634704911503,3.097269487415467,0.4712276722771389,CatBoost_lags_seasonal_fourier,7,T3401,0.9864263890272276
22.387098652922734,23.10513798961556,2.9996596971025418,0.45794767024069805,CatBoost_lags_seasonal_fourier,14,T3401,0.9864263890272276
11.579418378107189,14.764628684009903,0.620973836761532,0.16218055515070467,CatBoost_lags_seasonal_fourier,7,T589,0.9829974754318335
18.439882894505494,26.295232404209617,0.9936469430887827,0.2582677598383604,CatBoost_lags_seasonal_fourier,14,T589,0.9829974754318335
61.18091697980656,72.2151597498128,0.37885554480536654,0.2895561123308623,CatBoost_lags_seasonal_fourier,7,T3056,0.9892632936034444
89.00712274204982,103.41011466937361,0.5512665419975764,0.42125155527581165,CatBoost_lags_seasonal_fourier,14,T3056,0.9892632936034444
10.164460688167992,12.36161138915504,0.7772169624311734,0.22575886862405745,CatBoost_lags_seasonal_fourier,7,T607,0.9616401869002167
14.922938024676634,18.817075289583077,1.1368967450941416,0.3314475512625686,CatBoost_lags_seasonal_fourier,14,T607,0.9616401869002167
27.941126647766833,28.55726336859173,3.1677296937068595,0.8101934675922671,CatBoost_lags_seasonal_fourier,7,T2732,0.987085015074015
34.91524588115015,38.42255041138109,3.97587510341331,1.012418163694432,CatBoost_lags_seasonal_fourier,14,T2732,0.987085015074015
576.7407140270573,624.3253636805817,2.819316507776081,3.6972725006274767,CatBoost_lags_seasonal_fourier,7,T2698,0.99133707936169
681.0779536331255,711.3791069416512,3.3216984590182115,4.366140151904127,CatBoost_lags_seasonal_fourier,14,T2698,0.99133707936169
50.85940206781613,65.73788225159694,0.4119485336961463,0.1080615218640692,CatBoost_lags_seasonal_fourier,7,T594,0.9548617765057353
90.43699019651714,116.37717370504969,0.7308930376017436,0.1921524515842816,CatBoost_lags_seasonal_fourier,14,T594,0.9548617765057353
179.74332991876508,193.84366598680072,1.864257180991018,0.4748087015330413,CatBoost_lags_seasonal_fourier,7,T953,0.987041814228793
169.6574862047507,184.33527268597047,1.7618162909328334,0.4481660085336367,CatBoost_lags_seasonal_fourier,14,T953,0.987041814228793
204.2390772254977,212.65530789940524,4.169295664519048,0.7670643905534774,CatBoost_lags_seasonal_fourier,7,T2937,0.9798309941631791
219.01514885325423,229.77996167975917,4.443884242368849,0.822559149597094,CatBoost_lags_seasonal_fourier,14,T2937,0.9798309941631791
50.289857218425304,64.91538918478021,0.8593008978042365,0.7720481075937137,CatBoost_lags_seasonal_fourier,7,T2036,0.9926066790683152
81.76042528073874,94.38649093971611,1.4007029869800802,1.255183154326484,CatBoost_lags_seasonal_fourier,14,T2036,0.9926066790683152
773.181786052531,780.881019941157,8.876616571698827,1.7899494854077234,CatBoost_lags_seasonal_fourier,7,T448,0.9861766762242584
651.1867669454415,680.3588018039849,7.46958846846891,1.5075257066636594,CatBoost_lags_seasonal_fourier,14,T448,0.9861766762242584
90.22020022331058,97.35504758192076,2.0199004667836995,0.4943841392158773,CatBoost_lags_seasonal_fourier,7,T2257,0.9804243066664171
266.9059495134389,335.5417558706597,6.183097505187984,1.4625778680959338,CatBoost_lags_seasonal_fourier,14,T2257,0.9804243066664171
74.79579776504475,96.31741477655258,0.49176547496769113,0.5855194974298291,CatBoost_lags_seasonal_fourier,7,T693,0.9935422203472173
68.71254252321523,84.54913205810097,0.4518197552710379,0.5378983120375396,CatBoost_lags_seasonal_fourier,14,T693,0.9935422203472173
126.43362887944672,147.62214926491274,0.8107111305818852,0.6788289683457519,CatBoost_lags_seasonal_fourier,7,T723,0.9896556489333471
225.08633569598013,261.6456390173804,1.435514410240155,1.2085006687177864,CatBoost_lags_seasonal_fourier,14,T723,0.9896556489333471
235.95048214157057,267.4641985107201,2.2040730374288104,0.6597193023228621,CatBoost_lags_seasonal_fourier,7,T871,0.9933697571257217
326.10935776823004,369.3465475234623,3.0202068977812457,0.9118041888921792,CatBoost_lags_seasonal_fourier,14,T871,0.9933697571257217
37.15762802126187,49.194096627670795,1.866262942870901,0.9769746781976978,CatBoost_lags_seasonal_fourier,7,T570,0.9885309591858066
30.09563374149281,40.8641728254135,1.4950876719140744,0.7912957219154647,CatBoost_lags_seasonal_fourier,14,T570,0.9885309591858066
151.49495272025237,177.68701486836764,1.1740633184918738,0.7516531293876845,CatBoost_lags_seasonal_fourier,7,T2968,0.9894231674209679
198.1645136091473,217.42230045700586,1.5315085712797205,0.9832075202066561,CatBoost_lags_seasonal_fourier,14,T2968,0.9894231674209679
123.46224167597549,131.84887817887883,0.6959672833210573,0.9780726228444107,CatBoost_lags_seasonal_fourier,7,T1707,0.8789197260834398
331.53386804737755,431.3685996502963,1.9085615961275337,2.6264240425334013,CatBoost_lags_seasonal_fourier,14,T1707,0.8789197260834398
17.66568684401565,25.100411275859322,1.390557482522824,0.5023365672221195,CatBoost_lags_seasonal_fourier,7,T2549,0.9889205186960606
29.05037065961624,34.912603178683526,2.2755668239105162,0.826068275891876,CatBoost_lags_seasonal_fourier,14,T2549,0.9889205186960606
60.36022777533877,68.73073748339938,0.5041160353872803,0.2957291929109295,CatBoost_lags_seasonal_fourier,7,T1598,0.9920069220158335
55.38891213106607,62.67021184155242,0.4618502523833749,0.2713727049159172,CatBoost_lags_seasonal_fourier,14,T1598,0.9920069220158335
6.917515303415614,10.460645736317865,0.42540259839556555,0.13429552356880015,CatBoost_lags_seasonal_fourier,7,T3224,0.9763859535479923
8.530184589665428,12.043086524421614,0.5246222758965899,0.1656036243305441,CatBoost_lags_seasonal_fourier,14,T3224,0.9763859535479923
12.974732833282717,15.280599944579807,0.9995842600630276,0.43586277211757,CatBoost_lags_seasonal_fourier,7,T3312,0.9890195702344717
13.198192917206143,15.763636626258235,1.0148270775178163,0.44336951101447003,CatBoost_lags_seasonal_fourier,14,T3312,0.9890195702344717
72.96506633777855,77.24966882597516,2.4245316044308898,2.4022046772714125,CatBoost_lags_seasonal_fourier,7,T3006,0.9810816887185236
71.48000827509908,75.56295069791784,2.3742763528273527,2.353312603252408,CatBoost_lags_seasonal_fourier,14,T3006,0.9810816887185236
714.9011195491645,767.4037107715701,7.1280904713031195,3.0885585572058885,CatBoost_lags_seasonal_fourier,7,T2932,0.9709139950962835
1031.801766309253,1176.2540807612174,10.034168769345325,4.457651677317643,CatBoost_lags_seasonal_fourier,14,T2932,0.9709139950962835
148.36949207080085,168.31128530665524,0.9140026571412515,0.40368097237913236,CatBoost_lags_seasonal_fourier,7,T1515,0.9827781727864349
397.47258058988467,503.37661500590866,2.4130763139486695,1.0814360525680111,CatBoost_lags_seasonal_fourier,14,T1515,0.9827781727864349
93.42970167834937,105.26536123631854,0.678417986007683,0.44471254806840327,CatBoost_lags_seasonal_fourier,7,T934,0.9917286485667808
234.1760143414484,287.3959636775341,1.683560122452701,1.114645665816369,CatBoost_lags_seasonal_fourier,14,T934,0.9917286485667808
36.8962006482941,47.45832956136744,5.88580710110898,0.8374888545276978,CatBoost_lags_seasonal_fourier,7,T2572,0.9741155104968089
58.176210119413106,66.16537075603375,9.33912758590568,1.3205134056512298,CatBoost_lags_seasonal_fourier,14,T2572,0.9741155104968089
20.780385533304916,21.880396969333006,1.6162724439744365,0.7631333226886315,CatBoost_lags_seasonal_fourier,7,T657,0.9781953922059554
15.704623986497252,17.497580967864863,1.2234989271051984,0.5767324126486106,CatBoost_lags_seasonal_fourier,14,T657,0.9781953922059554
20.37307331770767,22.277251750692898,2.2031139710973546,0.34787556315740076,CatBoost_lags_seasonal_fourier,7,T1333,0.985720969344191
12.779298378017254,16.63180379236612,1.3810182356742675,0.2182098670476595,CatBoost_lags_seasonal_fourier,14,T1333,0.985720969344191
94.06557949956394,103.64901227755378,1.0553921904919956,0.8226507434672173,CatBoost_lags_seasonal_fourier,7,T2677,0.9944087681597363
134.65750700344157,145.28853237007374,1.5053684200911284,1.1776475395055295,CatBoost_lags_seasonal_fourier,14,T2677,0.9944087681597363
80.8083692212093,83.53091219351785,1.4992322282140522,1.0241695957769912,CatBoost_lags_seasonal_fourier,7,T3119,0.9913404971990372
102.1560059471163,107.03976219785699,1.888609619447287,1.2947306860090635,CatBoost_lags_seasonal_fourier,14,T3119,0.9913404971990372
43.81114363184393,48.17133347059818,0.29402934636699857,0.19428336088523873,CatBoost_lags_seasonal_fourier,7,T3144,0.9895972657438667
58.28028372816269,64.51343478137962,0.3904854150935782,0.2584477020550257,CatBoost_lags_seasonal_fourier,14,T3144,0.9895972657438667
107.54380228886683,119.45609730012944,0.7689357916106794,0.6011472965631222,CatBoost_lags_seasonal_fourier,7,T2722,0.9932942714897294
234.78726961692038,280.2309075618903,1.700778199610968,1.3124115885221947,CatBoost_lags_seasonal_fourier,14,T2722,0.9932942714897294
46.42165166345824,62.986534121363285,0.42924630528246605,0.16702819404612726,CatBoost_lags_seasonal_fourier,7,T3220,0.9833305130052408
63.97019923944741,80.75197575254273,0.5919022013806554,0.2301690368364602,CatBoost_lags_seasonal_fourier,14,T3220,0.9833305130052408
132.15532978303912,136.60757999241116,1.476705102335213,0.45581260569703536,CatBoost_lags_seasonal_fourier,7,T2803,0.992997662232929
219.4449128811097,256.301837641338,2.4259488619204492,0.7568802386669605,CatBoost_lags_seasonal_fourier,14,T2803,0.992997662232929
41.05239887342259,43.06275205498525,3.4367076606417517,0.9170575085731578,CatBoost_lags_seasonal_fourier,7,T514,0.967522934912835
47.302487507147426,50.43875974691272,3.9457532484605715,1.056676407056477,CatBoost_lags_seasonal_fourier,14,T514,0.967522934912835
17.65048329698389,20.460932810119704,1.274737149165978,0.3542952872645683,CatBoost_lags_seasonal_fourier,7,T592,0.9656837149076389
20.160955823923764,22.476331113101356,1.453432688047278,0.40468759495021445,CatBoost_lags_seasonal_fourier,14,T592,0.9656837149076389
114.562211460158,133.7229333959967,2.9060314009267496,0.2580575413254881,CatBoost_lags_seasonal_fourier,7,T886,0.9909266137974043
153.21922922518203,182.9271744869826,3.8995184590932883,0.34513455242951285,CatBoost_lags_seasonal_fourier,14,T886,0.9909266137974043
71.88241210031654,86.21069069052275,0.5594630719772521,0.43695986105600365,CatBoost_lags_seasonal_fourier,7,T1075,0.9896287532756126
69.60347487814293,82.12138001921686,0.5415954436688164,0.4231066240421062,CatBoost_lags_seasonal_fourier,14,T1075,0.9896287532756126
37.01807668779799,42.57988445366351,1.2988428085950159,0.19456319648082399,CatBoost_lags_seasonal_fourier,7,T1214,0.9828554829563935
49.49857633085295,54.32304616603795,1.7333567397327845,0.26015941653055336,CatBoost_lags_seasonal_fourier,14,T1214,0.9828554829563935
623.2789157528924,644.4421582746016,5.097907795129619,1.4068114934291078,CatBoost_lags_seasonal_fourier,7,T550,0.9814591251284098
643.2932400294554,727.3972949143316,5.2108172393614245,1.451986102603035,CatBoost_lags_seasonal_fourier,14,T550,0.9814591251284098
10.927038839947986,13.046547970399764,0.8620799655958531,0.33065296450566106,CatBoost_lags_seasonal_fourier,7,T1634,0.9666579180431785
30.596701808701386,38.44205877805703,2.3758964069491713,0.9258583505859482,CatBoost_lags_seasonal_fourier,14,T1634,0.9666579180431785
63.824048553952316,88.03056090684711,0.4243687799731809,0.32578997646274793,CatBoost_lags_seasonal_fourier,7,T2343,0.9924907362654103
85.03072123880624,136.89088252755715,0.5665851796099366,0.4340394772604206,CatBoost_lags_seasonal_fourier,14,T2343,0.9924907362654103
7.289691780867104,8.144144467963919,0.7115462273149026,0.23323039587509536,CatBoost_lags_seasonal_fourier,7,T1402,0.9844934403597341
8.442554256253354,9.367000948529922,0.8194455144599337,0.27011571004291796,CatBoost_lags_seasonal_fourier,14,T1402,0.9844934403597341
346.6164074305422,380.1684474138805,4.880480821551941,1.3421551987375635,CatBoost_lags_seasonal_fourier,7,T2411,0.9800227799756501
472.7604295297812,525.9059129958658,6.578264899027725,1.8306054031153998,CatBoost_lags_seasonal_fourier,14,T2411,0.9800227799756501
9.75849138317923,13.171415289121358,0.5517571325781642,0.24955994544277607,CatBoost_lags_seasonal_fourier,7,T1013,0.9878931385284161
10.151205229327745,12.308229360813463,0.5734868714369967,0.259603059913152,CatBoost_lags_seasonal_fourier,14,T1013,0.9878931385284161
11.409770344408864,17.09719276529717,0.7639674529875528,0.24284743586337773,CatBoost_lags_seasonal_fourier,7,T862,0.9872685504274568
34.06590580688445,45.91334442464836,2.226311786425458,0.7250643637730335,CatBoost_lags_seasonal_fourier,14,T862,0.9872685504274568
218.92537933671898,261.96126786495336,2.662069082812671,0.8356846292351379,CatBoost_lags_seasonal_fourier,7,T3210,0.9840614762896622
254.75506548377658,299.641115456857,3.101320568229047,0.9724541443737289,CatBoost_lags_seasonal_fourier,14,T3210,0.9840614762896622
19.36124390767509,21.36478091953439,1.625158317168194,0.559875625187952,CatBoost_lags_seasonal_fourier,7,T1517,0.9580746410682769
31.27191421571183,35.37957126500091,2.598902053828225,0.9043004987610882,CatBoost_lags_seasonal_fourier,14,T1517,0.9580746410682769
10.942570325933762,18.5173182026195,0.7380654858795093,0.18632273687537537,CatBoost_lags_seasonal_fourier,7,T2857,0.9570222553073046
35.64029624343612,44.853717022083615,2.3790805541068307,0.606859023184712,CatBoost_lags_seasonal_fourier,14,T2857,0.9570222553073046
163.5005460810384,192.3710827840537,1.3240197782853986,0.6090355974925307,CatBoost_lags_seasonal_fourier,7,T1465,0.974659853200543
300.1637854052178,347.63996638401693,2.4139298436043344,1.1181028734869016,CatBoost_lags_seasonal_fourier,14,T1465,0.974659853200543
42.96989185956824,49.55691412476497,0.4122369537895669,0.16207502290174766,CatBoost_lags_seasonal_fourier,7,T2389,0.9861918935360825
38.435186579971095,45.470079911063955,0.36799184752520614,0.1449708964951617,CatBoost_lags_seasonal_fourier,14,T2389,0.9861918935360825
332.3199984893025,338.9388490780109,2.123158253308755,1.7871908865281365,CatBoost_lags_seasonal_fourier,7,T3335,0.9919339785710739
383.3167772802905,394.61327707197177,2.4426969525178155,2.0614475629600815,CatBoost_lags_seasonal_fourier,14,T3335,0.9919339785710739
173.42916362671946,194.15508288463604,1.2712911965297768,0.7769479400379519,CatBoost_lags_seasonal_fourier,7,T3055,0.9880542996164016
165.30070707275212,187.0193782570786,1.2122498318578383,0.7405331442606635,CatBoost_lags_seasonal_fourier,14,T3055,0.9880542996164016
17.919602405423966,19.586539974632007,1.4151732615054868,0.4539919168925801,CatBoost_lags_seasonal_fourier,7,T1524,0.9796490717378195
31.58758530176687,36.36985310134032,2.470045641566867,0.8002693406197672,CatBoost_lags_seasonal_fourier,14,T1524,0.9796490717378195
139.67533686884624,144.1949452382831,0.9283612198488966,0.7074697816281942,CatBoost_lags_seasonal_fourier,7,T2945,0.991341696008157
252.76792473291138,300.7418264402813,1.6662371812869174,1.2802952369559715,CatBoost_lags_seasonal_fourier,14,T2945,0.991341696008157
14.139623711615693,15.290192258977129,1.4527857383862566,0.39443541266083426,CatBoost_lags_seasonal_fourier,7,T756,0.9838351731020025
11.625352205353238,13.131807099289697,1.1936163336246446,0.32429792248849587,CatBoost_lags_seasonal_fourier,14,T756,0.9838351731020025
25.730454046611516,26.44190872906746,1.4787065547432743,0.5293448541192077,CatBoost_lags_seasonal_fourier,7,T1185,0.9905527575654054
42.75046917370533,47.200563961796156,2.432665576253834,0.8794924810610903,CatBoost_lags_seasonal_fourier,14,T1185,0.9905527575654054
107.40562661417269,118.5780598917909,1.1764443544184633,0.6336436944132937,CatBoost_lags_seasonal_fourier,7,T3047,0.9947165591557863
209.25212849267714,236.40781447566235,2.2730161415134056,1.2344911150534559,CatBoost_lags_seasonal_fourier,14,T3047,0.9947165591557863
251.71935010141664,329.04220468957567,1.8449050008375232,1.1376768979700391,CatBoost_lags_seasonal_fourier,7,T2600,0.9835247287046535
150.03941436884386,236.4718327655675,1.09709366282484,0.6781217869965689,CatBoost_lags_seasonal_fourier,14,T2600,0.9835247287046535
875.4172421400326,925.1882470859757,4.25999796134599,3.391588527776861,CatBoost_lags_seasonal_fourier,7,T3428,0.9906734232872607
1292.4499569033812,1384.3261930312258,6.2054031714421205,5.0072790842495465,CatBoost_lags_seasonal_fourier,14,T3428,0.9906734232872607
191.94774689073165,326.10277030098774,1.23952974160895,0.9066480023999949,CatBoost_lags_seasonal_fourier,7,T2870,0.9876559670165995
512.3155808427299,637.4200961396239,3.2796594892195565,2.4198767919577095,CatBoost_lags_seasonal_fourier,14,T2870,0.9876559670165995
16.581212600137633,19.892540451933122,1.1352147360760876,0.2978410658809336,CatBoost_lags_seasonal_fourier,7,T2585,0.9776145302707181
38.852312700685516,64.19424102689487,2.552257878998025,0.6978870909969188,CatBoost_lags_seasonal_fourier,14,T2585,0.9776145302707181
274.45972187965344,323.6964617639517,1.7506116538151733,1.7391531296499554,CatBoost_lags_seasonal_fourier,7,T526,0.9858622222921394
458.082888518748,518.7180243079646,2.901256519904507,2.902707485639015,CatBoost_lags_seasonal_fourier,14,T526,0.9858622222921394
73.32595017727479,84.71398918939038,1.6990950702713952,0.22026652440299607,CatBoost_lags_seasonal_fourier,7,T824,0.9707549564130614
84.32645385682599,94.87674723826338,1.9488089294317466,0.25331134286520623,CatBoost_lags_seasonal_fourier,14,T824,0.9707549564130614
13.322183512433153,14.644778310891478,1.119566656014487,0.8479586125091452,CatBoost_lags_seasonal_fourier,7,T256,0.7210170867356794
22.371024236414396,26.615910125449474,1.8669154303827369,1.4239184330567594,CatBoost_lags_seasonal_fourier,14,T256,0.7210170867356794
98.1885553192972,108.89435158575189,1.0099063832653143,0.8513893133753332,CatBoost_lags_seasonal_fourier,7,T2792,0.9954889068020571
64.59734750095686,82.35101353350508,0.6647600224247924,0.5601211990120674,CatBoost_lags_seasonal_fourier,14,T2792,0.9954889068020571
60.27010170423949,74.7041259907634,0.43980289417966417,0.2828155878894136,CatBoost_lags_seasonal_fourier,7,T160,0.9904826876104095
3469.396307755626,6395.724862525486,44.1890882636541,16.280034854002068,CatBoost_lags_seasonal_fourier,14,T160,0.9904826876104095
141.77121494349765,160.76846918274782,1.5323239763028709,0.717493833797296,CatBoost_lags_seasonal_fourier,7,T463,0.9884453007906575
205.69989511840453,224.78472699100658,2.2277994008587045,1.0410322463486437,CatBoost_lags_seasonal_fourier,14,T463,0.9884453007906575
82.51002808601386,105.19719150751109,0.6118064033062234,0.3490209760162223,CatBoost_lags_seasonal_fourier,7,T2334,0.9922422882343257
225.20178292367265,288.9631999534242,1.6533268142644726,0.9526132507757203,CatBoost_lags_seasonal_fourier,14,T2334,0.9922422882343257
96.87624786655995,115.60888079102659,0.5500028161838253,0.3524554198969706,CatBoost_lags_seasonal_fourier,7,T3147,0.981935387051658
101.11763838572551,132.07208588834442,0.5745572999458078,0.36788645804409875,CatBoost_lags_seasonal_fourier,14,T3147,0.981935387051658
47.076764649402904,50.424182922645016,3.4005972804082623,1.259180330426581,CatBoost_lags_seasonal_fourier,7,T1541,0.9909768689799645
57.34529465873553,60.30346872003027,4.12142857820172,1.5338366519992386,CatBoost_lags_seasonal_fourier,14,T1541,0.9909768689799645
61.96734760841822,84.90287535069987,0.5629682124348521,0.26937947665583484,CatBoost_lags_seasonal_fourier,7,T1096,0.9855292737565634
84.87189864199965,104.91026344687323,0.7687532713607746,0.3689483013448043,CatBoost_lags_seasonal_fourier,14,T1096,0.9855292737565634
7.660095776228055,13.738695908657213,0.6482283880631359,0.18403170056793045,CatBoost_lags_seasonal_fourier,7,T852,0.978501444665267
24.924032794038617,34.05294669079549,2.0551785598577004,0.5987930535192874,CatBoost_lags_seasonal_fourier,14,T852,0.978501444665267
25.417395246295523,28.29633600925541,0.8870791920566489,0.2766979793769102,CatBoost_lags_seasonal_fourier,7,T2676,0.9915102604450652
23.083045138249126,26.12596304906697,0.8053370041508853,0.2512858570175647,CatBoost_lags_seasonal_fourier,14,T2676,0.9915102604450652
17.096478295591982,19.685240030976512,1.3161924842718524,0.5439011942565974,CatBoost_lags_seasonal_fourier,7,T3080,0.9820724245012051
33.76292556353739,38.74998113027673,2.5730498611161776,1.0741215365002588,CatBoost_lags_seasonal_fourier,14,T3080,0.9820724245012051
170.9814930605644,222.78749540887335,1.97503541750251,0.8614514120796918,CatBoost_lags_seasonal_fourier,7,T1122,0.9928648332397148
606.2107129175866,805.0311239096093,7.327445524702735,3.0542549682597087,CatBoost_lags_seasonal_fourier,14,T1122,0.9928648332397148
220.41756267341952,327.5800899410861,2.331832633075053,0.6478770268465569,CatBoost_lags_seasonal_fourier,7,T3457,0.9844462133649299
173.32748075051975,256.69312579046834,1.8221500713578804,0.5094643618114573,CatBoost_lags_seasonal_fourier,14,T3457,0.9844462133649299
177.32077949518472,244.33457631973778,2.028879436641523,0.9039008209943836,CatBoost_lags_seasonal_fourier,7,T1282,0.9932291110652949
355.8886307656302,439.80340450728687,4.015705724658363,1.8141586476634899,CatBoost_lags_seasonal_fourier,14,T1282,0.9932291110652949
33.17752758390365,34.6850206552512,1.885813937248373,0.7396525754881635,CatBoost_lags_seasonal_fourier,7,T1177,0.976576459267932
55.02398540437241,60.39890176556696,3.0942550830936444,1.2266927490314998,CatBoost_lags_seasonal_fourier,14,T1177,0.976576459267932
44.41295573119013,67.07190734075833,0.5582183481657318,0.15245610515020805,CatBoost_lags_seasonal_fourier,7,T2884,0.9646829732926611
123.01720557332867,161.11772095427776,1.5357817882167846,0.42228047468142665,CatBoost_lags_seasonal_fourier,14,T2884,0.9646829732926611
174.2188193919137,205.9410529981755,1.6614663950006399,0.6066996587890815,CatBoost_lags_seasonal_fourier,7,T2450,0.9867018068660204
430.0439510689634,512.6815252371679,4.018765606536561,1.497585159218215,CatBoost_lags_seasonal_fourier,14,T2450,0.9867018068660204
21.05058090341637,22.71594992029764,2.2611844655176694,0.366871353038945,CatBoost_all_features,7,T1321,0.9855413172672572
13.33844341531957,17.11346437327726,1.4318884270657484,0.2324635508000407,CatBoost_all_features,14,T1321,0.9855413172672572
65.46676992179684,88.0271455978093,0.6961337922727515,0.25553009116101827,CatBoost_all_features,7,T2316,0.9445708282737718
119.4240216466851,148.15824472659426,1.2626922210405855,0.4661361966482566,CatBoost_all_features,14,T2316,0.9445708282737718
226.28771777055928,229.92359988929712,1.5068409593523584,1.1005248484860024,CatBoost_all_features,7,T2394,0.9861119375223296
428.8709395684776,477.7066122671367,2.8234338777024113,2.0857655485624185,CatBoost_all_features,14,T2394,0.9861119375223296
14.296465196966924,16.993578986581845,0.9635421849464075,0.6095110721195091,CatBoost_all_features,7,T2998,0.9567561936149641
18.788267799941746,21.112947042283817,1.2545124437810011,0.8010131939775209,CatBoost_all_features,14,T2998,0.9567561936149641
28.40348134731942,30.47995058143635,1.6181920074522609,1.1231150661749012,CatBoost_all_features,7,T3564,0.9551428108336908
37.90041769744294,40.21612848326625,2.1513763228814753,1.4986377764688077,CatBoost_all_features,14,T3564,0.9551428108336908
121.42257530114044,134.4817332502288,0.9990677108656534,0.6405688391142121,CatBoost_all_features,7,T1487,0.9914996760763503
178.3614144522409,204.63184325367763,1.4606073661990269,0.9409515809978682,CatBoost_all_features,14,T1487,0.9914996760763503
95.35049773344326,108.11259483232662,1.8007660885311878,0.2604443305089263,CatBoost_all_features,7,T1310,0.9870453035681932
63.77672260988551,83.08481281148585,1.202483280225142,0.17420240289274588,CatBoost_all_features,14,T1310,0.9870453035681932
77.7612058381367,111.60876788743768,0.46119976514572547,0.42956996319972385,CatBoost_all_features,7,T681,0.9940521375701602
69.94796550521589,97.08702880861667,0.4156686893697376,0.3864079092409704,CatBoost_all_features,14,T681,0.9940521375701602
40.670429232028255,48.05708595218715,0.4595634394195037,0.17338033461452088,CatBoost_all_features,7,T2614,0.9913426358251989
95.42895623650851,134.19640711018351,1.084801684470966,0.40681902494332695,CatBoost_all_features,14,T2614,0.9913426358251989
2114.9386910625785,2316.3942490384143,5.1137008524218714,44.128057823366014,CatBoost_all_features,7,T2194,0.9664462666556688
2245.262997328341,2384.2423698258353,5.428376085976437,46.84726597204112,CatBoost_all_features,14,T2194,0.9664462666556688
236.97843656012188,242.90155439489922,2.0841532765254014,0.7915512742652798,CatBoost_all_features,7,T1388,0.9916375250015166
335.1673871355584,364.7841044686397,2.9219047283816875,1.1195203083889362,CatBoost_all_features,14,T1388,0.9916375250015166
345.6897197912393,373.65257483410113,2.363602885141313,0.9621419955468566,CatBoost_all_features,7,T1540,0.9901854328675375
443.44141716325095,479.83062921274376,3.0139504901209264,1.2342097134830357,CatBoost_all_features,14,T1540,0.9901854328675375
43.31267760877017,47.41984164601725,0.30954348488190925,0.31332779901997426,CatBoost_all_features,7,T3573,0.9909406137500104
98.11367377429815,117.30124089054597,0.6982928112303174,0.7097631260561887,CatBoost_all_features,14,T3573,0.9909406137500104
164.07733361670944,175.93427586745304,1.4101833531592032,0.7011500738279863,CatBoost_all_features,7,T3295,0.9870327214863361
171.74388437445123,179.01640874705382,1.474089974239467,0.7339114706114921,CatBoost_all_features,14,T3295,0.9870327214863361
23.493940080286198,29.988876633453117,2.2984703847497037,0.757829007155727,CatBoost_all_features,7,T2757,0.9296068130910846
38.920572111316254,44.21380980394382,3.8203977847355572,1.255436015425999,CatBoost_all_features,14,T2757,0.9296068130910846
61.719950861215885,80.06767070613117,1.6309322021357426,0.28037602617176743,CatBoost_all_features,7,T3139,0.9763289142465224
73.59277002782066,89.74774854041894,1.9391008322998222,0.33431083673041384,CatBoost_all_features,14,T3139,0.9763289142465224
96.31390942470027,124.35020492346686,1.758237102303779,0.38183728988277255,CatBoost_all_features,7,T3604,0.9863441669952303
173.13938305046096,198.06224947550382,3.167183225338509,0.6864125149820643,CatBoost_all_features,14,T3604,0.9863441669952303
24.553665488179004,29.99984416414841,3.195292030857788,0.7885702898444887,CatBoost_all_features,7,T2255,0.9906814021884256
31.397598813404077,35.952865477884494,4.093462746188366,1.0083713818055795,CatBoost_all_features,14,T2255,0.9906814021884256
62.28505691572822,89.78169792576043,0.380815968120896,0.3250331989567792,CatBoost_all_features,7,T3245,0.9897138712829331
150.91149420690712,187.60342885680112,0.9154641698667457,0.7875283117712308,CatBoost_all_features,14,T3245,0.9897138712829331
215.76609541734226,221.57300754256934,2.7629642681003515,0.8200380915883032,CatBoost_all_features,7,T2426,0.8404422151024947
301.8047788289571,321.3813258587188,3.8313784364460557,1.1470357026409617,CatBoost_all_features,14,T2426,0.8404422151024947
15.469987931464825,17.318689364250666,1.9186608382830712,0.24578575846085224,CatBoost_all_features,7,T1317,0.9871853456755911
10.643810858578863,13.582347712663585,1.3179942994256915,0.16910789694080566,CatBoost_all_features,14,T1317,0.9871853456755911
21.019907666936565,24.521446494171027,1.2508129789989184,0.7018501297871588,CatBoost_all_features,7,T991,0.9412483512092515
18.76910788848048,21.080302619898553,1.1102328232841432,0.6266964163805508,CatBoost_all_features,14,T991,0.9412483512092515
124.81121357008722,144.77870656946982,0.7611696339570736,0.6565638114053519,CatBoost_all_features,7,T3448,0.9918840919112695
177.69208522508947,203.8982708192179,1.0805221919850792,0.9347412735990741,CatBoost_all_features,14,T3448,0.9918840919112695
57.49318127862846,73.01608761368917,0.9433227783287019,0.2836381787091284,CatBoost_all_features,7,T2682,0.9896869164309356
48.52608296942689,63.39348626230471,0.7920719081582187,0.23939969031514757,CatBoost_all_features,14,T2682,0.9896869164309356
229.17503049253304,307.2533206686145,1.9634022464815553,0.918873575964564,CatBoost_all_features,7,T1297,0.992225993260858
470.6289660574218,569.431357756889,3.9787196639818347,1.8869792231042317,CatBoost_all_features,14,T1297,0.992225993260858
145.58199687158645,169.0403483988224,1.148017248181273,0.7454062159880012,CatBoost_all_features,7,T1104,0.9872807888622561
177.8125054290778,195.29948975475608,1.3993010339807128,0.91043226274844,CatBoost_all_features,14,T1104,0.9872807888622561
3.070606371398924,4.606859684137619,0.6292310998226668,0.09632850010926909,CatBoost_all_features,7,T3300,0.9857555146310673
6.4479005497040385,9.048682530644154,1.3198583767525651,0.2022781541105674,CatBoost_all_features,14,T3300,0.9857555146310673
70.88990794184221,78.26973489157109,0.40390519739468217,0.3145732842282684,CatBoost_all_features,7,T2762,0.9910089008443232
68.61437947763208,100.51557349774907,0.3894677163621757,0.3044756485686377,CatBoost_all_features,14,T2762,0.9910089008443232
79.78039818483181,91.99761393959538,1.0592098489037833,0.3162535717738041,CatBoost_all_features,7,T578,0.967263386538526
100.26439485762376,111.21956063516554,1.3259540573691382,0.39745318044164885,CatBoost_all_features,14,T578,0.967263386538526
42.351242671698856,47.81544822726807,0.2953936409159043,0.2061523384262964,CatBoost_all_features,7,T2943,0.9901732182311477
256.31377043743174,344.65909152611056,1.7586453841013632,1.2476536652334762,CatBoost_all_features,14,T2943,0.9901732182311477
137.1055825644458,180.1500136243434,0.9207563475492607,0.6244949348200628,CatBoost_all_features,7,T1590,0.9894955138108565
189.323846654262,221.7732470992816,1.2627854816907789,0.862341132029855,CatBoost_all_features,14,T1590,0.9894955138108565
104.88744498449705,131.00437093763927,1.1538108517706303,0.49709785152121416,CatBoost_all_features,7,T2863,0.9940733736107484
112.94920719671427,139.0853238618265,1.2513673836632626,0.5353053288390229,CatBoost_all_features,14,T2863,0.9940733736107484
25.28891122881152,29.03351967218166,1.3182160268815972,0.7499987823205895,CatBoost_all_features,7,T988,0.9843675547513313
29.37591860762638,31.632151011892795,1.5192283015284196,0.8712080558125295,CatBoost_all_features,14,T988,0.9843675547513313
42.39679778598942,50.24179728045155,0.3572105362146338,0.2250089459176944,CatBoost_all_features,7,T1439,0.9888638008513436
111.15225416845404,142.63924779140024,0.9298131818210456,0.5899089755095717,CatBoost_all_features,14,T1439,0.9888638008513436
84.72491208760064,111.84533778247972,1.080913189913847,0.5094681868453866,CatBoost_all_features,7,T2025,0.9925239805466876
87.46169570396796,110.92194807105858,1.1232861342658722,0.5259250252470269,CatBoost_all_features,14,T2025,0.9925239805466876
28.725538837403843,37.181572285988864,2.5117230347531323,0.7896454229667851,CatBoost_all_features,7,T2531,0.9588530527407483
44.38155992173045,50.36557036316616,3.857180860488697,1.2200187385410215,CatBoost_all_features,14,T2531,0.9588530527407483
105.57215120841647,130.43657059361726,0.6774342778793652,0.7251208969411712,CatBoost_all_features,7,T726,0.992252809881977
203.5399100453986,238.01065790123124,1.2997112300224,1.3980111274238998,CatBoost_all_features,14,T726,0.992252809881977
103.86291431429865,124.19424872515353,1.2440783041341128,0.45662974019878555,CatBoost_all_features,7,T507,0.9825207264540511
168.02226353603965,188.95858866139176,2.014574980842024,0.7387041183333249,CatBoost_all_features,14,T507,0.9825207264540511
59.42214520507988,77.64952913512666,3.21794189684275,1.1614915591475015,CatBoost_all_features,7,T3622,0.8980760193261496
72.99966275223183,83.52572906466527,3.9476191926988515,1.4268837285275782,CatBoost_all_features,14,T3622,0.8980760193261496
25.186227758523046,25.681141727080867,2.686704912320634,0.7954117712941762,CatBoost_all_features,7,T943,0.9848839931992289
31.430622225121787,32.52287854667844,3.329180892757101,0.9926173596402145,CatBoost_all_features,14,T943,0.9848839931992289
362.6478885652136,380.9763766982184,1.5858013891967222,1.6862070805945957,CatBoost_all_features,7,T3130,0.9917610355503985
554.4825188929871,605.9721243870272,2.4088132665052355,2.5781822503432252,CatBoost_all_features,14,T3130,0.9917610355503985
459.8476134872305,509.4110200321566,2.3712273322070163,2.468324163633505,CatBoost_all_features,7,T2700,0.9916197815119512
511.53599471717126,539.1255222897983,2.6355569513338337,2.745771902029795,CatBoost_all_features,14,T2700,0.9916197815119512
55.94120227734129,62.87451578274842,1.2561727940083118,0.5756873303598294,CatBoost_all_features,7,T2701,0.98243995367443
141.2020563711915,166.7166496417932,3.2134918412806,1.4531013200367842,CatBoost_all_features,14,T2701,0.98243995367443
17.562483617220455,19.078158538617142,1.4797439148515514,0.4811577063353408,CatBoost_all_features,7,T1510,0.9605669847160367
35.01746029143195,41.14681089531121,2.911569057426023,0.9593700550982142,CatBoost_all_features,14,T1510,0.9605669847160367
20.96396584735742,23.397806738024762,0.6008276527420564,0.1651708826952463,CatBoost_all_features,7,T3115,0.9123346074488864
19.292424312475855,22.663636068061923,0.5519218621597486,0.15200114216101634,CatBoost_all_features,14,T3115,0.9123346074488864
325.1602161027708,345.03414761537334,2.4302972882255434,0.8348362615181796,CatBoost_all_features,7,T1529,0.9880596016483135
428.40870722145286,455.25799978450374,3.180321213945351,1.0999227636924502,CatBoost_all_features,14,T1529,0.9880596016483135
250.01307295226954,256.38033877863813,1.6474672348840698,1.653390948303906,CatBoost_all_features,7,T1229,0.9924984169040324
226.9127167154646,241.78904224624208,1.4947800684260963,1.5006232571847273,CatBoost_all_features,14,T1229,0.9924984169040324
124.3233056640438,136.88555544787133,0.8316142733344313,0.5784684982306871,CatBoost_all_features,7,T3036,0.9920928026579291
176.19644453628968,204.44107669344805,1.1841744640229195,0.8198309409494092,CatBoost_all_features,14,T3036,0.9920928026579291
24.64014990723805,35.053099246010134,1.2299667078165677,0.6933517711271788,CatBoost_all_features,7,T562,0.9811050424751666
40.08411437718568,47.8254835224921,1.9643222779224774,1.1279311125181946,CatBoost_all_features,14,T562,0.9811050424751666
21.914868956768064,24.06897052477385,1.256450717959476,0.7168330491257429,CatBoost_all_features,7,T1689,0.9410332665498291
17.468790617054164,21.105542478126615,1.0059320840814632,0.5714022961882606,CatBoost_all_features,14,T1689,0.9410332665498291
45.96673253649434,53.09774871773081,13.475474713463495,0.17503404639139422,CatBoost_all_features,7,T3621,0.932605933025207
82.46097017074263,92.19767814658806,25.502026257271964,0.3139983305727893,CatBoost_all_features,14,T3621,0.932605933025207
18.043671451955237,20.15436858453713,1.189978064027182,0.6061848247432671,CatBoost_all_features,7,T1583,0.9909471043512691
16.013682843162478,18.14663115947471,1.0491792596503549,0.5379864931382808,CatBoost_all_features,14,T1583,0.9909471043512691
9.43228311311168,11.135874364024595,0.62206897011962,0.22089395654850097,CatBoost_all_features,7,T2717,0.9900228500638971
17.26846420711643,20.03695651801515,1.139226746928475,0.404408915262906,CatBoost_all_features,14,T2717,0.9900228500638971
23.482479995325257,27.47687334804116,0.22520998309693688,0.1127911655652304,CatBoost_all_features,7,T782,0.9782571802814759
53.203138903264,70.80230678001064,0.5111199500031965,0.2555455833379869,CatBoost_all_features,14,T782,0.9782571802814759
149.33437285644035,176.12030564403338,1.1238150067842774,0.5924845834974223,CatBoost_all_features,7,T1472,0.9751398722763266
266.1575554270482,310.57272643656216,1.9891458859711881,1.0559809195668768,CatBoost_all_features,14,T1472,0.9751398722763266
2.7142783913886563,3.4660546119156233,0.44130162882760304,0.08014644645310559,CatBoost_all_features,7,T30,0.9479964712367461
5.320043637585708,6.425009927272338,0.865813887852792,0.15708874737414305,CatBoost_all_features,14,T30,0.9479964712367461
63.21216459227305,73.5449399919196,1.3834136982586798,0.27352890131965946,CatBoost_all_features,7,T3064,0.9805762512277086
74.62266424284742,88.24068643298534,1.6210110616144917,0.3229039140733199,CatBoost_all_features,14,T3064,0.9805762512277086
160.17189603646304,187.67154331825424,2.871812913127748,0.6968919353653318,CatBoost_all_features,7,T3118,0.982747966765492
207.5593807635941,227.38597316024558,3.720370246556918,0.9030701523982849,CatBoost_all_features,14,T3118,0.982747966765492
34.25272827484686,50.530914437316746,6.20027194438262,0.8704661436868276,CatBoost_all_features,7,T3010,0.9788156464417721
70.35694281850485,84.09551146289863,13.011112446438375,1.7879841922487667,CatBoost_all_features,14,T3010,0.9788156464417721
237.2451203502208,249.64491917589726,2.7090762335884015,1.2273450288248093,CatBoost_all_features,7,T777,0.9870489075657523
353.2069037051659,393.7610245327635,4.064753419356093,1.8272524921448192,CatBoost_all_features,14,T777,0.9870489075657523
10.372084277019635,13.105677166217227,1.720387574555269,0.11164324744784375,CatBoost_all_features,7,T2993,0.9923676123917884
27.03033949431488,35.156674184247485,4.287444985815335,0.29094970694069183,CatBoost_all_features,14,T2993,0.9923676123917884
93.91255676765233,109.74179742110178,1.0336717476851278,0.4834809186660861,CatBoost_all_features,7,T2663,0.9946132647734681
223.19709587084785,263.3425246900937,2.484088608389768,1.1490639874944768,CatBoost_all_features,14,T2663,0.9946132647734681
90.68716643931137,104.13059796967717,1.194316989235754,0.4703039163366702,CatBoost_all_features,7,T3043,0.9931707928420241
69.1783626137745,81.58319480397009,0.9117643361095591,0.3587591953795253,CatBoost_all_features,14,T3043,0.9931707928420241
153.3897681684809,184.41098231986888,1.1870860146002167,0.7629183015766051,CatBoost_all_features,7,T1582,0.991856878906407
131.7120389194792,158.82627266609384,1.0147730938433057,0.6550992691981192,CatBoost_all_features,14,T1582,0.991856878906407
166.31510586080108,180.71418263581197,1.1731670611480853,0.4878318559099317,CatBoost_all_features,7,T3526,0.9882638280771082
244.8549409314376,267.3992274295879,1.7178490747375628,0.7182031941420464,CatBoost_all_features,14,T3526,0.9882638280771082
222.0539847816638,227.1696987597941,1.6976797318361572,1.616995293129095,CatBoost_all_features,7,T2423,0.9947686328434874
227.8212415721998,233.19300665942035,1.7395725538931834,1.6589924097029454,CatBoost_all_features,14,T2423,0.9947686328434874
69.8061121413392,125.39203399366075,1.0555769829332622,0.37407788207952825,CatBoost_all_features,7,T2895,0.9905645908098547
270.69720029970733,350.2023666409618,4.014534648850486,1.4506156017963514,CatBoost_all_features,14,T2895,0.9905645908098547
273.499060518442,309.6139002825681,2.4125045361520128,1.3144911903985568,CatBoost_all_features,7,T2894,0.9820599858334874
342.33176619631365,383.5811340393885,3.0255346492577146,1.645314941870851,CatBoost_all_features,14,T2894,0.9820599858334874
21.50764516567798,22.435897768000512,2.8888558940507143,0.4399576804786164,CatBoost_all_features,7,T3401,0.9864263890272276
20.207114947263513,21.0383619925445,2.703915350560243,0.41335419814113283,CatBoost_all_features,14,T3401,0.9864263890272276
15.308899200822648,19.34626076419502,0.8221062158004657,0.21441541276630546,CatBoost_all_features,7,T589,0.9829974754318335
20.00396026411246,24.609681610930416,1.0785873351810389,0.280174122301358,CatBoost_all_features,14,T589,0.9829974754318335
58.08089033899497,69.10024662261685,0.35961058148096164,0.27488435344676815,CatBoost_all_features,7,T3056,0.9892632936034444
88.03252063038624,101.5211029065438,0.5451799987766436,0.4166389732411897,CatBoost_all_features,14,T3056,0.9892632936034444
10.930065950226208,13.038519980076394,0.8361163220817153,0.24276342824383992,CatBoost_all_features,7,T607,0.9616401869002167
15.785471950948136,19.674338648889677,1.2031237316437005,0.3506049556068631,CatBoost_all_features,14,T607,0.9616401869002167
28.43455846866826,29.024966771059713,3.2226808767378343,0.8245012384647936,CatBoost_all_features,7,T2732,0.987085015074015
35.82219985864121,39.28786715111696,4.076546128068072,1.0387166088943436,CatBoost_all_features,14,T2732,0.987085015074015
561.0362021223165,608.4697553150598,2.7413103504286847,3.596596653424411,CatBoost_all_features,7,T2698,0.99133707936169
665.2596108272222,695.5471819897442,3.2431738193092343,4.264734576678825,CatBoost_all_features,14,T2698,0.99133707936169
58.562625136865144,73.64716123910213,0.4745801810445813,0.12442864326651683,CatBoost_all_features,7,T594,0.9548617765057353
103.09004327980269,126.95037751289927,0.8335165030738892,0.21903653037434512,CatBoost_all_features,14,T594,0.9548617765057353
178.88423255454367,191.93819255467042,1.8552500655716144,0.47253931604774524,CatBoost_all_features,7,T953,0.987041814228793
175.85923197011263,190.422012514607,1.82650062329619,0.4645484960252191,CatBoost_all_features,14,T953,0.987041814228793
198.37122789217898,207.07250820155718,4.046879959667099,0.7450264028487433,CatBoost_all_features,7,T2937,0.9798309941631791
211.74829581369028,222.4105985947548,4.292969021747452,0.7952668984091371,CatBoost_all_features,14,T2937,0.9798309941631791
48.52344103358895,68.22569538047797,0.8292526195781262,0.7449301488609504,CatBoost_all_features,7,T2036,0.9926066790683152
83.00599165501315,98.32680959581327,1.4217988051277557,1.2743050452072677,CatBoost_all_features,14,T2036,0.9926066790683152
821.2348264227263,825.8960789216433,9.454082067220607,1.9011943652464522,CatBoost_all_features,7,T448,0.9861766762242584
749.9920081127295,770.7512600363135,8.652277243805072,1.7362641402032168,CatBoost_all_features,14,T448,0.9861766762242584
92.15657753128237,99.5192903334466,2.062789229141779,0.5049950027057528,CatBoost_all_features,7,T2257,0.9804243066664171
274.2408232309667,344.65094615912983,6.344402667061125,1.5027711421090881,CatBoost_all_features,14,T2257,0.9804243066664171
68.38130875994518,91.43727610910317,0.4494361979626086,0.5353053344586266,CatBoost_all_features,7,T693,0.9935422203472173
61.19002888259326,78.44802060874821,0.4022131019624885,0.4790102656782766,CatBoost_all_features,14,T693,0.9935422203472173
119.06400347356637,139.3469720783321,0.7632124107578482,0.639261052311811,CatBoost_all_features,7,T723,0.9896556489333471
215.0282067172067,251.83279468744868,1.370754094793086,1.1544980320881009,CatBoost_all_features,14,T723,0.9896556489333471
220.8117637285868,256.9228566571926,2.0609648521895614,0.6173913330861495,CatBoost_all_features,7,T871,0.9933697571257217
305.393832350977,351.4105339183044,2.8249069854228597,0.8538834258088394,CatBoost_all_features,14,T871,0.9933697571257217
36.62103547100514,49.12652068646431,1.839799765157258,0.962866206747088,CatBoost_all_features,7,T570,0.9885309591858066
29.86374804563645,40.76938777872606,1.4836476347335223,0.7851988189334367,CatBoost_all_features,14,T570,0.9885309591858066
152.54338931940765,179.04854246519258,1.1822471446147085,0.7568550231575374,CatBoost_all_features,7,T2968,0.9894231674209679
199.53996864247696,219.3497649877842,1.542224323228855,0.9900319395128452,CatBoost_all_features,14,T2968,0.9894231674209679
96.80266568505769,112.14077934097912,0.5445805004917798,0.7668744373960188,CatBoost_all_features,7,T1707,0.8789197260834398
370.26904814753965,494.0350038906548,2.1274860130947935,2.9332856277648345,CatBoost_all_features,14,T1707,0.8789197260834398
16.460845081134234,23.467385198722116,1.2946508116065634,0.4680760213086883,CatBoost_all_features,7,T2549,0.9889205186960606
26.950314673104053,32.55021713557169,2.108667875426034,0.7663516668206494,CatBoost_all_features,14,T2549,0.9889205186960606
60.4776105587919,70.75768736464056,0.5050502808461365,0.29630429868987773,CatBoost_all_features,7,T1598,0.9920069220158335
54.12241086537493,64.05956957612136,0.45129230205386794,0.2651676024680345,CatBoost_all_features,14,T1598,0.9920069220158335
6.658295725500758,10.112303900338885,0.4096005810169269,0.1292630765978234,CatBoost_all_features,7,T3224,0.9763859535479923
9.103623205377549,12.967779408944883,0.5596870729037182,0.17673626889348457,CatBoost_all_features,14,T3224,0.9763859535479923
13.37545230385987,15.950804853200701,1.0306598580980697,0.4493242207293834,CatBoost_all_features,7,T3312,0.9890195702344717
13.497051662623253,16.18140254549655,1.0379814881517881,0.4534091320935982,CatBoost_all_features,14,T3312,0.9890195702344717
69.99687449314413,74.25769404115755,2.324614559583019,2.3044838816894324,CatBoost_all_features,7,T3006,0.9810816887185236
71.01306510180702,74.9517838797003,2.3585119554332343,2.3379395880383944,CatBoost_all_features,14,T3006,0.9810816887185236
719.1799374810582,770.1427121855098,7.172612425687877,3.1070441622453804,CatBoost_all_features,7,T2932,0.9709139950962835
992.4482001213798,1107.7416965193122,9.633174264980573,4.287634047910692,CatBoost_all_features,14,T2932,0.9709139950962835
122.7392447514802,144.65382271023947,0.7553264924126235,0.33394666908149917,CatBoost_all_features,7,T1515,0.9827781727864349
368.21318971114266,477.2286875624156,2.232121217122789,1.0018276425350687,CatBoost_all_features,14,T1515,0.9827781727864349
84.40048397612892,96.67930921156463,0.6125904524439093,0.40173471190616616,CatBoost_all_features,7,T934,0.9917286485667808
222.56032700108764,276.8706426047526,1.598989294349818,1.0593565894102226,CatBoost_all_features,14,T934,0.9917286485667808
36.42270937181286,47.08703473135968,5.813577453330354,0.8267413070891659,CatBoost_all_features,7,T2572,0.9741155104968089
56.66670779320621,64.42360387019247,9.111298034841454,1.2862499489302364,CatBoost_all_features,14,T2572,0.9741155104968089
13.449376892264906,15.018967778911518,1.042646133260869,0.4939113213003745,CatBoost_all_features,7,T657,0.9781953922059554
8.303624735780804,11.089429933166482,0.6441147245959467,0.30494009482258694,CatBoost_all_features,14,T657,0.9781953922059554
20.631893813333736,22.344778626465985,2.2308257968940475,0.3522949909122863,CatBoost_all_features,7,T1333,0.985720969344191
13.10848157933908,16.822954118480546,1.416521891099203,0.22383075643219105,CatBoost_all_features,14,T1333,0.985720969344191
90.78156126460635,99.98646533320814,1.0183207667937189,0.7939303543841918,CatBoost_all_features,7,T2677,0.9944087681597363
131.71179364792806,142.24585217989747,1.4721392162810032,1.1518857965295481,CatBoost_all_features,14,T2677,0.9944087681597363
78.0572569117529,80.54243677753378,1.4478056282858438,0.989301851147719,CatBoost_all_features,7,T3119,0.9913404971990372
98.08777361547989,102.7325425496937,1.8126666718239426,1.2431696917361412,CatBoost_all_features,14,T3119,0.9913404971990372
33.87063553599598,37.84527890609463,0.22725191156162092,0.15020153234414294,CatBoost_all_features,7,T3144,0.9895972657438667
43.120509023082505,49.03586828263307,0.28875789253845935,0.19122069687305565,CatBoost_all_features,14,T3144,0.9895972657438667
104.83855715087417,113.64284084632828,0.7494716006806887,0.586025543690031,CatBoost_all_features,7,T2722,0.9932942714897294
248.57000564473466,298.9572088501534,1.7993982612956123,1.389454191871002,CatBoost_all_features,14,T2722,0.9932942714897294
46.870240549745304,62.533417550988055,0.4335022813357912,0.16864224673190603,CatBoost_all_features,7,T3220,0.9833305130052408
66.60224712672321,86.46240688251137,0.616154676339643,0.23963932041106775,CatBoost_all_features,14,T3220,0.9833305130052408
149.37616399201684,152.18749844385607,1.6707781524354233,0.5152084191383649,CatBoost_all_features,7,T2803,0.992997662232929
246.1303847051278,284.15227438562454,2.726339011007842,0.8489202227245811,CatBoost_all_features,14,T2803,0.992997662232929
39.54579296491277,41.54920807160903,3.3082761800424874,0.8834018806738076,CatBoost_all_features,7,T514,0.967522934912835
44.429305016847366,47.466599581259075,3.7011973363181827,0.9924932253536308,CatBoost_all_features,14,T514,0.967522934912835
18.51336568921017,21.304881829087503,1.337618628381709,0.37161578551299806,CatBoost_all_features,7,T592,0.9656837149076389
21.070980525231125,23.449159726790928,1.5196171185916096,0.4229543731195487,CatBoost_all_features,14,T592,0.9656837149076389
88.13096130247654,104.31007516277766,2.245994092799328,0.19851972913667307,CatBoost_all_features,7,T886,0.9909266137974043
114.5823928504876,143.53940552244816,2.9376420983987908,0.25810300099235906,CatBoost_all_features,14,T886,0.9909266137974043
84.50622146290463,100.38174934891842,0.6581444732153517,0.5136976585769869,CatBoost_all_features,7,T1075,0.9896287532756126
83.54760713309861,99.39526322269961,0.6505733354288924,0.5078704197278819,CatBoost_all_features,14,T1075,0.9896287532756126
41.345866215415626,49.581304363075155,1.4486941678971998,0.2173096122736,CatBoost_all_features,7,T1214,0.9828554829563935
57.98233116644279,64.16626422932306,2.0264230548893,0.304749157723566,CatBoost_all_features,14,T1214,0.9828554829563935
596.1894102034192,617.917378412284,4.870695561999988,1.3456673943827353,CatBoost_all_features,7,T550,0.9814591251284098
616.7961667322301,701.17674226599,4.9893241931226004,1.3921791906176648,CatBoost_all_features,14,T550,0.9814591251284098
10.282616710431057,12.33473706152869,0.8109424355888696,0.3111527055023868,CatBoost_all_features,7,T1634,0.9666579180431785
30.4631059595609,38.70288578093565,2.365192760760749,0.921815730786478,CatBoost_all_features,14,T1634,0.9666579180431785
63.794577875596325,89.29051525601946,0.42417532980318334,0.32563954332938405,CatBoost_all_features,7,T2343,0.9924907362654103
79.99715728532023,130.55018903395015,0.5332599146432899,0.4083456405470742,CatBoost_all_features,14,T2343,0.9924907362654103
6.432038370882034,7.2823552436394365,0.6279765347952257,0.20579016241289955,CatBoost_all_features,7,T1402,0.9844934403597341
11.002664960688637,14.015107169476392,1.0613625461731964,0.35202529566444973,CatBoost_all_features,14,T1402,0.9844934403597341
336.094546463907,368.320196449012,4.728151337553531,1.301412838901083,CatBoost_all_features,7,T2411,0.9800227799756501
454.55021705508085,505.6367086059567,6.315107628123083,1.7600924936884783,CatBoost_all_features,14,T2411,0.9800227799756501
9.962186294589596,13.452641354598148,0.5632367035176589,0.2547691615995034,CatBoost_all_features,7,T1013,0.9878931385284161
10.099355638242303,12.465524277628596,0.5705742354908163,0.2582770781999522,CatBoost_all_features,14,T1013,0.9878931385284161
10.870155015161702,17.35936192937698,0.728141795862862,0.2313621741004658,CatBoost_all_features,7,T862,0.9872685504274568
31.2409412111036,42.21624487445634,2.039072127590472,0.6649373508900458,CatBoost_all_features,14,T862,0.9872685504274568
235.68504816614026,281.99854101680415,2.8616906005945313,0.8996598415848991,CatBoost_all_features,7,T3210,0.9840614762896622
277.972191516952,323.6523214092299,3.377292290224946,1.061078841152708,CatBoost_all_features,14,T3210,0.9840614762896622
17.50975836024174,19.61933868432376,1.4683677837103635,0.5063355926704761,CatBoost_all_features,7,T1517,0.9580746410682769
30.46917542848392,35.04378532834821,2.53076103809845,0.8810874302978742,CatBoost_all_features,14,T1517,0.9580746410682769
8.83237475786385,15.964763528872789,0.5944366323297575,0.1503917442590202,CatBoost_all_features,7,T2857,0.9570222553073046
32.9562889894849,42.158521774383956,2.1966584563352582,0.5611575506372299,CatBoost_all_features,14,T2857,0.9570222553073046
150.73275287198936,179.0396014418023,1.2197583102427334,0.561475875203407,CatBoost_all_features,7,T1465,0.974659853200543
274.04895883616246,318.00201404894335,2.200840994796232,1.0208257732929042,CatBoost_all_features,14,T1465,0.974659853200543
51.31914015842241,56.894369261201845,0.49205085882928584,0.19356694784472012,CatBoost_all_features,7,T2389,0.9861918935360825
48.52862995552381,55.218149812666795,0.4642633507379141,0.18304162452018302,CatBoost_all_features,14,T2389,0.9861918935360825
322.1962209047701,328.52456254568716,2.057800061970943,1.7327460047317838,CatBoost_all_features,7,T3335,0.9919339785710739
369.7358062544993,380.70450873695495,2.355086525830332,1.9884101659998201,CatBoost_all_features,14,T3335,0.9919339785710739
151.05889832343513,171.7321426484625,1.106108441847676,0.6767310492796118,CatBoost_all_features,7,T3055,0.9880542996164016
139.95045952998902,160.76210788532487,1.0251044700976375,0.6269661858787718,CatBoost_all_features,14,T3055,0.9880542996164016
16.338934425706935,18.043326836240567,1.2893593872935483,0.4139458003634964,CatBoost_all_features,7,T1524,0.9796490717378195
30.244161981710672,35.24761062787863,2.363261157314377,0.7662338015228785,CatBoost_all_features,14,T1524,0.9796490717378195
127.96174374497319,133.4824562445496,0.8501845475097729,0.6481392415686459,CatBoost_all_features,7,T2945,0.991341696008157
235.69475480466295,285.0963166838258,1.5524173335736602,1.1938178954895908,CatBoost_all_features,14,T2945,0.991341696008157
13.190409663484209,14.28886433996822,1.35460935373844,0.36795637457507313,CatBoost_all_features,7,T756,0.9838351731020025
10.170616244115577,11.83953886566077,1.0435043163088724,0.28371697133404916,CatBoost_all_features,14,T756,0.9838351731020025
23.59118840460545,24.254137768253766,1.3549711378211409,0.485334388655266,CatBoost_all_features,7,T1185,0.9905527575654054
39.97862437339193,44.54025890140195,2.272682873404023,0.8224681557691623,CatBoost_all_features,14,T1185,0.9905527575654054
118.53325333011448,131.20979910999412,1.2993026176012623,0.6992915633808121,CatBoost_all_features,7,T3047,0.9947165591557863
227.64084074679016,256.2877216780533,2.4759029403464328,1.3429760421053283,CatBoost_all_features,14,T3047,0.9947165591557863
244.58596279596583,319.03034116190855,1.7934243215862105,1.1054366671796194,CatBoost_all_features,7,T2600,0.9835247287046535
142.25051002459728,229.01270323072967,1.040881813492624,0.642918865451691,CatBoost_all_features,14,T2600,0.9835247287046535
887.2124532731852,936.0872975108548,4.318795593839787,3.4372861686687766,CatBoost_all_features,7,T3428,0.9906734232872607
1306.8128424864394,1398.3476858566112,6.27684973557913,5.062924547491953,CatBoost_all_features,14,T3428,0.9906734232872607
178.8999500961168,311.7101099999068,1.1538123115856225,0.8450179020670495,CatBoost_all_features,7,T2870,0.9876559670165995
492.79781168994293,616.7257936270662,3.1516029204702347,2.3276863562775656,CatBoost_all_features,14,T2870,0.9876559670165995
17.108838791349985,20.066217032990185,1.1710616974634926,0.3073185842607462,CatBoost_all_features,7,T2585,0.9776145302707181
39.35812727944712,64.83029466532395,2.5865487399603597,0.7069728169271937,CatBoost_all_features,14,T2585,0.9776145302707181
262.02595131111906,310.48258804739936,1.6703802265216343,1.6603647710175073,CatBoost_all_features,7,T526,0.9858622222921394
445.3997583151231,506.52628188129916,2.819454813653224,2.8223390241528366,CatBoost_all_features,14,T526,0.9858622222921394
70.97654233339836,82.74485816321967,1.6442609882335941,0.21320905158573714,CatBoost_all_features,7,T824,0.9707549564130614
89.34377464102292,101.38469546216605,2.0649359929514435,0.2683830576984697,CatBoost_all_features,14,T824,0.9707549564130614
13.934890745696618,15.24153124878474,1.171412058515451,0.8869575029618646,CatBoost_all_features,7,T256,0.7210170867356794
22.128596287520477,26.112591329391154,1.846476386387379,1.4084878644126873,CatBoost_all_features,14,T256,0.7210170867356794
95.79419001250218,106.72858631993574,0.9851358634005563,0.8306278608018347,CatBoost_all_features,7,T2792,0.9954889068020571
62.51459065055354,80.13266682863683,0.6432247617279319,0.5420616917810434,CatBoost_all_features,14,T2792,0.9954889068020571
64.12169894820234,78.22008694524443,0.46781305691609076,0.3008890888138027,CatBoost_all_features,7,T160,0.9904826876104095
3472.5188190706904,6398.61854584501,44.205213712965524,16.29468714175819,CatBoost_all_features,14,T160,0.9904826876104095
143.60523132686572,161.15039903109295,1.552003477040125,0.726775657661712,CatBoost_all_features,7,T463,0.9884453007906575
210.35295909539192,229.17356860752702,2.2775292390042283,1.0645810655718078,CatBoost_all_features,14,T463,0.9884453007906575
83.8559424362411,107.52974175110802,0.621837271277007,0.35471425174339627,CatBoost_all_features,7,T2334,0.9922422882343257
237.0878670421293,302.4800256635045,1.7417856129244156,1.0028918990354203,CatBoost_all_features,14,T2334,0.9922422882343257
102.59993703244047,122.46420809950554,0.5826336056610643,0.3732793608809247,CatBoost_all_features,7,T3147,0.981935387051658
107.69964517757737,132.77550502561752,0.6121341663929564,0.3918331324733386,CatBoost_all_features,14,T3147,0.981935387051658
45.67373179409895,49.11759489147754,3.2973306647458496,1.2216528710206935,CatBoost_all_features,7,T1541,0.9909768689799645
55.46711211696053,58.43207823439877,3.983485715873232,1.4836001811804291,CatBoost_all_features,14,T1541,0.9909768689799645
61.474066122098,78.79941087378639,0.5585507801938124,0.26723512299608737,CatBoost_all_features,7,T1096,0.9855292737565634
75.4408663076678,93.69688631619056,0.6830129335347739,0.32795047502826463,CatBoost_all_features,14,T1096,0.9855292737565634
7.634621063867241,14.143180427786398,0.6460491611574211,0.18341967758881986,CatBoost_all_features,7,T852,0.978501444665267
22.932212146011775,31.222178126135965,1.8888386444968295,0.5509401086226643,CatBoost_all_features,14,T852,0.978501444665267
22.15969010733274,25.61820529122126,0.7729440395964305,0.24123406103979603,CatBoost_all_features,7,T2676,0.9915102604450652
19.63494654724192,23.212371856972045,0.6846664353340218,0.21374928399035337,CatBoost_all_features,14,T2676,0.9915102604450652
16.560651269833574,18.934222393358144,1.2746063577262703,0.5268545865174994,CatBoost_all_features,7,T3080,0.9820724245012051
33.83392644579097,39.00582983171835,2.5784970618916985,1.076380332960168,CatBoost_all_features,14,T3080,0.9820724245012051
181.89539881385332,237.00172240305506,2.098883038815029,0.9164386469797002,CatBoost_all_features,7,T1122,0.9928648332397148
625.2895193453403,824.7614246132471,7.542940112310344,3.150379200442906,CatBoost_all_features,14,T1122,0.9928648332397148
224.13108145483315,331.08945971556614,2.370958541608553,0.658792234682358,CatBoost_all_features,7,T3457,0.9844462133649299
200.807273171566,271.3168802171063,2.11105336736228,0.5902361750742983,CatBoost_all_features,14,T3457,0.9844462133649299
180.1766262038509,247.9529384535976,2.062194378531792,0.9184586308119723,CatBoost_all_features,7,T1282,0.9932291110652949
360.436511319012,444.2828956956405,4.068613365709447,1.8373416777499207,CatBoost_all_features,14,T1282,0.9932291110652949
30.757753499264577,32.38725578783327,1.7470211569707912,0.685706658955458,CatBoost_all_features,7,T1177,0.976576459267932
52.00623061615818,57.514081981677116,2.9214899237809253,1.1594155809046827,CatBoost_all_features,14,T1177,0.976576459267932
37.97030076989956,63.47062355627902,0.4767771500310544,0.13034043943838436,CatBoost_all_features,7,T2884,0.9646829732926611
101.44722789023048,137.15180044907316,1.263598828180668,0.3482373327287589,CatBoost_all_features,14,T2884,0.9646829732926611
171.14895342416898,202.54521110619487,1.6318827931673825,0.5960091568004922,CatBoost_all_features,7,T2450,0.9867018068660204
420.22484401277717,500.74365004147137,3.924507760574436,1.4633910984307834,CatBoost_all_features,14,T2450,0.9867018068660204
